date,ticker,close,adjusted_close
2016-09-01,SPY,217.38999938964844,184.71693420410156
2016-09-02,SPY,218.3699951171875,185.54969787597656
2016-09-06,SPY,219.02999877929688,186.1105194091797
2016-09-07,SPY,219.00999450683594,186.09349060058594
2016-09-08,SPY,218.50999450683594,185.66860961914062
2016-09-09,SPY,213.27999877929688,181.2246551513672
2016-09-12,SPY,216.33999633789062,183.8247528076172
2016-09-13,SPY,213.22999572753906,181.18223571777344
2016-09-14,SPY,213.14999389648438,181.11427307128906
2016-09-15,SPY,215.27999877929688,182.9241180419922
2016-09-16,SPY,213.3699951171875,182.217041015625
2016-09-19,SPY,213.41000366210938,182.25119018554688
2016-09-20,SPY,213.4199981689453,182.2597198486328
2016-09-21,SPY,215.82000732421875,184.30929565429688
2016-09-22,SPY,217.17999267578125,185.47067260742188
2016-09-23,SPY,215.99000549316406,184.4544219970703
2016-09-26,SPY,214.24000549316406,182.95999145507812
2016-09-27,SPY,215.57000732421875,184.0957489013672
2016-09-28,SPY,216.63999938964844,185.0095977783203
2016-09-29,SPY,214.67999267578125,183.33572387695312
2016-09-30,SPY,216.3000030517578,184.7191925048828
2016-10-03,SPY,215.77999877929688,184.27511596679688
2016-10-04,SPY,214.67999267578125,183.33572387695312
2016-10-05,SPY,215.6300048828125,184.14707946777344
2016-10-06,SPY,215.77999877929688,184.27511596679688
2016-10-07,SPY,215.0399932861328,183.6431427001953
2016-10-10,SPY,216.16000366210938,184.59971618652344
2016-10-11,SPY,213.42999267578125,182.2681884765625
2016-10-12,SPY,213.7100067138672,182.50738525390625
2016-10-13,SPY,213.00999450683594,181.90956115722656
2016-10-14,SPY,213.1199951171875,182.0034942626953
2016-10-17,SPY,212.3800048828125,181.37156677246094
2016-10-18,SPY,213.7100067138672,182.50738525390625
2016-10-19,SPY,214.27999877929688,182.99412536621094
2016-10-20,SPY,213.8800048828125,182.65249633789062
2016-10-21,SPY,213.97999572753906,182.73794555664062
2016-10-24,SPY,214.88999938964844,183.51502990722656
2016-10-25,SPY,214.1699981689453,182.9001922607422
2016-10-26,SPY,213.74000549316406,182.53297424316406
2016-10-27,SPY,213.1699981689453,182.0462188720703
2016-10-28,SPY,212.5399932861328,181.50819396972656
2016-10-31,SPY,212.5500030517578,181.51670837402344
2016-11-01,SPY,211.00999450683594,180.20155334472656
2016-11-02,SPY,209.74000549316406,179.11703491210938
2016-11-03,SPY,208.77999877929688,178.2971649169922
2016-11-04,SPY,208.5500030517578,178.10076904296875
2016-11-07,SPY,213.14999389648438,182.02914428710938
2016-11-08,SPY,214.11000061035156,182.8489227294922
2016-11-09,SPY,216.3800048828125,184.78750610351562
2016-11-10,SPY,216.9199981689453,185.24871826171875
2016-11-11,SPY,216.4199981689453,184.8217010498047
2016-11-14,SPY,216.58999633789062,184.96685791015625
2016-11-15,SPY,218.27999877929688,186.41017150878906
2016-11-16,SPY,217.8699951171875,186.05999755859375
2016-11-17,SPY,218.99000549316406,187.01646423339844
2016-11-18,SPY,218.5,186.59799194335938
2016-11-21,SPY,220.14999389648438,188.007080078125
2016-11-22,SPY,220.5800018310547,188.37432861328125
2016-11-23,SPY,220.6999969482422,188.47677612304688
2016-11-25,SPY,221.52000427246094,189.17706298828125
2016-11-28,SPY,220.47999572753906,188.28890991210938
2016-11-29,SPY,220.91000366210938,188.65609741210938
2016-11-30,SPY,220.3800048828125,188.2035369873047
2016-12-01,SPY,219.57000732421875,187.51182556152344
2016-12-02,SPY,219.67999267578125,187.60572814941406
2016-12-05,SPY,221,188.73294067382812
2016-12-06,SPY,221.6999969482422,189.33078002929688
2016-12-07,SPY,224.60000610351562,191.80738830566406
2016-12-08,SPY,225.14999389648438,192.27706909179688
2016-12-09,SPY,226.50999450683594,193.43850708007812
2016-12-12,SPY,226.25,193.2164764404297
2016-12-13,SPY,227.75999450683594,194.5059814453125
2016-12-14,SPY,225.8800048828125,192.9005126953125
2016-12-15,SPY,226.80999755859375,193.69464111328125
2016-12-16,SPY,225.0399932861328,193.31582641601562
2016-12-19,SPY,225.52999877929688,193.73678588867188
2016-12-20,SPY,226.39999389648438,194.48416137695312
2016-12-21,SPY,225.77000427246094,193.94293212890625
2016-12-22,SPY,225.3800048828125,193.60794067382812
2016-12-23,SPY,225.7100067138672,193.89144897460938
2016-12-27,SPY,226.27000427246094,194.3725128173828
2016-12-28,SPY,224.39999389648438,192.76611328125
2016-12-29,SPY,224.35000610351562,192.72315979003906
2016-12-30,SPY,223.52999877929688,192.0187530517578
2017-01-03,SPY,225.24000549316406,193.48768615722656
2017-01-04,SPY,226.5800018310547,194.63876342773438
2017-01-05,SPY,226.39999389648438,194.48416137695312
2017-01-06,SPY,227.2100067138672,195.17991638183594
2017-01-09,SPY,226.4600067138672,194.53573608398438
2017-01-10,SPY,226.4600067138672,194.53573608398438
2017-01-11,SPY,227.10000610351562,195.08544921875
2017-01-12,SPY,226.52999877929688,194.59584045410156
2017-01-13,SPY,227.0500030517578,195.0425567626953
2017-01-17,SPY,226.25,194.3553466796875
2017-01-18,SPY,226.75,194.7848358154297
2017-01-19,SPY,225.91000366210938,194.06324768066406
2017-01-20,SPY,226.74000549316406,194.7761993408203
2017-01-23,SPY,226.14999389648438,194.26937866210938
2017-01-24,SPY,227.60000610351562,195.51498413085938
2017-01-25,SPY,229.57000732421875,197.207275390625
2017-01-26,SPY,229.3300018310547,197.00108337402344
2017-01-27,SPY,228.97000122070312,196.69189453125
2017-01-30,SPY,227.5500030517578,195.47201538085938
2017-01-31,SPY,227.52999877929688,195.45486450195312
2017-02-01,SPY,227.6199951171875,195.53216552734375
2017-02-02,SPY,227.77000427246094,195.66104125976562
2017-02-03,SPY,229.33999633789062,197.00967407226562
2017-02-06,SPY,228.92999267578125,196.65744018554688
2017-02-07,SPY,228.94000244140625,196.66607666015625
2017-02-08,SPY,229.24000549316406,196.92381286621094
2017-02-09,SPY,230.60000610351562,198.09207153320312
2017-02-10,SPY,231.50999450683594,198.8738250732422
2017-02-13,SPY,232.77000427246094,199.95616149902344
2017-02-14,SPY,233.6999969482422,200.75509643554688
2017-02-15,SPY,234.9199981689453,201.80307006835938
2017-02-16,SPY,234.72000122070312,201.63125610351562
2017-02-17,SPY,235.08999633789062,201.94911193847656
2017-02-21,SPY,236.49000549316406,203.15174865722656
2017-02-22,SPY,236.27999877929688,202.97129821777344
2017-02-23,SPY,236.44000244140625,203.1088104248047
2017-02-24,SPY,236.74000549316406,203.3665008544922
2017-02-27,SPY,237.11000061035156,203.6843719482422
2017-02-28,SPY,236.47000122070312,203.13455200195312
2017-03-01,SPY,239.77999877929688,205.97796630859375
2017-03-02,SPY,238.27000427246094,204.68081665039062
2017-03-03,SPY,238.4199981689453,204.8096923828125
2017-03-06,SPY,237.7100067138672,204.19981384277344
2017-03-07,SPY,237,203.58984375
2017-03-08,SPY,236.55999755859375,203.2118682861328
2017-03-09,SPY,236.86000061035156,203.4696044921875
2017-03-10,SPY,237.69000244140625,204.18255615234375
2017-03-13,SPY,237.80999755859375,204.2856903076172
2017-03-14,SPY,236.89999389648438,203.50393676757812
2017-03-15,SPY,238.9499969482422,205.26499938964844
2017-03-16,SPY,238.47999572753906,204.8612823486328
2017-03-17,SPY,237.02999877929688,204.5014190673828
2017-03-20,SPY,236.77000427246094,204.27708435058594
2017-03-21,SPY,233.72999572753906,201.6542510986328
2017-03-22,SPY,234.27999877929688,202.12884521484375
2017-03-23,SPY,234.02999877929688,201.91314697265625
2017-03-24,SPY,233.86000061035156,201.76644897460938
2017-03-27,SPY,233.6199951171875,201.5594024658203
2017-03-28,SPY,235.32000732421875,203.02613830566406
2017-03-29,SPY,235.5399932861328,203.2158966064453
2017-03-30,SPY,236.2899932861328,203.8629608154297
2017-03-31,SPY,235.74000549316406,203.3885040283203
2017-04-03,SPY,235.3300018310547,203.03472900390625
2017-04-04,SPY,235.47999572753906,203.16415405273438
2017-04-05,SPY,234.77999877929688,202.56019592285156
2017-04-06,SPY,235.44000244140625,203.1295928955078
2017-04-07,SPY,235.1999969482422,202.9225616455078
2017-04-10,SPY,235.33999633789062,203.04339599609375
2017-04-11,SPY,235.05999755859375,202.80178833007812
2017-04-12,SPY,234.02999877929688,201.91314697265625
2017-04-13,SPY,232.50999450683594,200.60171508789062
2017-04-17,SPY,234.57000732421875,202.3790283203125
2017-04-18,SPY,233.8699951171875,201.77508544921875
2017-04-19,SPY,233.44000244140625,201.4040985107422
2017-04-20,SPY,235.33999633789062,203.04339599609375
2017-04-21,SPY,234.58999633789062,202.3963623046875
2017-04-24,SPY,237.1699981689453,204.62217712402344
2017-04-25,SPY,238.5500030517578,205.8128662109375
2017-04-26,SPY,238.39999389648438,205.68344116210938
2017-04-27,SPY,238.60000610351562,205.85597229003906
2017-04-28,SPY,238.0800018310547,205.40733337402344
2017-05-01,SPY,238.67999267578125,205.92498779296875
2017-05-02,SPY,238.77000427246094,206.00265502929688
2017-05-03,SPY,238.47999572753906,205.7525177001953
2017-05-04,SPY,238.75999450683594,205.99400329589844
2017-05-05,SPY,239.6999969482422,206.8050079345703
2017-05-08,SPY,239.66000366210938,206.77056884765625
2017-05-09,SPY,239.44000244140625,206.5807342529297
2017-05-10,SPY,239.8699951171875,206.9517059326172
2017-05-11,SPY,239.3800048828125,206.52891540527344
2017-05-12,SPY,238.97999572753906,206.18385314941406
2017-05-15,SPY,240.3000030517578,207.32272338867188
2017-05-16,SPY,240.0800018310547,207.13287353515625
2017-05-17,SPY,235.82000732421875,203.45750427246094
2017-05-18,SPY,236.77000427246094,204.27708435058594
2017-05-19,SPY,238.30999755859375,205.60577392578125
2017-05-22,SPY,239.52000427246094,206.64974975585938
2017-05-23,SPY,240.0500030517578,207.10699462890625
2017-05-24,SPY,240.61000061035156,207.5901641845703
2017-05-25,SPY,241.75999450683594,208.5823211669922
2017-05-26,SPY,241.7100067138672,208.53919982910156
2017-05-30,SPY,241.5,208.3579864501953
2017-05-31,SPY,241.44000244140625,208.30621337890625
2017-06-01,SPY,243.36000061035156,209.96273803710938
2017-06-02,SPY,244.1699981689453,210.66162109375
2017-06-05,SPY,243.99000549316406,210.50633239746094
2017-06-06,SPY,243.2100067138672,209.83334350585938
2017-06-07,SPY,243.66000366210938,210.2216339111328
2017-06-08,SPY,243.77999877929688,210.32513427734375
2017-06-09,SPY,243.41000366210938,210.0059051513672
2017-06-12,SPY,243.36000061035156,209.96273803710938
2017-06-13,SPY,244.5500030517578,210.9894256591797
2017-06-14,SPY,244.24000549316406,210.72201538085938
2017-06-15,SPY,243.77000427246094,210.31646728515625
2017-06-16,SPY,242.63999938964844,210.36241149902344
2017-06-19,SPY,244.66000366210938,212.1137237548828
2017-06-20,SPY,243.00999450683594,210.68321228027344
2017-06-21,SPY,242.9499969482422,210.6312255859375
2017-06-22,SPY,242.83999633789062,210.53579711914062
2017-06-23,SPY,243.1300048828125,210.78726196289062
2017-06-26,SPY,243.2899932861328,210.92593383789062
2017-06-27,SPY,241.3300018310547,209.2266845703125
2017-06-28,SPY,243.49000549316406,211.099365234375
2017-06-29,SPY,241.35000610351562,209.24403381347656
2017-06-30,SPY,241.8000030517578,209.63418579101562
2017-07-03,SPY,242.2100067138672,209.9896697998047
2017-07-05,SPY,242.77000427246094,210.47520446777344
2017-07-06,SPY,240.5500030517578,208.5504913330078
2017-07-07,SPY,242.11000061035156,209.9029083251953
2017-07-10,SPY,242.3699951171875,210.12838745117188
2017-07-11,SPY,242.19000244140625,209.97225952148438
2017-07-12,SPY,244.00999450683594,211.5501708984375
2017-07-13,SPY,244.4199981689453,211.90567016601562
2017-07-14,SPY,245.55999755859375,212.89401245117188
2017-07-17,SPY,245.52999877929688,212.8679962158203
2017-07-18,SPY,245.66000366210938,212.980712890625
2017-07-19,SPY,246.99000549316406,214.13380432128906
2017-07-20,SPY,247.10000610351562,214.22914123535156
2017-07-21,SPY,246.8800048828125,214.03842163085938
2017-07-24,SPY,246.82000732421875,213.9863739013672
2017-07-25,SPY,247.4199981689453,214.506591796875
2017-07-26,SPY,247.42999267578125,214.5152130126953
2017-07-27,SPY,247.1999969482422,214.31582641601562
2017-07-28,SPY,246.91000366210938,214.06442260742188
2017-07-31,SPY,246.77000427246094,213.94305419921875
2017-08-01,SPY,247.32000732421875,214.4198760986328
2017-08-02,SPY,247.44000244140625,214.5238800048828
2017-08-03,SPY,246.9600067138672,214.1077423095703
2017-08-04,SPY,247.41000366210938,214.49789428710938
2017-08-07,SPY,247.8699951171875,214.8966827392578
2017-08-08,SPY,247.25999450683594,214.3678741455078
2017-08-09,SPY,247.25,214.35919189453125
2017-08-10,SPY,243.75999450683594,211.3334503173828
2017-08-11,SPY,244.1199951171875,211.64553833007812
2017-08-14,SPY,246.5399932861328,213.7436065673828
2017-08-15,SPY,246.50999450683594,213.71763610839844
2017-08-16,SPY,246.94000244140625,214.09043884277344
2017-08-17,SPY,243.08999633789062,210.7525634765625
2017-08-18,SPY,242.7100067138672,210.42308044433594
2017-08-21,SPY,242.89999389648438,210.58786010742188
2017-08-22,SPY,245.44000244140625,212.78997802734375
2017-08-23,SPY,244.55999755859375,212.0270233154297
2017-08-24,SPY,243.99000549316406,211.53286743164062
2017-08-25,SPY,244.55999755859375,212.0270233154297
2017-08-28,SPY,244.57000732421875,212.03573608398438
2017-08-29,SPY,244.85000610351562,212.2784881591797
2017-08-30,SPY,246.00999450683594,213.28411865234375
2017-08-31,SPY,247.49000549316406,214.56727600097656
2017-09-01,SPY,247.83999633789062,214.8706512451172
2017-09-05,SPY,246.05999755859375,213.3274688720703
2017-09-06,SPY,246.89999389648438,214.05575561523438
2017-09-07,SPY,246.8699951171875,214.0297393798828
2017-09-08,SPY,246.5800018310547,213.7783203125
2017-09-11,SPY,249.2100067138672,216.0584716796875
2017-09-12,SPY,250.0500030517578,216.78677368164062
2017-09-13,SPY,250.1699981689453,216.8907470703125
2017-09-14,SPY,250.08999633789062,216.82139587402344
2017-09-15,SPY,249.19000244140625,217.11326599121094
2017-09-18,SPY,249.72000122070312,217.57504272460938
2017-09-19,SPY,249.97000122070312,217.7928466796875
2017-09-20,SPY,250.05999755859375,217.8712615966797
2017-09-21,SPY,249.38999938964844,217.28758239746094
2017-09-22,SPY,249.44000244140625,217.33103942871094
2017-09-25,SPY,248.92999267578125,216.88674926757812
2017-09-26,SPY,249.0800018310547,217.0174560546875
2017-09-27,SPY,250.0500030517578,217.8625946044922
2017-09-28,SPY,250.35000610351562,218.12393188476562
2017-09-29,SPY,251.22999572753906,218.8906707763672
2017-10-02,SPY,252.32000732421875,219.8403778076172
2017-10-03,SPY,252.86000061035156,220.31085205078125
2017-10-04,SPY,253.16000366210938,220.57223510742188
2017-10-05,SPY,254.66000366210938,221.8791961669922
2017-10-06,SPY,254.3699951171875,221.62646484375
2017-10-09,SPY,253.9499969482422,221.26052856445312
2017-10-10,SPY,254.6199951171875,221.84429931640625
2017-10-11,SPY,255.02000427246094,222.1927947998047
2017-10-12,SPY,254.63999938964844,221.86172485351562
2017-10-13,SPY,254.9499969482422,222.1318359375
2017-10-16,SPY,255.2899932861328,222.42808532714844
2017-10-17,SPY,255.47000122070312,222.5849151611328
2017-10-18,SPY,255.72000122070312,222.8026885986328
2017-10-19,SPY,255.7899932861328,222.8637237548828
2017-10-20,SPY,257.1099853515625,224.01373291015625
2017-10-23,SPY,256.1099853515625,223.14244079589844
2017-10-24,SPY,256.55999755859375,223.53460693359375
2017-10-25,SPY,255.2899932861328,222.42808532714844
2017-10-26,SPY,255.6199951171875,222.715576171875
2017-10-27,SPY,257.7099914550781,224.53656005859375
2017-10-30,SPY,256.75,223.7001190185547
2017-10-31,SPY,257.1499938964844,224.04864501953125
2017-11-01,SPY,257.489990234375,224.34487915039062
2017-11-02,SPY,257.5899963378906,224.43202209472656
2017-11-03,SPY,258.45001220703125,225.1812744140625
2017-11-06,SPY,258.8500061035156,225.52981567382812
2017-11-07,SPY,258.6700134277344,225.3730010986328
2017-11-08,SPY,259.1099853515625,225.75631713867188
2017-11-09,SPY,258.1700134277344,224.93734741210938
2017-11-10,SPY,258.0899963378906,224.86764526367188
2017-11-13,SPY,258.3299865722656,225.07669067382812
2017-11-14,SPY,257.7300109863281,224.5540313720703
2017-11-15,SPY,256.44000244140625,223.43002319335938
2017-11-16,SPY,258.6199951171875,225.3294219970703
2017-11-17,SPY,257.8599853515625,224.66726684570312
2017-11-20,SPY,258.29998779296875,225.0505828857422
2017-11-21,SPY,259.989990234375,226.52305603027344
2017-11-22,SPY,259.760009765625,226.3226318359375
2017-11-24,SPY,260.3599853515625,226.84542846679688
2017-11-27,SPY,260.2300109863281,226.73216247558594
2017-11-28,SPY,262.8699951171875,229.03233337402344
2017-11-29,SPY,262.7099914550781,228.89292907714844
2017-11-30,SPY,265.010009765625,230.8968505859375
2017-12-01,SPY,264.4599914550781,230.41757202148438
2017-12-04,SPY,264.1400146484375,230.13880920410156
2017-12-05,SPY,263.19000244140625,229.31124877929688
2017-12-06,SPY,263.239990234375,229.35472106933594
2017-12-07,SPY,264.07000732421875,230.07785034179688
2017-12-08,SPY,265.510009765625,231.3324737548828
2017-12-11,SPY,266.30999755859375,232.02952575683594
2017-12-12,SPY,266.7799987792969,232.43902587890625
2017-12-13,SPY,266.75,232.4129180908203
2017-12-14,SPY,265.6600036621094,231.4631805419922
2017-12-15,SPY,266.510009765625,233.39068603515625
2017-12-18,SPY,268.20001220703125,234.87063598632812
2017-12-19,SPY,267.1700134277344,233.96873474121094
2017-12-20,SPY,267.0299987792969,233.84603881835938
2017-12-21,SPY,267.5799865722656,234.32769775390625
2017-12-22,SPY,267.510009765625,234.26638793945312
2017-12-26,SPY,267.19000244140625,233.98619079589844
2017-12-27,SPY,267.32000732421875,234.1000213623047
2017-12-28,SPY,267.8699951171875,234.5816192626953
2017-12-29,SPY,266.8599853515625,233.6971435546875
2018-01-02,SPY,268.7699890136719,235.36990356445312
2018-01-03,SPY,270.4700012207031,236.8585968017578
2018-01-04,SPY,271.6099853515625,237.85690307617188
2018-01-05,SPY,273.4200134277344,239.44195556640625
2018-01-08,SPY,273.9200134277344,239.87985229492188
2018-01-09,SPY,274.5400085449219,240.42279052734375
2018-01-10,SPY,274.1199951171875,240.0549774169922
2018-01-11,SPY,276.1199951171875,241.80645751953125
2018-01-12,SPY,277.9200134277344,243.38275146484375
2018-01-16,SPY,276.9700012207031,242.55079650878906
2018-01-17,SPY,279.6099853515625,244.86270141601562
2018-01-18,SPY,279.1400146484375,244.45111083984375
2018-01-19,SPY,280.4100036621094,245.56333923339844
2018-01-22,SPY,282.69000244140625,247.55992126464844
2018-01-23,SPY,283.2900085449219,248.08547973632812
2018-01-24,SPY,283.17999267578125,247.9890899658203
2018-01-25,SPY,283.29998779296875,248.09417724609375
2018-01-26,SPY,286.5799865722656,250.96661376953125
2018-01-29,SPY,284.67999267578125,249.3026123046875
2018-01-30,SPY,281.760009765625,246.74559020996094
2018-01-31,SPY,281.8999938964844,246.86814880371094
2018-02-01,SPY,281.5799865722656,246.58795166015625
2018-02-02,SPY,275.45001220703125,241.21969604492188
2018-02-05,SPY,263.92999267578125,231.1313018798828
2018-02-06,SPY,269.1300048828125,235.68504333496094
2018-02-07,SPY,267.6700134277344,234.40655517578125
2018-02-08,SPY,257.6300048828125,225.61419677734375
2018-02-09,SPY,261.5,229.0032501220703
2018-02-12,SPY,265.3399963378906,232.3660430908203
2018-02-13,SPY,266,232.94406127929688
2018-02-14,SPY,269.5899963378906,236.087890625
2018-02-15,SPY,273.0299987792969,239.10043334960938
2018-02-16,SPY,273.1099853515625,239.17054748535156
2018-02-20,SPY,271.3999938964844,237.67298889160156
2018-02-21,SPY,270.04998779296875,236.49075317382812
2018-02-22,SPY,270.3999938964844,236.7973175048828
2018-02-23,SPY,274.7099914550781,240.5716552734375
2018-02-26,SPY,277.8999938964844,243.36526489257812
2018-02-27,SPY,274.42999267578125,240.3265380859375
2018-02-28,SPY,271.6499938964844,237.89193725585938
2018-03-01,SPY,267.70001220703125,234.4328155517578
2018-03-02,SPY,269.0799865722656,235.6412811279297
2018-03-05,SPY,272.19000244140625,238.3649139404297
2018-03-06,SPY,272.8800048828125,238.96910095214844
2018-03-07,SPY,272.7799987792969,238.88157653808594
2018-03-08,SPY,274.1000061035156,240.0374298095703
2018-03-09,SPY,278.8699951171875,244.2147674560547
2018-03-12,SPY,278.5199890136719,243.9081573486328
2018-03-13,SPY,276.7200012207031,242.33189392089844
2018-03-14,SPY,275.29998779296875,241.08831787109375
2018-03-15,SPY,275,240.8255615234375
2018-03-16,SPY,274.20001220703125,241.08676147460938
2018-03-19,SPY,270.489990234375,237.8247833251953
2018-03-20,SPY,270.95001220703125,238.2292938232422
2018-03-21,SPY,270.42999267578125,237.77200317382812
2018-03-22,SPY,263.6700134277344,231.82838439941406
2018-03-23,SPY,258.04998779296875,226.8870391845703
2018-03-26,SPY,265.1099853515625,233.09449768066406
2018-03-27,SPY,260.6000061035156,229.129150390625
2018-03-28,SPY,259.8299865722656,228.4521026611328
2018-03-29,SPY,263.1499938964844,231.3711700439453
2018-04-02,SPY,257.4700012207031,226.3771514892578
2018-04-03,SPY,260.7699890136719,229.27857971191406
2018-04-04,SPY,263.55999755859375,231.73170471191406
2018-04-05,SPY,265.6400146484375,233.56045532226562
2018-04-06,SPY,259.7200012207031,228.3554229736328
2018-04-09,SPY,261,229.4808349609375
2018-04-10,SPY,265.1499938964844,233.12965393066406
2018-04-11,SPY,263.760009765625,231.90760803222656
2018-04-12,SPY,265.92999267578125,233.81546020507812
2018-04-13,SPY,265.1499938964844,233.12965393066406
2018-04-16,SPY,267.3299865722656,235.04635620117188
2018-04-17,SPY,270.19000244140625,237.56100463867188
2018-04-18,SPY,270.3900146484375,237.7368927001953
2018-04-19,SPY,268.8900146484375,236.41802978515625
2018-04-20,SPY,266.6099853515625,234.41339111328125
2018-04-23,SPY,266.57000732421875,234.37820434570312
2018-04-24,SPY,262.9800109863281,231.22171020507812
2018-04-25,SPY,263.6300048828125,231.7931671142578
2018-04-26,SPY,266.30999755859375,234.1495819091797
2018-04-27,SPY,266.55999755859375,234.36941528320312
2018-04-30,SPY,264.510009765625,232.56698608398438
2018-05-01,SPY,264.9800109863281,232.9801788330078
2018-05-02,SPY,263.20001220703125,231.41514587402344
2018-05-03,SPY,262.6199951171875,230.90516662597656
2018-05-04,SPY,266.0199890136719,233.89459228515625
2018-05-07,SPY,266.9200134277344,234.68594360351562
2018-05-08,SPY,266.9200134277344,234.68594360351562
2018-05-09,SPY,269.5,236.95428466796875
2018-05-10,SPY,272.0199890136719,239.17001342773438
2018-05-11,SPY,272.8500061035156,239.89979553222656
2018-05-14,SPY,272.9800109863281,240.01416015625
2018-05-15,SPY,271.1000061035156,238.36109924316406
2018-05-16,SPY,272.239990234375,239.3634490966797
2018-05-17,SPY,272.010009765625,239.16123962402344
2018-05-18,SPY,271.3299865722656,238.56332397460938
2018-05-21,SPY,273.3699951171875,240.35694885253906
2018-05-22,SPY,272.6099853515625,239.68873596191406
2018-05-23,SPY,273.3599853515625,240.3481903076172
2018-05-24,SPY,272.79998779296875,239.85581970214844
2018-05-25,SPY,272.1499938964844,239.2842559814453
2018-05-29,SPY,269.0199890136719,236.5323028564453
2018-05-30,SPY,272.6099853515625,239.68873596191406
2018-05-31,SPY,270.94000244140625,238.22048950195312
2018-06-01,SPY,273.6000061035156,240.55923461914062
2018-06-04,SPY,274.8999938964844,241.7021942138672
2018-06-05,SPY,275.1000061035156,241.87808227539062
2018-06-06,SPY,277.3999938964844,243.9003143310547
2018-06-07,SPY,277.3699951171875,243.87388610839844
2018-06-08,SPY,278.19000244140625,244.5948944091797
2018-06-11,SPY,278.55999755859375,244.9202423095703
2018-06-12,SPY,278.9200134277344,245.23670959472656
2018-06-13,SPY,278.0299987792969,244.45420837402344
2018-06-14,SPY,278.7300109863281,245.06971740722656
2018-06-15,SPY,277.1300048828125,244.75701904296875
2018-06-18,SPY,276.55999755859375,244.25357055664062
2018-06-19,SPY,275.5,243.31744384765625
2018-06-20,SPY,275.9700012207031,243.73252868652344
2018-06-21,SPY,274.239990234375,242.20468139648438
2018-06-22,SPY,274.739990234375,242.64625549316406
2018-06-25,SPY,271,239.34315490722656
2018-06-26,SPY,271.6000061035156,239.87298583984375
2018-06-27,SPY,269.3500061035156,237.88583374023438
2018-06-28,SPY,270.8900146484375,239.2459716796875
2018-06-29,SPY,271.2799987792969,239.59043884277344
2018-07-02,SPY,271.8599853515625,240.1026611328125
2018-07-03,SPY,270.8999938964844,239.25482177734375
2018-07-05,SPY,273.1099853515625,241.2066650390625
2018-07-06,SPY,275.4200134277344,243.24676513671875
2018-07-09,SPY,277.8999938964844,245.4370574951172
2018-07-10,SPY,278.8999938964844,246.32028198242188
2018-07-11,SPY,276.8599853515625,244.51861572265625
2018-07-12,SPY,279.3699951171875,246.73536682128906
2018-07-13,SPY,279.5899963378906,246.92974853515625
2018-07-16,SPY,279.3399963378906,246.70889282226562
2018-07-17,SPY,280.4700012207031,247.70692443847656
2018-07-18,SPY,281.05999755859375,248.22802734375
2018-07-19,SPY,280,247.29176330566406
2018-07-20,SPY,279.67999267578125,247.00914001464844
2018-07-23,SPY,280.20001220703125,247.46849060058594
2018-07-24,SPY,281.6099853515625,248.7136993408203
2018-07-25,SPY,284.010009765625,250.8333740234375
2018-07-26,SPY,283.3399963378906,250.24168395996094
2018-07-27,SPY,281.4200134277344,248.5458984375
2018-07-30,SPY,279.95001220703125,247.2476806640625
2018-07-31,SPY,281.3299865722656,248.46641540527344
2018-08-01,SPY,280.8599853515625,248.05128479003906
2018-08-02,SPY,282.3900146484375,249.40255737304688
2018-08-03,SPY,283.6000061035156,250.47129821777344
2018-08-06,SPY,284.6400146484375,251.38978576660156
2018-08-07,SPY,285.5799865722656,252.21994018554688
2018-08-08,SPY,285.4599914550781,252.1138916015625
2018-08-09,SPY,285.07000732421875,251.7694854736328
2018-08-10,SPY,283.1600036621094,250.08265686035156
2018-08-13,SPY,282.1000061035156,249.14649963378906
2018-08-14,SPY,283.8999938964844,250.73622131347656
2018-08-15,SPY,281.7799987792969,248.8638458251953
2018-08-16,SPY,284.05999755859375,250.87753295898438
2018-08-17,SPY,285.05999755859375,251.7606964111328
2018-08-20,SPY,285.6700134277344,252.29949951171875
2018-08-21,SPY,286.3399963378906,252.8912353515625
2018-08-22,SPY,286.1700134277344,252.74107360839844
2018-08-23,SPY,285.7900085449219,252.40542602539062
2018-08-24,SPY,287.510009765625,253.92446899414062
2018-08-27,SPY,289.7799987792969,255.9293670654297
2018-08-28,SPY,289.9200134277344,256.05303955078125
2018-08-29,SPY,291.4800109863281,257.4307556152344
2018-08-30,SPY,290.29998779296875,256.3885498046875
2018-08-31,SPY,290.30999755859375,256.39739990234375
2018-09-04,SPY,289.80999755859375,255.95582580566406
2018-09-05,SPY,289.0299987792969,255.26698303222656
2018-09-06,SPY,288.1600036621094,254.49855041503906
2018-09-07,SPY,287.6000061035156,254.00396728515625
2018-09-10,SPY,288.1000061035156,254.44558715820312
2018-09-11,SPY,289.04998779296875,255.28463745117188
2018-09-12,SPY,289.1199951171875,255.34645080566406
2018-09-13,SPY,290.8299865722656,256.8566589355469
2018-09-14,SPY,290.8800048828125,256.90087890625
2018-09-17,SPY,289.3399963378906,255.54071044921875
2018-09-18,SPY,290.9100036621094,256.9273376464844
2018-09-19,SPY,291.2200012207031,257.2011413574219
2018-09-20,SPY,293.5799865722656,259.2854919433594
2018-09-21,SPY,291.989990234375,259.0485534667969
2018-09-24,SPY,291.0199890136719,258.1879577636719
2018-09-25,SPY,290.75,257.9484558105469
2018-09-26,SPY,289.8800048828125,257.1765441894531
2018-09-27,SPY,290.69000244140625,257.8952331542969
2018-09-28,SPY,290.7200012207031,257.92181396484375
2018-10-01,SPY,291.7300109863281,258.81787109375
2018-10-02,SPY,291.55999755859375,258.6670837402344
2018-10-03,SPY,291.7200012207031,258.8089294433594
2018-10-04,SPY,289.44000244140625,256.7862854003906
2018-10-05,SPY,287.82000732421875,255.3489990234375
2018-10-08,SPY,287.82000732421875,255.3489990234375
2018-10-09,SPY,287.3999938964844,254.97633361816406
2018-10-10,SPY,278.29998779296875,246.90298461914062
2018-10-11,SPY,272.1700134277344,241.46463012695312
2018-10-12,SPY,275.95001220703125,244.81822204589844
2018-10-15,SPY,274.3999938964844,243.4429931640625
2018-10-16,SPY,280.3999938964844,248.76617431640625
2018-10-17,SPY,280.45001220703125,248.81048583984375
2018-10-18,SPY,276.3999938964844,245.21734619140625
2018-10-19,SPY,276.25,245.08433532714844
2018-10-22,SPY,275.010009765625,243.9842071533203
2018-10-23,SPY,273.6099853515625,242.74215698242188
2018-10-24,SPY,265.32000732421875,235.38735961914062
2018-10-25,SPY,270.0799865722656,239.61048889160156
2018-10-26,SPY,265.3299865722656,235.39620971679688
2018-10-29,SPY,263.8599853515625,234.09210205078125
2018-10-30,SPY,267.7699890136719,237.5609893798828
2018-10-31,SPY,270.6300048828125,240.0983428955078
2018-11-01,SPY,273.510009765625,242.6534423828125
2018-11-02,SPY,271.8900146484375,241.21615600585938
2018-11-05,SPY,273.3900146484375,242.54702758789062
2018-11-06,SPY,275.1199951171875,244.08181762695312
2018-11-07,SPY,281.010009765625,249.30731201171875
2018-11-08,SPY,280.5,248.85491943359375
2018-11-09,SPY,277.760009765625,246.4239501953125
2018-11-12,SPY,272.57000732421875,241.81948852539062
2018-11-13,SPY,272.05999755859375,241.36703491210938
2018-11-14,SPY,270.20001220703125,239.71690368652344
2018-11-15,SPY,273.0199890136719,242.21868896484375
2018-11-16,SPY,273.7300109863281,242.84861755371094
2018-11-19,SPY,269.1000061035156,238.7409210205078
2018-11-20,SPY,264.1199951171875,234.32272338867188
2018-11-21,SPY,265.0199890136719,235.1211395263672
2018-11-23,SPY,263.25,233.55091857910156
2018-11-26,SPY,267.5,237.32142639160156
2018-11-27,SPY,268.3999938964844,238.1199493408203
2018-11-28,SPY,274.5799865722656,243.60264587402344
2018-11-29,SPY,273.9800109863281,243.07040405273438
2018-11-30,SPY,275.6499938964844,244.55201721191406
2018-12-03,SPY,279.29998779296875,247.79013061523438
2018-12-04,SPY,270.25,239.7611846923828
2018-12-06,SPY,269.8399963378906,239.3974609375
2018-12-07,SPY,263.57000732421875,233.8348388671875
2018-12-10,SPY,264.07000732421875,234.2783966064453
2018-12-11,SPY,264.1300048828125,234.33168029785156
2018-12-12,SPY,265.4599914550781,235.51161193847656
2018-12-13,SPY,265.3699951171875,235.43182373046875
2018-12-14,SPY,260.4700012207031,231.08456420898438
2018-12-17,SPY,255.36000061035156,226.55105590820312
2018-12-18,SPY,255.0800018310547,226.3026123046875
2018-12-19,SPY,251.25999450683594,222.91357421875
2018-12-20,SPY,247.1699981689453,219.2849884033203
2018-12-21,SPY,240.6999969482422,214.79196166992188
2018-12-24,SPY,234.33999633789062,209.1165313720703
2018-12-26,SPY,246.17999267578125,219.68212890625
2018-12-27,SPY,248.07000732421875,221.3686981201172
2018-12-28,SPY,247.75,221.0831298828125
2018-12-31,SPY,249.9199981689453,223.01956176757812
2019-01-02,SPY,250.17999267578125,223.25161743164062
2019-01-03,SPY,244.2100067138672,217.92417907714844
2019-01-04,SPY,252.38999938964844,225.22372436523438
2019-01-07,SPY,254.3800048828125,226.99954223632812
2019-01-08,SPY,256.7699890136719,229.13229370117188
2019-01-09,SPY,257.9700012207031,230.20310974121094
2019-01-10,SPY,258.8800048828125,231.0151824951172
2019-01-11,SPY,258.9800109863281,231.10435485839844
2019-01-14,SPY,257.3999938964844,229.6944122314453
2019-01-15,SPY,260.3500061035156,232.32693481445312
2019-01-16,SPY,260.9800109863281,232.88914489746094
2019-01-17,SPY,262.9599914550781,234.65603637695312
2019-01-18,SPY,266.4599914550781,237.77920532226562
2019-01-22,SPY,262.8599853515625,234.5666961669922
2019-01-23,SPY,263.4100036621094,235.05752563476562
2019-01-24,SPY,263.54998779296875,235.1824493408203
2019-01-25,SPY,265.7799987792969,237.17247009277344
2019-01-28,SPY,263.760009765625,235.36996459960938
2019-01-29,SPY,263.4100036621094,235.05752563476562
2019-01-30,SPY,267.5799865722656,238.77874755859375
2019-01-31,SPY,269.92999267578125,240.87567138671875
2019-02-01,SPY,270.05999755859375,240.99176025390625
2019-02-04,SPY,271.9599914550781,242.68719482421875
2019-02-05,SPY,273.1000061035156,243.70460510253906
2019-02-06,SPY,272.739990234375,243.38331604003906
2019-02-07,SPY,270.1400146484375,241.06317138671875
2019-02-08,SPY,270.4700012207031,241.3576202392578
2019-02-11,SPY,270.6199951171875,241.4915008544922
2019-02-12,SPY,274.1000061035156,244.59693908691406
2019-02-13,SPY,274.989990234375,245.39112854003906
2019-02-14,SPY,274.3800048828125,244.8468017578125
2019-02-15,SPY,277.3699951171875,247.5149383544922
2019-02-19,SPY,277.8500061035156,247.94332885742188
2019-02-20,SPY,278.4100036621094,248.44300842285156
2019-02-21,SPY,277.4200134277344,247.55960083007812
2019-02-22,SPY,279.1400146484375,249.09442138671875
2019-02-25,SPY,279.5199890136719,249.43350219726562
2019-02-26,SPY,279.32000732421875,249.25503540039062
2019-02-27,SPY,279.20001220703125,249.14794921875
2019-02-28,SPY,278.67999267578125,248.68399047851562
2019-03-01,SPY,280.4200134277344,250.2366180419922
2019-03-04,SPY,279.3999938964844,249.3264617919922
2019-03-05,SPY,279.0199890136719,248.98733520507812
2019-03-06,SPY,277.3299865722656,247.47921752929688
2019-03-07,SPY,275.010009765625,245.4089813232422
2019-03-08,SPY,274.4599914550781,244.91815185546875
2019-03-11,SPY,278.44000244140625,248.46975708007812
2019-03-12,SPY,279.489990234375,249.40672302246094
2019-03-13,SPY,281.3399963378906,251.05767822265625
2019-03-14,SPY,281.1600036621094,250.89695739746094
2019-03-15,SPY,281.30999755859375,252.13658142089844
2019-03-18,SPY,282.3299865722656,253.05084228515625
2019-03-19,SPY,282.3999938964844,253.11361694335938
2019-03-20,SPY,281.54998779296875,252.35174560546875
2019-03-21,SPY,284.7300109863281,255.2019500732422
2019-03-22,SPY,279.25,250.29026794433594
2019-03-25,SPY,279.0400085449219,250.1020050048828
2019-03-26,SPY,281.1199951171875,251.96629333496094
2019-03-27,SPY,279.6499938964844,250.6487274169922
2019-03-28,SPY,280.7099914550781,251.5988311767578
2019-03-29,SPY,282.4800109863281,253.18528747558594
2019-04-01,SPY,285.8299865722656,256.1877746582031
2019-04-02,SPY,285.9700012207031,256.3132629394531
2019-04-03,SPY,286.4200134277344,256.7165832519531
2019-04-04,SPY,287.17999267578125,257.3978271484375
2019-04-05,SPY,288.57000732421875,258.6437072753906
2019-04-08,SPY,288.7900085449219,258.8407897949219
2019-04-09,SPY,287.30999755859375,257.5143127441406
2019-04-10,SPY,288.2900085449219,258.39276123046875
2019-04-11,SPY,288.2099914550781,258.321044921875
2019-04-12,SPY,290.1600036621094,260.06884765625
2019-04-15,SPY,289.9700012207031,259.8984069824219
2019-04-16,SPY,290.1600036621094,260.06884765625
2019-04-17,SPY,289.45001220703125,259.432373046875
2019-04-18,SPY,290.0199890136719,259.94329833984375
2019-04-22,SPY,290.2699890136719,260.1673583984375
2019-04-23,SPY,292.8800048828125,262.5066833496094
2019-04-24,SPY,292.2300109863281,261.92413330078125
2019-04-25,SPY,292.04998779296875,261.7628479003906
2019-04-26,SPY,293.4100036621094,262.9817199707031
2019-04-29,SPY,293.8699951171875,263.39410400390625
2019-04-30,SPY,294.0199890136719,263.5284423828125
2019-05-01,SPY,291.80999755859375,261.54766845703125
2019-05-02,SPY,291.17999267578125,260.98309326171875
2019-05-03,SPY,294.0299987792969,263.5374755859375
2019-05-06,SPY,292.82000732421875,262.45306396484375
2019-05-07,SPY,287.92999267578125,258.0700988769531
2019-05-08,SPY,287.5299987792969,257.7115173339844
2019-05-09,SPY,286.6600036621094,256.93170166015625
2019-05-10,SPY,288.1000061035156,258.22247314453125
2019-05-13,SPY,280.8599853515625,251.7332305908203
2019-05-14,SPY,283.3999938964844,254.0098114013672
2019-05-15,SPY,285.05999755859375,255.4977264404297
2019-05-16,SPY,287.70001220703125,257.8639221191406
2019-05-17,SPY,285.8399963378906,256.19683837890625
2019-05-20,SPY,283.95001220703125,254.5027313232422
2019-05-21,SPY,286.510009765625,256.7972717285156
2019-05-22,SPY,285.6300048828125,256.0085754394531
2019-05-23,SPY,282.1400146484375,252.88047790527344
2019-05-24,SPY,282.7799987792969,253.45419311523438
2019-05-28,SPY,280.1499938964844,251.096923828125
2019-05-29,SPY,278.2699890136719,249.411865234375
2019-05-30,SPY,279.0299987792969,250.09300231933594
2019-05-31,SPY,275.2699890136719,246.7229766845703
2019-06-03,SPY,274.57000732421875,246.09555053710938
2019-06-04,SPY,280.5299987792969,251.43748474121094
2019-06-05,SPY,282.9599914550781,253.615478515625
2019-06-06,SPY,284.79998779296875,255.2646026611328
2019-06-07,SPY,287.6499938964844,257.819091796875
2019-06-10,SPY,288.9700012207031,259.00225830078125
2019-06-11,SPY,288.8999938964844,258.93951416015625
2019-06-12,SPY,288.3900146484375,258.4823303222656
2019-06-13,SPY,289.5799865722656,259.5489196777344
2019-06-14,SPY,289.260009765625,259.26214599609375
2019-06-17,SPY,289.3699951171875,259.3607482910156
2019-06-18,SPY,292.3999938964844,262.0763854980469
2019-06-19,SPY,293.05999755859375,262.6679382324219
2019-06-20,SPY,295.8599853515625,265.17767333984375
2019-06-21,SPY,294,264.7921142578125
2019-06-24,SPY,293.6400146484375,264.4678955078125
2019-06-25,SPY,290.760009765625,261.8740234375
2019-06-26,SPY,290.4700012207031,261.6128845214844
2019-06-27,SPY,291.5,262.5405578613281
2019-06-28,SPY,293,263.8915710449219
2019-07-01,SPY,295.6600036621094,266.2873229980469
2019-07-02,SPY,296.42999267578125,266.9808044433594
2019-07-03,SPY,298.79998779296875,269.11529541015625
2019-07-05,SPY,298.4599914550781,268.80914306640625
2019-07-08,SPY,296.82000732421875,267.3320007324219
2019-07-09,SPY,297.19000244140625,267.6651916503906
2019-07-10,SPY,298.6099853515625,268.94415283203125
2019-07-11,SPY,299.30999755859375,269.5746154785156
2019-07-12,SPY,300.6499938964844,270.7815246582031
2019-07-15,SPY,300.75,270.87164306640625
2019-07-16,SPY,299.7799987792969,269.99798583984375
2019-07-17,SPY,297.739990234375,268.16058349609375
2019-07-18,SPY,298.8299865722656,269.14239501953125
2019-07-19,SPY,297.1700134277344,267.64727783203125
2019-07-22,SPY,297.8999938964844,268.3047180175781
2019-07-23,SPY,300.0299987792969,270.22314453125
2019-07-24,SPY,301.44000244140625,271.4930725097656
2019-07-25,SPY,300,270.1960754394531
2019-07-26,SPY,302.010009765625,272.0064697265625
2019-07-29,SPY,301.4599914550781,271.5110168457031
2019-07-30,SPY,300.7200012207031,270.8445129394531
2019-07-31,SPY,297.42999267578125,267.8814392089844
2019-08-01,SPY,294.8399963378906,265.54876708984375
2019-08-02,SPY,292.6199951171875,263.54937744140625
2019-08-05,SPY,283.82000732421875,255.62359619140625
2019-08-06,SPY,287.79998779296875,259.2081298828125
2019-08-07,SPY,287.9700012207031,259.3612060546875
2019-08-08,SPY,293.6199951171875,264.4499206542969
2019-08-09,SPY,291.6199951171875,262.6485595703125
2019-08-12,SPY,288.07000732421875,259.4513244628906
2019-08-13,SPY,292.54998779296875,263.4862976074219
2019-08-14,SPY,283.8999938964844,255.695556640625
2019-08-15,SPY,284.6499938964844,256.37103271484375
2019-08-16,SPY,288.8500061035156,260.1538391113281
2019-08-19,SPY,292.3299865722656,263.28814697265625
2019-08-20,SPY,290.0899963378906,261.27069091796875
2019-08-21,SPY,292.45001220703125,263.3962097167969
2019-08-22,SPY,292.3599853515625,263.3150634765625
2019-08-23,SPY,284.8500061035156,256.5511779785156
2019-08-26,SPY,288,259.38824462890625
2019-08-27,SPY,286.8699951171875,258.3704833984375
2019-08-28,SPY,288.8900146484375,260.18988037109375
2019-08-29,SPY,292.5799865722656,263.5132141113281
2019-08-30,SPY,292.45001220703125,263.3962097167969
2019-09-03,SPY,290.739990234375,261.8561096191406
2019-09-04,SPY,294.0400085449219,264.82830810546875
2019-09-05,SPY,297.82000732421875,268.232666015625
2019-09-06,SPY,298.04998779296875,268.4397888183594
2019-09-09,SPY,298.20001220703125,268.5749206542969
2019-09-10,SPY,298.1300048828125,268.5119323730469
2019-09-11,SPY,300.25,270.4212951660156
2019-09-12,SPY,301.2900085449219,271.3579406738281
2019-09-13,SPY,301.0899963378906,271.1778259277344
2019-09-16,SPY,300.1600036621094,270.34027099609375
2019-09-17,SPY,300.9200134277344,271.0248718261719
2019-09-18,SPY,301.1000061035156,271.1868591308594
2019-09-19,SPY,301.0799865722656,271.1688232421875
2019-09-20,SPY,298.2799987792969,269.8876037597656
2019-09-23,SPY,298.2099914550781,269.82415771484375
2019-09-24,SPY,295.8699951171875,267.70709228515625
2019-09-25,SPY,297.6199951171875,269.2904357910156
2019-09-26,SPY,297,268.72955322265625
2019-09-27,SPY,295.3999938964844,267.28167724609375
2019-09-30,SPY,296.7699890136719,268.5213623046875
2019-10-01,SPY,293.239990234375,265.327392578125
2019-10-02,SPY,288.05999755859375,260.6403503417969
2019-10-03,SPY,290.4200134277344,262.7757263183594
2019-10-04,SPY,294.3500061035156,266.3316955566406
2019-10-07,SPY,293.0799865722656,265.1825866699219
2019-10-08,SPY,288.5299987792969,261.06561279296875
2019-10-09,SPY,291.2699890136719,263.5447998046875
2019-10-10,SPY,293.239990234375,265.327392578125
2019-10-11,SPY,296.2799987792969,268.0779113769531
2019-10-14,SPY,295.95001220703125,267.7794494628906
2019-10-15,SPY,298.8800048828125,270.43048095703125
2019-10-16,SPY,298.3999938964844,269.9960632324219
2019-10-17,SPY,299.2799987792969,270.7923583984375
2019-10-18,SPY,297.9700012207031,269.60711669921875
2019-10-21,SPY,299.989990234375,271.43487548828125
2019-10-22,SPY,299.010009765625,270.5481262207031
2019-10-23,SPY,299.8800048828125,271.3353271484375
2019-10-24,SPY,300.3699951171875,271.7786560058594
2019-10-25,SPY,301.6000061035156,272.8916015625
2019-10-28,SPY,303.29998779296875,274.42974853515625
2019-10-29,SPY,303.2099914550781,274.3482360839844
2019-10-30,SPY,304.1400146484375,275.1899108886719
2019-10-31,SPY,303.3299865722656,274.4569091796875
2019-11-01,SPY,306.1400146484375,276.9994201660156
2019-11-04,SPY,307.3699951171875,278.11236572265625
2019-11-05,SPY,307.0299987792969,277.8047180175781
2019-11-06,SPY,307.1000061035156,277.86810302734375
2019-11-07,SPY,308.17999267578125,278.84527587890625
2019-11-08,SPY,308.94000244140625,279.5329284667969
2019-11-11,SPY,308.3500061035156,278.9991455078125
2019-11-12,SPY,309,279.5872497558594
2019-11-13,SPY,309.1000061035156,279.6777648925781
2019-11-14,SPY,309.54998779296875,280.0848388671875
2019-11-15,SPY,311.7900085449219,282.1116027832031
2019-11-18,SPY,312.0199890136719,282.3196716308594
2019-11-19,SPY,311.92999267578125,282.2383728027344
2019-11-20,SPY,310.7699890136719,281.18878173828125
2019-11-21,SPY,310.2699890136719,280.73626708984375
2019-11-22,SPY,310.9599914550781,281.3606262207031
2019-11-25,SPY,313.3699951171875,283.541259765625
2019-11-26,SPY,314.0799865722656,284.1836853027344
2019-11-27,SPY,315.4800109863281,285.4504089355469
2019-11-29,SPY,314.30999755859375,284.3918151855469
2019-12-02,SPY,311.6400146484375,281.97589111328125
2019-12-03,SPY,309.54998779296875,280.0848388671875
2019-12-04,SPY,311.4599914550781,281.8130187988281
2019-12-05,SPY,312.0199890136719,282.3196716308594
2019-12-06,SPY,314.8699951171875,284.8984680175781
2019-12-09,SPY,313.8800048828125,284.0026550292969
2019-12-10,SPY,313.5299987792969,283.68603515625
2019-12-11,SPY,314.4200134277344,284.49127197265625
2019-12-12,SPY,317.1300048828125,286.9433288574219
2019-12-13,SPY,317.32000732421875,287.11529541015625
2019-12-16,SPY,319.5,289.0876770019531
2019-12-17,SPY,319.57000732421875,289.151123046875
2019-12-18,SPY,319.5899963378906,289.16912841796875
2019-12-19,SPY,320.8999938964844,290.3544616699219
2019-12-20,SPY,320.7300109863281,291.62738037109375
2019-12-23,SPY,321.2200012207031,292.0729064941406
2019-12-24,SPY,321.2300109863281,292.08203125
2019-12-26,SPY,322.94000244140625,293.6369323730469
2019-12-27,SPY,322.8599853515625,293.5641174316406
2019-12-30,SPY,321.0799865722656,291.9456787109375
2019-12-31,SPY,321.8599853515625,292.65496826171875
2020-01-02,SPY,324.8699951171875,295.39178466796875
2020-01-03,SPY,322.4100036621094,293.1549987792969
2020-01-06,SPY,323.6400146484375,294.2734069824219
2020-01-07,SPY,322.7300109863281,293.4459228515625
2020-01-08,SPY,324.45001220703125,295.0099182128906
2020-01-09,SPY,326.6499938964844,297.01025390625
2020-01-10,SPY,325.7099914550781,296.1555480957031
2020-01-13,SPY,327.95001220703125,298.1922912597656
2020-01-14,SPY,327.45001220703125,297.7376708984375
2020-01-15,SPY,328.19000244140625,298.4105529785156
2020-01-16,SPY,330.9200134277344,300.89288330078125
2020-01-17,SPY,331.95001220703125,301.8293762207031
2020-01-21,SPY,331.29998779296875,301.2383117675781
2020-01-22,SPY,331.3399963378906,301.2746887207031
2020-01-23,SPY,331.7200012207031,301.6203308105469
2020-01-24,SPY,328.7699890136719,298.9378356933594
2020-01-27,SPY,323.5,294.1460876464844
2020-01-28,SPY,326.8900146484375,297.2285461425781
2020-01-29,SPY,326.6199951171875,296.98291015625
2020-01-30,SPY,327.67999267578125,297.94671630859375
2020-01-31,SPY,321.7300109863281,292.53662109375
2020-02-03,SPY,324.1199951171875,294.7098388671875
2020-02-04,SPY,329.05999755859375,299.2015380859375
2020-02-05,SPY,332.8599853515625,302.65673828125
2020-02-06,SPY,333.9800109863281,303.6751708984375
2020-02-07,SPY,332.20001220703125,302.0566711425781
2020-02-10,SPY,334.67999267578125,304.3116149902344
2020-02-11,SPY,335.260009765625,304.8389892578125
2020-02-12,SPY,337.4200134277344,306.8031005859375
2020-02-13,SPY,337.05999755859375,306.47564697265625
2020-02-14,SPY,337.6000061035156,306.9666442871094
2020-02-18,SPY,336.7300109863281,306.1756591796875
2020-02-19,SPY,338.3399963378906,307.6394958496094
2020-02-20,SPY,336.95001220703125,306.3756103515625
2020-02-21,SPY,333.4800109863281,303.22052001953125
2020-02-24,SPY,322.4200134277344,293.1640930175781
2020-02-25,SPY,312.6499938964844,284.2805480957031
2020-02-26,SPY,311.5,283.23492431640625
2020-02-27,SPY,297.510009765625,270.5143737792969
2020-02-28,SPY,296.260009765625,269.3778381347656
2020-03-02,SPY,309.0899963378906,281.0436706542969
2020-03-03,SPY,300.239990234375,272.9967041015625
2020-03-04,SPY,312.8599853515625,284.4715576171875
2020-03-05,SPY,302.4599914550781,275.01519775390625
2020-03-06,SPY,297.4599914550781,270.4689025878906
2020-03-09,SPY,274.2300109863281,249.34677124023438
2020-03-10,SPY,288.4200134277344,262.24920654296875
2020-03-11,SPY,274.3599853515625,249.46498107910156
2020-03-12,SPY,248.11000061035156,225.59689331054688
2020-03-13,SPY,269.32000732421875,244.88230895996094
2020-03-16,SPY,239.85000610351562,218.08636474609375
2020-03-17,SPY,252.8000030517578,229.86126708984375
2020-03-18,SPY,240,218.22274780273438
2020-03-19,SPY,240.50999450683594,218.6864776611328
2020-03-20,SPY,228.8000030517578,209.2623291015625
2020-03-23,SPY,222.9499969482422,203.91189575195312
2020-03-24,SPY,243.14999389648438,222.38699340820312
2020-03-25,SPY,246.7899932861328,225.7161102294922
2020-03-26,SPY,261.20001220703125,238.89569091796875
2020-03-27,SPY,253.4199981689453,231.77999877929688
2020-03-30,SPY,261.6499938964844,239.3072509765625
2020-03-31,SPY,257.75,235.740234375
2020-04-01,SPY,246.14999389648438,225.1307830810547
2020-04-02,SPY,251.8300018310547,230.3258056640625
2020-04-03,SPY,248.19000244140625,226.9966278076172
2020-04-06,SPY,264.8599853515625,242.24310302734375
2020-04-07,SPY,265.1300048828125,242.49009704589844
2020-04-08,SPY,274.0299987792969,250.62998962402344
2020-04-09,SPY,278.20001220703125,254.4439239501953
2020-04-13,SPY,275.6600036621094,252.12091064453125
2020-04-14,SPY,283.7900085449219,259.5566101074219
2020-04-15,SPY,277.760009765625,254.04150390625
2020-04-16,SPY,279.1000061035156,255.2671661376953
2020-04-17,SPY,286.6400146484375,262.163330078125
2020-04-20,SPY,281.5899963378906,257.5445251464844
2020-04-21,SPY,273.0400085449219,249.72462463378906
2020-04-22,SPY,279.1000061035156,255.2671661376953
2020-04-23,SPY,279.0799865722656,255.24888610839844
2020-04-24,SPY,282.9700012207031,258.80670166015625
2020-04-27,SPY,287.04998779296875,262.5382080078125
2020-04-28,SPY,285.7300109863281,261.3309326171875
2020-04-29,SPY,293.2099914550781,268.1722717285156
2020-04-30,SPY,290.4800109863281,265.6753845214844
2020-05-01,SPY,282.7900085449219,258.6420593261719
2020-05-04,SPY,283.57000732421875,259.35546875
2020-05-05,SPY,286.19000244140625,261.7516784667969
2020-05-06,SPY,284.25,259.97735595703125
2020-05-07,SPY,287.67999267578125,263.114501953125
2020-05-08,SPY,292.44000244140625,267.4679870605469
2020-05-11,SPY,292.5,267.52288818359375
2020-05-12,SPY,286.6700134277344,262.1907653808594
2020-05-13,SPY,281.6000061035156,257.5537414550781
2020-05-14,SPY,284.9700012207031,260.6358947753906
2020-05-15,SPY,286.2799987792969,261.8340148925781
2020-05-18,SPY,295,269.8094787597656
2020-05-19,SPY,291.9700012207031,267.0381164550781
2020-05-20,SPY,296.92999267578125,271.57464599609375
2020-05-21,SPY,294.8800048828125,269.6996765136719
2020-05-22,SPY,295.44000244140625,270.2117919921875
2020-05-26,SPY,299.0799865722656,273.54095458984375
2020-05-27,SPY,303.5299987792969,277.6109619140625
2020-05-28,SPY,302.9700012207031,277.09881591796875
2020-05-29,SPY,304.32000732421875,278.3334655761719
2020-06-01,SPY,305.54998779296875,279.45849609375
2020-06-02,SPY,308.0799865722656,281.7725524902344
2020-06-03,SPY,312.17999267578125,285.52239990234375
2020-06-04,SPY,311.3599853515625,284.7724304199219
2020-06-05,SPY,319.3399963378906,292.0709228515625
2020-06-08,SPY,323.20001220703125,295.60137939453125
2020-06-09,SPY,320.7900085449219,293.3971862792969
2020-06-10,SPY,319,291.7600402832031
2020-06-11,SPY,300.6099853515625,274.9403991699219
2020-06-12,SPY,304.2099914550781,278.2329406738281
2020-06-15,SPY,307.04998779296875,280.8304443359375
2020-06-16,SPY,312.9599914550781,286.23577880859375
2020-06-17,SPY,311.6600036621094,285.04681396484375
2020-06-18,SPY,311.7799987792969,285.156494140625
2020-06-19,SPY,308.6400146484375,283.5268859863281
2020-06-22,SPY,310.6199951171875,285.3457946777344
2020-06-23,SPY,312.04998779296875,286.6594543457031
2020-06-24,SPY,304.0899963378906,279.3471984863281
2020-06-25,SPY,307.3500061035156,282.3418273925781
2020-06-26,SPY,300.04998779296875,275.6358337402344
2020-06-29,SPY,304.4599914550781,279.6870422363281
2020-06-30,SPY,308.3599853515625,283.26959228515625
2020-07-01,SPY,310.5199890136719,285.2539367675781
2020-07-02,SPY,312.2300109863281,286.8248291015625
2020-07-06,SPY,317.04998779296875,291.25262451171875
2020-07-07,SPY,313.7799987792969,288.2486572265625
2020-07-08,SPY,316.17999267578125,290.453369140625
2020-07-09,SPY,314.3800048828125,288.79986572265625
2020-07-10,SPY,317.5899963378906,291.7485656738281
2020-07-13,SPY,314.8399963378906,289.22247314453125
2020-07-14,SPY,318.9200134277344,292.9704895019531
2020-07-15,SPY,321.8500061035156,295.662109375
2020-07-16,SPY,320.7900085449219,294.6882629394531
2020-07-17,SPY,321.7200012207031,295.5426330566406
2020-07-20,SPY,324.32000732421875,297.9311218261719
2020-07-21,SPY,325.010009765625,298.56500244140625
2020-07-22,SPY,326.8599853515625,300.2643127441406
2020-07-23,SPY,322.9599914550781,296.68170166015625
2020-07-24,SPY,320.8800048828125,294.7710266113281
2020-07-27,SPY,323.2200012207031,296.9205627441406
2020-07-28,SPY,321.1700134277344,295.0373229980469
2020-07-29,SPY,325.1199951171875,298.6658935546875
2020-07-30,SPY,323.9599914550781,297.600341796875
2020-07-31,SPY,326.5199890136719,299.95208740234375
2020-08-03,SPY,328.7900085449219,302.0372619628906
2020-08-04,SPY,330.05999755859375,303.2039794921875
2020-08-05,SPY,332.1099853515625,305.08721923828125
2020-08-06,SPY,334.3299865722656,307.12652587890625
2020-08-07,SPY,334.57000732421875,307.3469543457031
2020-08-10,SPY,335.57000732421875,308.2655944824219
2020-08-11,SPY,332.79998779296875,305.7210693359375
2020-08-12,SPY,337.44000244140625,309.9836120605469
2020-08-13,SPY,336.8299865722656,309.4231262207031
2020-08-14,SPY,336.8399963378906,309.432373046875
2020-08-17,SPY,337.9100036621094,310.41522216796875
2020-08-18,SPY,338.6400146484375,311.08587646484375
2020-08-19,SPY,337.2300109863281,309.79058837890625
2020-08-20,SPY,338.2799987792969,310.75506591796875
2020-08-21,SPY,339.4800109863281,311.85748291015625
2020-08-24,SPY,342.9200134277344,315.01763916015625
2020-08-25,SPY,344.1199951171875,316.1200256347656
2020-08-26,SPY,347.57000732421875,319.2892761230469
2020-08-27,SPY,348.3299865722656,319.9873962402344
2020-08-28,SPY,350.5799865722656,322.0543518066406
2020-08-31,SPY,349.30999755859375,320.88763427734375
2020-09-01,SPY,352.6000061035156,323.90997314453125
2020-09-02,SPY,357.70001220703125,328.5950622558594
2020-09-03,SPY,345.3900146484375,317.28662109375
2020-09-04,SPY,342.57000732421875,314.6960754394531
2020-09-08,SPY,333.2099914550781,306.0977478027344
2020-09-09,SPY,339.7900085449219,312.1424255371094
2020-09-10,SPY,333.8900146484375,306.7223815917969
2020-09-11,SPY,334.05999755859375,306.8785705566406
2020-09-14,SPY,338.4599914550781,310.92047119140625
2020-09-15,SPY,340.1700134277344,312.4914245605469
2020-09-16,SPY,338.82000732421875,311.2512512207031
2020-09-17,SPY,335.8399963378906,308.513671875
2020-09-18,SPY,330.6499938964844,304.9619140625
2020-09-21,SPY,326.9700012207031,301.5677185058594
2020-09-22,SPY,330.29998779296875,304.63909912109375
2020-09-23,SPY,322.6400146484375,297.5742492675781
2020-09-24,SPY,323.5,298.3673400878906
2020-09-25,SPY,328.7300109863281,303.1910705566406
2020-09-28,SPY,334.19000244140625,308.226806640625
2020-09-29,SPY,332.3699951171875,306.5482177734375
2020-09-30,SPY,334.8900146484375,308.8724670410156
2020-10-01,SPY,337.0400085449219,310.85552978515625
2020-10-02,SPY,333.8399963378906,307.90399169921875
2020-10-05,SPY,339.760009765625,313.3641357421875
2020-10-06,SPY,334.92999267578125,308.90936279296875
2020-10-07,SPY,340.760009765625,314.2864685058594
2020-10-08,SPY,343.7799987792969,317.07183837890625
2020-10-09,SPY,346.8500061035156,319.90338134765625
2020-10-12,SPY,352.42999267578125,325.04986572265625
2020-10-13,SPY,350.1300048828125,322.928466796875
2020-10-14,SPY,347.92999267578125,320.89935302734375
2020-10-15,SPY,347.5,320.5028381347656
2020-10-16,SPY,347.2900085449219,320.30914306640625
2020-10-19,SPY,342.010009765625,315.4393615722656
2020-10-20,SPY,343.3800048828125,316.7028503417969
2020-10-21,SPY,342.7300109863281,316.1033935546875
2020-10-22,SPY,344.6099853515625,317.8373107910156
2020-10-23,SPY,345.7799987792969,318.9164123535156
2020-10-26,SPY,339.3900146484375,313.02288818359375
2020-10-27,SPY,338.2200012207031,311.9437255859375
2020-10-28,SPY,326.6600036621094,301.28192138671875
2020-10-29,SPY,329.9800109863281,304.3439636230469
2020-10-30,SPY,326.5400085449219,301.1711730957031
2020-11-02,SPY,330.20001220703125,304.5469665527344
2020-11-03,SPY,336.0299987792969,309.923828125
2020-11-04,SPY,343.5400085449219,316.85052490234375
2020-11-05,SPY,350.239990234375,323.0299987792969
2020-11-06,SPY,350.1600036621094,322.9560852050781
2020-11-09,SPY,354.55999755859375,327.01434326171875
2020-11-10,SPY,354.0400085449219,326.5346984863281
2020-11-11,SPY,356.6700134277344,328.96044921875
2020-11-12,SPY,353.2099914550781,325.7691955566406
2020-11-13,SPY,358.1000061035156,330.2793273925781
2020-11-16,SPY,362.57000732421875,334.4020690917969
2020-11-17,SPY,360.6199951171875,332.6035461425781
2020-11-18,SPY,356.2799987792969,328.6006774902344
2020-11-19,SPY,357.7799987792969,329.9841613769531
2020-11-20,SPY,355.3299865722656,327.7244873046875
2020-11-23,SPY,357.4599914550781,329.6890563964844
2020-11-24,SPY,363.2200012207031,335.00152587890625
2020-11-25,SPY,362.6600036621094,334.4849853515625
2020-11-27,SPY,363.6700134277344,335.4165344238281
2020-11-30,SPY,362.05999755859375,333.931640625
2020-12-01,SPY,366.0199890136719,337.5840148925781
2020-12-02,SPY,366.7900085449219,338.294189453125
2020-12-03,SPY,366.69000244140625,338.201904296875
2020-12-04,SPY,369.8500061035156,341.1164245605469
2020-12-07,SPY,369.0899963378906,340.41552734375
2020-12-08,SPY,370.1700134277344,341.41156005859375
2020-12-09,SPY,366.8500061035156,338.3494567871094
2020-12-10,SPY,366.7300109863281,338.2388916015625
2020-12-11,SPY,366.29998779296875,337.8422546386719
2020-12-14,SPY,364.6600036621094,336.32965087890625
2020-12-15,SPY,369.5899963378906,340.876708984375
2020-12-16,SPY,370.1700134277344,341.41156005859375
2020-12-17,SPY,372.239990234375,343.3206787109375
2020-12-18,SPY,369.17999267578125,341.94989013671875
2020-12-21,SPY,367.8599853515625,340.727294921875
2020-12-22,SPY,367.239990234375,340.15301513671875
2020-12-23,SPY,367.57000732421875,340.4587097167969
2020-12-24,SPY,369,341.78326416015625
2020-12-28,SPY,372.1700134277344,344.7193908691406
2020-12-29,SPY,371.4599914550781,344.06182861328125
2020-12-30,SPY,371.989990234375,344.5526123046875
2020-12-31,SPY,373.8800048828125,346.3031921386719
2021-01-04,SPY,368.7900085449219,341.5887451171875
2021-01-05,SPY,371.3299865722656,343.9412841796875
2021-01-06,SPY,373.54998779296875,345.9975891113281
2021-01-07,SPY,379.1000061035156,351.1382751464844
2021-01-08,SPY,381.260009765625,353.1389465332031
2021-01-11,SPY,378.69000244140625,350.7585144042969
2021-01-12,SPY,378.7699890136719,350.8324890136719
2021-01-13,SPY,379.7900085449219,351.77740478515625
2021-01-14,SPY,378.4599914550781,350.5454406738281
2021-01-15,SPY,375.70001220703125,347.9890441894531
2021-01-19,SPY,378.6499938964844,350.72149658203125
2021-01-20,SPY,383.8900146484375,355.574951171875
2021-01-21,SPY,384.239990234375,355.899169921875
2021-01-22,SPY,382.8800048828125,354.6395263671875
2021-01-25,SPY,384.3900146484375,356.03802490234375
2021-01-26,SPY,383.7900085449219,355.48236083984375
2021-01-27,SPY,374.4100036621094,346.7942199707031
2021-01-28,SPY,377.6300048828125,349.7767028808594
2021-01-29,SPY,370.07000732421875,342.7742004394531
2021-02-01,SPY,376.2300109863281,348.4800109863281
2021-02-02,SPY,381.54998779296875,353.4075012207031
2021-02-03,SPY,381.8500061035156,353.6854248046875
2021-02-04,SPY,386.19000244140625,357.705322265625
2021-02-05,SPY,387.7099914550781,359.1132507324219
2021-02-08,SPY,390.510009765625,361.7066650390625
2021-02-09,SPY,390.25,361.4657897949219
2021-02-10,SPY,390.0799865722656,361.3084411621094
2021-02-11,SPY,390.7099914550781,361.89190673828125
2021-02-12,SPY,392.6400146484375,363.6795349121094
2021-02-16,SPY,392.29998779296875,363.3646545410156
2021-02-17,SPY,392.3900146484375,363.447998046875
2021-02-18,SPY,390.7200012207031,361.90118408203125
2021-02-19,SPY,390.0299987792969,361.2620849609375
2021-02-22,SPY,387.0299987792969,358.4833068847656
2021-02-23,SPY,387.5,358.9186096191406
2021-02-24,SPY,391.7699890136719,362.8737487792969
2021-02-25,SPY,382.3299865722656,354.1299743652344
2021-02-26,SPY,380.3599853515625,352.3053283691406
2021-03-01,SPY,389.5799865722656,360.8453063964844
2021-03-02,SPY,386.5400085449219,358.0293884277344
2021-03-03,SPY,381.4200134277344,353.287109375
2021-03-04,SPY,376.70001220703125,348.91522216796875
2021-03-05,SPY,383.6300048828125,355.334228515625
2021-03-08,SPY,381.7200012207031,353.5649719238281
2021-03-09,SPY,387.1700134277344,358.6130676269531
2021-03-10,SPY,389.5799865722656,360.8453063964844
2021-03-11,SPY,393.5299987792969,364.5039367675781
2021-03-12,SPY,394.05999755859375,364.9948425292969
2021-03-15,SPY,396.4100036621094,367.1714782714844
2021-03-16,SPY,395.9100036621094,366.70843505859375
2021-03-17,SPY,397.260009765625,367.9588317871094
2021-03-18,SPY,391.4800109863281,362.60516357421875
2021-03-19,SPY,389.4800109863281,361.93426513671875
2021-03-22,SPY,392.5899963378906,364.82421875
2021-03-23,SPY,389.5,361.95281982421875
2021-03-24,SPY,387.5199890136719,360.1128234863281
2021-03-25,SPY,389.70001220703125,362.1385498046875
2021-03-26,SPY,395.9800109863281,367.9744873046875
2021-03-29,SPY,395.7799987792969,367.7886047363281
2021-03-30,SPY,394.7300109863281,366.81292724609375
2021-03-31,SPY,396.3299865722656,368.29974365234375
2021-04-01,SPY,400.6099853515625,372.2770080566406
2021-04-05,SPY,406.3599853515625,377.62042236328125
2021-04-06,SPY,406.1199951171875,377.3973693847656
2021-04-07,SPY,406.5899963378906,377.8341064453125
2021-04-08,SPY,408.5199890136719,379.62750244140625
2021-04-09,SPY,411.489990234375,382.3875732421875
2021-04-12,SPY,411.6400146484375,382.5269470214844
2021-04-13,SPY,412.8599853515625,383.6605529785156
2021-04-14,SPY,411.45001220703125,382.350341796875
2021-04-15,SPY,415.8699951171875,386.457763671875
2021-04-16,SPY,417.260009765625,387.74945068359375
2021-04-19,SPY,415.2099914550781,385.84442138671875
2021-04-20,SPY,412.1700134277344,383.0194396972656
2021-04-21,SPY,416.07000732421875,386.6435546875
2021-04-22,SPY,412.2699890136719,383.11236572265625
2021-04-23,SPY,416.739990234375,387.2662048339844
2021-04-26,SPY,417.6099853515625,388.07470703125
2021-04-27,SPY,417.5199890136719,387.9910583496094
2021-04-28,SPY,417.3999938964844,387.87957763671875
2021-04-29,SPY,420.05999755859375,390.3514099121094
2021-04-30,SPY,417.29998779296875,387.78668212890625
2021-05-03,SPY,418.20001220703125,388.6230163574219
2021-05-04,SPY,415.6199951171875,386.2253723144531
2021-05-05,SPY,415.75,386.34625244140625
2021-05-06,SPY,419.07000732421875,389.4314270019531
2021-05-07,SPY,422.1199951171875,392.2656555175781
2021-05-10,SPY,417.94000244140625,388.38140869140625
2021-05-11,SPY,414.2099914550781,384.9151611328125
2021-05-12,SPY,405.4100036621094,376.7375183105469
2021-05-13,SPY,410.2799987792969,381.2630920410156
2021-05-14,SPY,416.5799865722656,387.1175842285156
2021-05-17,SPY,415.5199890136719,386.1324768066406
2021-05-18,SPY,411.94000244140625,382.8057556152344
2021-05-19,SPY,410.8599853515625,381.8020935058594
2021-05-20,SPY,415.2799987792969,385.9095153808594
2021-05-21,SPY,414.94000244140625,385.5935363769531
2021-05-24,SPY,419.1700134277344,389.5243835449219
2021-05-25,SPY,418.239990234375,388.66015625
2021-05-26,SPY,419.07000732421875,389.4314270019531
2021-05-27,SPY,419.2900085449219,389.6358642578125
2021-05-28,SPY,420.0400085449219,390.3327941894531
2021-06-01,SPY,419.6700134277344,389.989013671875
2021-06-02,SPY,420.3299865722656,390.602294921875
2021-06-03,SPY,418.7699890136719,389.1526794433594
2021-06-04,SPY,422.6000061035156,392.7118225097656
2021-06-07,SPY,422.19000244140625,392.3309020996094
2021-06-08,SPY,422.2799987792969,392.4144287109375
2021-06-09,SPY,421.6499938964844,391.8289794921875
2021-06-10,SPY,423.6099853515625,393.65032958984375
2021-06-11,SPY,424.30999755859375,394.30084228515625
2021-06-14,SPY,425.260009765625,395.1836242675781
2021-06-15,SPY,424.4800109863281,394.45880126953125
2021-06-16,SPY,422.1099853515625,392.2564392089844
2021-06-17,SPY,421.9700012207031,392.1263732910156
2021-06-18,SPY,414.9200134277344,386.83636474609375
2021-06-21,SPY,420.8599853515625,392.37432861328125
2021-06-22,SPY,423.1099853515625,394.4720458984375
2021-06-23,SPY,422.6000061035156,393.99658203125
2021-06-24,SPY,425.1000061035156,396.3274230957031
2021-06-25,SPY,426.6099853515625,397.73516845703125
2021-06-28,SPY,427.4700012207031,398.53692626953125
2021-06-29,SPY,427.70001220703125,398.75140380859375
2021-06-30,SPY,428.05999755859375,399.0870666503906
2021-07-01,SPY,430.42999267578125,401.29656982421875
2021-07-02,SPY,433.7200012207031,404.3639221191406
2021-07-06,SPY,432.92999267578125,403.6274719238281
2021-07-07,SPY,434.4599914550781,405.0538330078125
2021-07-08,SPY,430.9200134277344,401.7533874511719
2021-07-09,SPY,435.5199890136719,406.0420837402344
2021-07-12,SPY,437.0799865722656,407.4964599609375
2021-07-13,SPY,435.5899963378906,406.1073303222656
2021-07-14,SPY,436.239990234375,406.7133483886719
2021-07-15,SPY,434.75,405.32421875
2021-07-16,SPY,431.3399963378906,402.1450500488281
2021-07-19,SPY,424.9700012207031,396.2061767578125
2021-07-20,SPY,431.05999755859375,401.88397216796875
2021-07-21,SPY,434.54998779296875,405.1377258300781
2021-07-22,SPY,435.4599914550781,405.9861755371094
2021-07-23,SPY,439.94000244140625,410.1629943847656
2021-07-26,SPY,441.0199890136719,411.1697998046875
2021-07-27,SPY,439.010009765625,409.2958984375
2021-07-28,SPY,438.8299865722656,409.1280822753906
2021-07-29,SPY,440.6499938964844,410.8248596191406
2021-07-30,SPY,438.510009765625,408.82965087890625
2021-08-02,SPY,437.5899963378906,407.9719543457031
2021-08-03,SPY,441.1499938964844,411.291015625
2021-08-04,SPY,438.9800109863281,409.2679443359375
2021-08-05,SPY,441.760009765625,411.8597717285156
2021-08-06,SPY,442.489990234375,412.5403137207031
2021-08-09,SPY,442.1300048828125,412.2047119140625
2021-08-10,SPY,442.67999267578125,412.7174377441406
2021-08-11,SPY,443.7799987792969,413.7430419921875
2021-08-12,SPY,445.1099853515625,414.98297119140625
2021-08-13,SPY,445.9200134277344,415.7381896972656
2021-08-16,SPY,446.9700012207031,416.7171630859375
2021-08-17,SPY,444.0400085449219,413.9854736328125
2021-08-18,SPY,439.17999267578125,409.4543762207031
2021-08-19,SPY,439.8599853515625,410.0882873535156
2021-08-20,SPY,443.3599853515625,413.3514404296875
2021-08-23,SPY,447.260009765625,416.98748779296875
2021-08-24,SPY,447.9700012207031,417.6494140625
2021-08-25,SPY,448.9100036621094,418.52581787109375
2021-08-26,SPY,446.260009765625,416.0551452636719
2021-08-27,SPY,450.25,419.77508544921875
2021-08-30,SPY,452.2300109863281,421.6210632324219
2021-08-31,SPY,451.55999755859375,420.9964904785156
2021-09-01,SPY,451.79998779296875,421.2201843261719
2021-09-02,SPY,453.19000244140625,422.51611328125
2021-09-03,SPY,453.0799865722656,422.41357421875
2021-09-07,SPY,451.4599914550781,420.9031982421875
2021-09-08,SPY,450.9100036621094,420.39044189453125
2021-09-09,SPY,448.9800109863281,418.5910339355469
2021-09-10,SPY,445.44000244140625,415.2906494140625
2021-09-13,SPY,446.5799865722656,416.3534851074219
2021-09-14,SPY,444.1700134277344,414.1066589355469
2021-09-15,SPY,447.8800048828125,417.5655517578125
2021-09-16,SPY,447.1700134277344,416.903564453125
2021-09-17,SPY,441.3999938964844,412.8424377441406
2021-09-20,SPY,434.0400085449219,405.95867919921875
2021-09-21,SPY,433.6300048828125,405.5751953125
2021-09-22,SPY,437.8599853515625,409.5315246582031
2021-09-23,SPY,443.17999267578125,414.50732421875
2021-09-24,SPY,443.9100036621094,415.19012451171875
2021-09-27,SPY,442.6400146484375,414.0022277832031
2021-09-28,SPY,433.7200012207031,405.65936279296875
2021-09-29,SPY,434.45001220703125,406.3421325683594
2021-09-30,SPY,429.1400146484375,401.3757019042969
2021-10-01,SPY,434.239990234375,406.145751953125
2021-10-04,SPY,428.6400146484375,400.9080810546875
2021-10-05,SPY,433.1000061035156,405.07940673828125
2021-10-06,SPY,434.8999938964844,406.76300048828125
2021-10-07,SPY,438.6600036621094,410.27978515625
2021-10-08,SPY,437.8599853515625,409.5315246582031
2021-10-11,SPY,434.69000244140625,406.56658935546875
2021-10-12,SPY,433.6199951171875,405.5658264160156
2021-10-13,SPY,435.17999267578125,407.02490234375
2021-10-14,SPY,442.5,413.87127685546875
2021-10-15,SPY,445.8699951171875,417.0233154296875
2021-10-18,SPY,447.19000244140625,418.2579040527344
2021-10-19,SPY,450.6400146484375,421.4847106933594
2021-10-20,SPY,452.4100036621094,423.1401062011719
2021-10-21,SPY,453.5899963378906,424.24383544921875
2021-10-22,SPY,453.1199951171875,423.8042297363281
2021-10-25,SPY,455.54998779296875,426.07708740234375
2021-10-26,SPY,455.9599914550781,426.46051025390625
2021-10-27,SPY,453.94000244140625,424.57122802734375
2021-10-28,SPY,458.32000732421875,428.6678161621094
2021-10-29,SPY,459.25,429.53765869140625
2021-11-01,SPY,460.0400085449219,430.2765197753906
2021-11-02,SPY,461.8999938964844,432.0162048339844
2021-11-03,SPY,464.7200012207031,434.6537170410156
2021-11-04,SPY,466.9100036621094,436.7019958496094
2021-11-05,SPY,468.5299987792969,438.2173156738281
2021-11-08,SPY,468.92999267578125,438.59136962890625
2021-11-09,SPY,467.3800048828125,437.1416320800781
2021-11-10,SPY,463.6199951171875,433.6248779296875
2021-11-11,SPY,463.7699890136719,433.76519775390625
2021-11-12,SPY,467.2699890136719,437.0387878417969
2021-11-15,SPY,467.42999267578125,437.18841552734375
2021-11-16,SPY,469.2799987792969,438.9186706542969
2021-11-17,SPY,468.1400146484375,437.8524169921875
2021-11-18,SPY,469.7300109863281,439.33953857421875
2021-11-19,SPY,468.8900146484375,438.553955078125
2021-11-22,SPY,467.57000732421875,437.31939697265625
2021-11-23,SPY,468.19000244140625,437.89923095703125
2021-11-24,SPY,469.44000244140625,439.0683898925781
2021-11-26,SPY,458.9700012207031,429.2757873535156
2021-11-29,SPY,464.6000061035156,434.5415344238281
2021-11-30,SPY,455.55999755859375,426.0863952636719
2021-12-01,SPY,450.5,421.3537292480469
2021-12-02,SPY,457.3999938964844,427.80731201171875
2021-12-03,SPY,453.4200134277344,424.0848083496094
2021-12-06,SPY,458.7900085449219,429.1073913574219
2021-12-07,SPY,468.2799987792969,437.9834289550781
2021-12-08,SPY,469.5199890136719,439.14324951171875
2021-12-09,SPY,466.3500061035156,436.1782531738281
2021-12-10,SPY,470.739990234375,440.28424072265625
2021-12-13,SPY,466.57000732421875,436.384033203125
2021-12-14,SPY,463.3599853515625,433.38165283203125
2021-12-15,SPY,470.6000061035156,440.1534118652344
2021-12-16,SPY,466.45001220703125,436.27178955078125
2021-12-17,SPY,459.8699951171875,431.6285705566406
2021-12-20,SPY,454.9800109863281,427.03900146484375
2021-12-21,SPY,463.05999755859375,434.6227111816406
2021-12-22,SPY,467.69000244140625,438.96844482421875
2021-12-23,SPY,470.6000061035156,441.6997375488281
2021-12-27,SPY,477.260009765625,447.95068359375
2021-12-28,SPY,476.8699951171875,447.5846862792969
2021-12-29,SPY,477.4800109863281,448.1572265625
2021-12-30,SPY,476.1600036621094,446.9183044433594
2021-12-31,SPY,474.9599914550781,445.7919006347656
2022-01-03,SPY,477.7099914550781,448.373046875
2022-01-04,SPY,477.54998779296875,448.2228088378906
2022-01-05,SPY,468.3800048828125,439.61602783203125
2022-01-06,SPY,467.94000244140625,439.2030334472656
2022-01-07,SPY,466.0899963378906,437.4666442871094
2022-01-10,SPY,465.510009765625,436.9223327636719
2022-01-11,SPY,469.75,440.9018859863281
2022-01-12,SPY,471.0199890136719,442.0938720703125
2022-01-13,SPY,464.5299987792969,436.00244140625
2022-01-14,SPY,464.7200012207031,436.18084716796875
2022-01-18,SPY,456.489990234375,428.4561767578125
2022-01-19,SPY,451.75,424.0073547363281
2022-01-20,SPY,446.75,419.31439208984375
2022-01-21,SPY,437.9800109863281,411.08294677734375
2022-01-24,SPY,439.8399963378906,412.8287353515625
2022-01-25,SPY,434.4700012207031,407.7885437011719
2022-01-26,SPY,433.3800048828125,406.7655334472656
2022-01-27,SPY,431.239990234375,404.7568359375
2022-01-28,SPY,441.95001220703125,414.80908203125
2022-01-31,SPY,449.9100036621094,422.28033447265625
2022-02-01,SPY,452.95001220703125,425.13360595703125
2022-02-02,SPY,457.3500061035156,429.2633972167969
2022-02-03,SPY,446.6000061035156,419.17352294921875
2022-02-04,SPY,448.70001220703125,421.14459228515625
2022-02-07,SPY,447.260009765625,419.79302978515625
2022-02-08,SPY,450.94000244140625,423.24700927734375
2022-02-09,SPY,457.5400085449219,429.44171142578125
2022-02-10,SPY,449.32000732421875,421.72650146484375
2022-02-11,SPY,440.4599914550781,413.41058349609375
2022-02-14,SPY,439.0199890136719,412.0591125488281
2022-02-15,SPY,446.1000061035156,418.7042541503906
2022-02-16,SPY,446.6000061035156,419.17352294921875
2022-02-17,SPY,437.05999755859375,410.219482421875
2022-02-18,SPY,434.2300109863281,407.563232421875
2022-02-22,SPY,429.57000732421875,403.18939208984375
2022-02-23,SPY,421.95001220703125,396.037353515625
2022-02-24,SPY,428.29998779296875,401.9974060058594
2022-02-25,SPY,437.75,410.86712646484375
2022-02-28,SPY,436.6300048828125,409.8157958984375
2022-03-01,SPY,429.9800109863281,403.57421875
2022-03-02,SPY,437.8900146484375,410.9984436035156
2022-03-03,SPY,435.7099914550781,408.952392578125
2022-03-04,SPY,432.1700134277344,405.6297302246094
2022-03-07,SPY,419.42999267578125,393.6721496582031
2022-03-08,SPY,416.25,390.6875
2022-03-09,SPY,427.4100036621094,401.1620788574219
2022-03-10,SPY,425.4800109863281,399.3505554199219
2022-03-11,SPY,420.07000732421875,394.2727966308594
2022-03-14,SPY,417,391.391357421875
2022-03-15,SPY,426.1700134277344,399.9981689453125
2022-03-16,SPY,435.6199951171875,408.8677978515625
2022-03-17,SPY,441.07000732421875,413.983154296875
2022-03-18,SPY,444.5199890136719,418.5174560546875
2022-03-21,SPY,444.3900146484375,418.3951110839844
2022-03-22,SPY,449.5899963378906,423.2908630371094
2022-03-23,SPY,443.79998779296875,417.83953857421875
2022-03-24,SPY,450.489990234375,424.13824462890625
2022-03-25,SPY,452.69000244140625,426.2095031738281
2022-03-28,SPY,455.9100036621094,429.2412109375
2022-03-29,SPY,461.54998779296875,434.55126953125
2022-03-30,SPY,458.70001220703125,431.8680114746094
2022-03-31,SPY,451.6400146484375,425.2210388183594
2022-04-01,SPY,452.9200134277344,426.4261169433594
2022-04-04,SPY,456.79998779296875,430.0791015625
2022-04-05,SPY,451.0299987792969,424.6466369628906
2022-04-06,SPY,446.5199890136719,420.4004211425781
2022-04-07,SPY,448.7699890136719,422.518798828125
2022-04-08,SPY,447.57000732421875,421.3890380859375
2022-04-11,SPY,439.9200134277344,414.18658447265625
2022-04-12,SPY,438.2900085449219,412.6519470214844
2022-04-13,SPY,443.30999755859375,417.3782043457031
2022-04-14,SPY,437.7900085449219,412.18109130859375
2022-04-18,SPY,437.9700012207031,412.3505554199219
2022-04-19,SPY,445.0400085449219,419.00701904296875
2022-04-20,SPY,444.7099914550781,418.6962585449219
2022-04-21,SPY,438.05999755859375,412.43536376953125
2022-04-22,SPY,426.0400085449219,401.11846923828125
2022-04-25,SPY,428.510009765625,403.4439697265625
2022-04-26,SPY,416.1000061035156,391.7599792480469
2022-04-27,SPY,417.2699890136719,392.8614501953125
2022-04-28,SPY,427.80999755859375,402.7848815917969
2022-04-29,SPY,412,387.8996887207031
2022-05-02,SPY,414.4800109863281,390.234619140625
2022-05-03,SPY,416.3800048828125,392.0235290527344
2022-05-04,SPY,429.05999755859375,403.9617614746094
2022-05-05,SPY,413.80999755859375,389.60382080078125
2022-05-06,SPY,411.3399963378906,387.27838134765625
2022-05-09,SPY,398.1700134277344,374.8787841796875
2022-05-10,SPY,399.0899963378906,375.74493408203125
2022-05-11,SPY,392.75,369.7757873535156
2022-05-12,SPY,392.3399963378906,369.3897705078125
2022-05-13,SPY,401.7200012207031,378.2210693359375
2022-05-16,SPY,400.0899963378906,376.6863708496094
2022-05-17,SPY,408.32000732421875,384.43499755859375
2022-05-18,SPY,391.8599853515625,368.9378662109375
2022-05-19,SPY,389.4599914550781,366.67816162109375
2022-05-20,SPY,389.6300048828125,366.8382873535156
2022-05-23,SPY,396.9200134277344,373.7018737792969
2022-05-24,SPY,393.8900146484375,370.8490905761719
2022-05-25,SPY,397.3699951171875,374.12554931640625
2022-05-26,SPY,405.30999755859375,381.6010437011719
2022-05-27,SPY,415.260009765625,390.9690856933594
2022-05-31,SPY,412.92999267578125,388.7752990722656
2022-06-01,SPY,409.5899963378906,385.6307067871094
2022-06-02,SPY,417.3900146484375,392.9744567871094
2022-06-03,SPY,410.5400085449219,386.5251159667969
2022-06-06,SPY,411.7900085449219,387.7020568847656
2022-06-07,SPY,415.739990234375,391.4209899902344
2022-06-08,SPY,411.2200012207031,387.16534423828125
2022-06-09,SPY,401.44000244140625,377.9574890136719
2022-06-10,SPY,389.79998779296875,366.9983215332031
2022-06-13,SPY,375,353.0639953613281
2022-06-14,SPY,373.8699951171875,352.0002136230469
2022-06-15,SPY,379.20001220703125,357.01837158203125
2022-06-16,SPY,366.6499938964844,345.2025451660156
2022-06-17,SPY,365.8599853515625,345.94671630859375
2022-06-21,SPY,375.07000732421875,354.6553955078125
2022-06-22,SPY,374.3900146484375,354.0124206542969
2022-06-23,SPY,378.05999755859375,357.482666015625
2022-06-24,SPY,390.0799865722656,368.848388671875
2022-06-27,SPY,388.5899963378906,367.43951416015625
2022-06-28,SPY,380.6499938964844,359.931640625
2022-06-29,SPY,380.3399963378906,359.6385803222656
2022-06-30,SPY,377.25,356.71673583984375
2022-07-01,SPY,381.239990234375,360.48956298828125
2022-07-05,SPY,381.9599914550781,361.1703796386719
2022-07-06,SPY,383.25,362.39019775390625
2022-07-07,SPY,388.989990234375,367.8177490234375
2022-07-08,SPY,388.6700134277344,367.5152893066406
2022-07-11,SPY,384.2300109863281,363.3168640136719
2022-07-12,SPY,380.8299865722656,360.1018371582031
2022-07-13,SPY,378.8299865722656,358.2107238769531
2022-07-14,SPY,377.9100036621094,357.34088134765625
2022-07-15,SPY,385.1300048828125,364.16778564453125
2022-07-18,SPY,381.95001220703125,361.1609191894531
2022-07-19,SPY,392.2699890136719,370.9192199707031
2022-07-20,SPY,394.7699890136719,373.2831115722656
2022-07-21,SPY,398.7900085449219,377.0843811035156
2022-07-22,SPY,395.0899963378906,373.5857238769531
2022-07-25,SPY,395.57000732421875,374.0396728515625
2022-07-26,SPY,390.8900146484375,369.6142883300781
2022-07-27,SPY,401.0400085449219,379.2119140625
2022-07-28,SPY,406.07000732421875,383.9681701660156
2022-07-29,SPY,411.989990234375,389.56591796875
2022-08-01,SPY,410.7699890136719,388.41229248046875
2022-08-02,SPY,408.05999755859375,385.84979248046875
2022-08-03,SPY,414.45001220703125,391.8919677734375
2022-08-04,SPY,414.1700134277344,391.627197265625
2022-08-05,SPY,413.4700012207031,390.96533203125
2022-08-08,SPY,412.989990234375,390.511474609375
2022-08-09,SPY,411.3500061035156,388.96075439453125
2022-08-10,SPY,419.989990234375,397.1304626464844
2022-08-11,SPY,419.989990234375,397.1304626464844
2022-08-12,SPY,427.1000061035156,403.85345458984375
2022-08-15,SPY,428.8599853515625,405.51763916015625
2022-08-16,SPY,429.70001220703125,406.3119812011719
2022-08-17,SPY,426.6499938964844,403.4280090332031
2022-08-18,SPY,427.8900146484375,404.6004638671875
2022-08-19,SPY,422.1400146484375,399.1634521484375
2022-08-22,SPY,413.3500061035156,390.8518371582031
2022-08-23,SPY,412.3500061035156,389.90631103515625
2022-08-24,SPY,413.6700134277344,391.1544494628906
2022-08-25,SPY,419.510009765625,396.6766052246094
2022-08-26,SPY,405.30999755859375,383.24945068359375
2022-08-29,SPY,402.6300048828125,380.71539306640625
2022-08-30,SPY,398.2099914550781,376.5359191894531
2022-08-31,SPY,395.17999267578125,373.6707763671875
2022-09-01,SPY,396.4200134277344,374.8433532714844
2022-09-02,SPY,392.239990234375,370.890869140625
2022-09-06,SPY,390.760009765625,369.4914855957031
2022-09-07,SPY,397.7799987792969,376.1293029785156
2022-09-08,SPY,400.3800048828125,378.58782958984375
2022-09-09,SPY,406.6000061035156,384.4692687988281
2022-09-12,SPY,410.9700012207031,388.60150146484375
2022-09-13,SPY,393.1000061035156,371.7040710449219
2022-09-14,SPY,394.6000061035156,373.1224670410156
2022-09-15,SPY,390.1199951171875,368.8861999511719
2022-09-16,SPY,385.55999755859375,366.072021484375
2022-09-19,SPY,388.54998779296875,368.9108581542969
2022-09-20,SPY,384.0899963378906,364.6763610839844
2022-09-21,SPY,377.3900146484375,358.3150329589844
2022-09-22,SPY,374.2200012207031,355.3052062988281
2022-09-23,SPY,367.95001220703125,349.3521423339844
2022-09-26,SPY,364.30999755859375,345.8961486816406
2022-09-27,SPY,363.3800048828125,345.01312255859375
2022-09-28,SPY,370.5299987792969,351.8017578125
2022-09-29,SPY,362.7900085449219,344.4530029296875
2022-09-30,SPY,357.17999267578125,339.12652587890625
2022-10-03,SPY,366.6099853515625,348.0799255371094
2022-10-04,SPY,377.9700012207031,358.86572265625
2022-10-05,SPY,377.0899963378906,358.0301208496094
2022-10-06,SPY,373.20001220703125,354.3368225097656
2022-10-07,SPY,362.7900085449219,344.4530029296875
2022-10-10,SPY,360.0199890136719,341.822998046875
2022-10-11,SPY,357.739990234375,339.658203125
2022-10-12,SPY,356.55999755859375,338.5378723144531
2022-10-13,SPY,365.9700012207031,347.47216796875
2022-10-14,SPY,357.6300048828125,339.55377197265625
2022-10-17,SPY,366.82000732421875,348.279296875
2022-10-18,SPY,371.1300048828125,352.3714294433594
2022-10-19,SPY,368.5,349.87432861328125
2022-10-20,SPY,365.4100036621094,346.9404602050781
2022-10-21,SPY,374.2900085449219,355.3717041015625
2022-10-24,SPY,378.8699951171875,359.72021484375
2022-10-25,SPY,384.9200134277344,365.46435546875
2022-10-26,SPY,382.0199890136719,362.71099853515625
2022-10-27,SPY,379.9800109863281,360.77410888671875
2022-10-28,SPY,389.0199890136719,369.357177734375
2022-10-31,SPY,386.2099914550781,366.689208984375
2022-11-01,SPY,384.5199890136719,365.08465576171875
2022-11-02,SPY,374.8699951171875,355.9223937988281
2022-11-03,SPY,371.010009765625,352.25750732421875
2022-11-04,SPY,376.3500061035156,357.3275451660156
2022-11-07,SPY,379.95001220703125,360.7456359863281
2022-11-08,SPY,382,362.69195556640625
2022-11-09,SPY,374.1300048828125,355.2197570800781
2022-11-10,SPY,394.69000244140625,374.7406005859375
2022-11-11,SPY,398.510009765625,378.3675231933594
2022-11-14,SPY,395.1199951171875,375.14886474609375
2022-11-15,SPY,398.489990234375,378.34844970703125
2022-11-16,SPY,395.45001220703125,375.462158203125
2022-11-17,SPY,394.239990234375,374.3133239746094
2022-11-18,SPY,396.0299987792969,376.0129089355469
2022-11-21,SPY,394.5899963378906,374.6456604003906
2022-11-22,SPY,399.8999938964844,379.68731689453125
2022-11-23,SPY,402.4200134277344,382.07989501953125
2022-11-25,SPY,402.3299865722656,381.9944152832031
2022-11-28,SPY,395.9100036621094,375.8988952636719
2022-11-29,SPY,395.2300109863281,375.2533264160156
2022-11-30,SPY,407.67999267578125,387.0740051269531
2022-12-01,SPY,407.3800048828125,386.78912353515625
2022-12-02,SPY,406.9100036621094,386.3428955078125
2022-12-05,SPY,399.5899963378906,379.3928527832031
2022-12-06,SPY,393.8299865722656,373.9240417480469
2022-12-07,SPY,393.1600036621094,373.2879333496094
2022-12-08,SPY,396.239990234375,376.21221923828125
2022-12-09,SPY,393.2799987792969,373.4018859863281
2022-12-12,SPY,398.95001220703125,378.7852478027344
2022-12-13,SPY,401.9700012207031,381.6526794433594
2022-12-14,SPY,399.3999938964844,379.21246337890625
2022-12-15,SPY,389.6300048828125,369.936279296875
2022-12-16,SPY,383.2699890136719,365.56884765625
2022-12-19,SPY,380.0199890136719,362.4689025878906
2022-12-20,SPY,380.5400085449219,362.96490478515625
2022-12-21,SPY,386.2300109863281,368.3921203613281
2022-12-22,SPY,380.7200012207031,363.1365966796875
2022-12-23,SPY,382.9100036621094,365.2254638671875
2022-12-27,SPY,381.3999938964844,363.78521728515625
2022-12-28,SPY,376.6600036621094,359.2641296386719
2022-12-29,SPY,383.44000244140625,365.73101806640625
2022-12-30,SPY,382.42999267578125,364.7676086425781
2023-01-03,SPY,380.82000732421875,363.23193359375
2023-01-04,SPY,383.760009765625,366.0362548828125
2023-01-05,SPY,379.3800048828125,361.8584899902344
2023-01-06,SPY,388.0799865722656,370.15667724609375
2023-01-09,SPY,387.8599853515625,369.9468688964844
2023-01-10,SPY,390.5799865722656,372.54119873046875
2023-01-11,SPY,395.5199890136719,377.2530517578125
2023-01-12,SPY,396.9599914550781,378.62652587890625
2023-01-13,SPY,398.5,380.09539794921875
2023-01-17,SPY,397.7699890136719,379.399169921875
2023-01-18,SPY,391.489990234375,373.4091796875
2023-01-19,SPY,388.6400146484375,370.6908264160156
2023-01-20,SPY,395.8800048828125,377.5964660644531
2023-01-23,SPY,400.6300048828125,382.12701416015625
2023-01-24,SPY,400.20001220703125,381.7169189453125
2023-01-25,SPY,400.3500061035156,381.8599853515625
2023-01-26,SPY,404.75,386.0567626953125
2023-01-27,SPY,405.67999267578125,386.9438171386719
2023-01-30,SPY,400.5899963378906,382.0888671875
2023-01-31,SPY,406.4800109863281,387.7069396972656
2023-02-01,SPY,410.79998779296875,391.82733154296875
2023-02-02,SPY,416.7799987792969,397.53118896484375
2023-02-03,SPY,412.3500061035156,393.30572509765625
2023-02-06,SPY,409.8299865722656,390.9021301269531
2023-02-07,SPY,415.19000244140625,396.0146179199219
2023-02-08,SPY,410.6499938964844,391.6842346191406
2023-02-09,SPY,407.0899963378906,388.2886962890625
2023-02-10,SPY,408.0400085449219,389.1948547363281
2023-02-13,SPY,412.8299865722656,393.7635803222656
2023-02-14,SPY,412.6400146484375,393.5823669433594
2023-02-15,SPY,413.9800109863281,394.8605041503906
2023-02-16,SPY,408.2799987792969,389.42376708984375
2023-02-17,SPY,407.260009765625,388.450927734375
2023-02-21,SPY,399.0899963378906,380.6581726074219
2023-02-22,SPY,398.5400085449219,380.13360595703125
2023-02-23,SPY,400.6600036621094,382.15570068359375
2023-02-24,SPY,396.3800048828125,378.0733947753906
2023-02-27,SPY,397.7300109863281,379.3610534667969
2023-02-28,SPY,396.260009765625,377.9588928222656
2023-03-01,SPY,394.739990234375,376.50909423828125
2023-03-02,SPY,397.80999755859375,379.4372253417969
2023-03-03,SPY,404.19000244140625,385.5226745605469
2023-03-06,SPY,404.4700012207031,385.7896728515625
2023-03-07,SPY,398.2699890136719,379.8760986328125
2023-03-08,SPY,398.9200134277344,380.49609375
2023-03-09,SPY,391.55999755859375,373.4759826660156
2023-03-10,SPY,385.9100036621094,368.0868835449219
2023-03-13,SPY,385.3599853515625,367.5622863769531
2023-03-14,SPY,391.7300109863281,373.63812255859375
2023-03-15,SPY,389.2799987792969,371.3012390136719
2023-03-16,SPY,396.1099853515625,377.81585693359375
2023-03-17,SPY,389.989990234375,373.3980712890625
2023-03-20,SPY,393.739990234375,376.9885559082031
2023-03-21,SPY,398.9100036621094,381.9386291503906
2023-03-22,SPY,392.1099853515625,375.42791748046875
2023-03-23,SPY,393.1700134277344,376.4428405761719
2023-03-24,SPY,395.75,378.9131164550781
2023-03-27,SPY,396.489990234375,379.62158203125
2023-03-28,SPY,395.6000061035156,378.76947021484375
2023-03-29,SPY,401.3500061035156,384.27484130859375
2023-03-30,SPY,403.70001220703125,386.5248107910156
2023-03-31,SPY,409.3900146484375,391.9728088378906
2023-04-03,SPY,410.95001220703125,393.4664001464844
2023-04-04,SPY,408.6700134277344,391.28338623046875
2023-04-05,SPY,407.6000061035156,390.2589111328125
2023-04-06,SPY,409.19000244140625,391.7813415527344
2023-04-10,SPY,409.6099853515625,392.18341064453125
2023-04-11,SPY,409.7200012207031,392.2887878417969
2023-04-12,SPY,408.04998779296875,390.6897277832031
2023-04-13,SPY,413.4700012207031,395.87921142578125
2023-04-14,SPY,412.4599914550781,394.9121398925781
2023-04-17,SPY,413.94000244140625,396.3291931152344
2023-04-18,SPY,414.2099914550781,396.5877380371094
2023-04-19,SPY,414.1400146484375,396.5206604003906
2023-04-20,SPY,411.8800048828125,394.3568420410156
2023-04-21,SPY,412.20001220703125,394.6632080078125
2023-04-24,SPY,412.6300048828125,395.07489013671875
2023-04-25,SPY,406.0799865722656,388.8035583496094
2023-04-26,SPY,404.3599853515625,387.15679931640625
2023-04-27,SPY,412.4100036621094,394.8642578125
2023-04-28,SPY,415.92999267578125,398.23455810546875
2023-05-01,SPY,415.510009765625,397.8324890136719
2023-05-02,SPY,410.8399963378906,393.3610534667969
2023-05-03,SPY,408.0199890136719,390.6611022949219
2023-05-04,SPY,405.1300048828125,387.8940124511719
2023-05-05,SPY,412.6300048828125,395.07489013671875
2023-05-08,SPY,412.739990234375,395.18023681640625
2023-05-09,SPY,410.92999267578125,393.447265625
2023-05-10,SPY,412.8500061035156,395.2855529785156
2023-05-11,SPY,412.1300048828125,394.5961608886719
2023-05-12,SPY,411.5899963378906,394.07916259765625
2023-05-15,SPY,413.010009765625,395.43878173828125
2023-05-16,SPY,410.25,392.7962341308594
2023-05-17,SPY,415.2300109863281,397.5642395019531
2023-05-18,SPY,419.2300109863281,401.3941650390625
2023-05-19,SPY,418.6199951171875,400.81005859375
2023-05-22,SPY,418.7900085449219,400.97283935546875
2023-05-23,SPY,414.0899963378906,396.4727783203125
2023-05-24,SPY,411.0899963378906,393.60040283203125
2023-05-25,SPY,414.6499938964844,397.00897216796875
2023-05-26,SPY,420.0199890136719,402.1505126953125
2023-05-30,SPY,420.17999267578125,402.3036193847656
2023-05-31,SPY,417.8500061035156,400.0728759765625
2023-06-01,SPY,421.82000732421875,403.8739929199219
2023-06-02,SPY,427.9200134277344,409.7144470214844
2023-06-05,SPY,427.1000061035156,408.9293212890625
2023-06-06,SPY,428.0299987792969,409.8197021484375
2023-06-07,SPY,426.54998779296875,408.4027099609375
2023-06-08,SPY,429.1300048828125,410.87298583984375
2023-06-09,SPY,429.8999938964844,411.61016845703125
2023-06-12,SPY,433.79998779296875,415.34417724609375
2023-06-13,SPY,436.6600036621094,418.0826110839844
2023-06-14,SPY,437.17999267578125,418.5804443359375
2023-06-15,SPY,442.6000061035156,423.7698974609375
2023-06-16,SPY,439.4599914550781,422.3264465332031
2023-06-20,SPY,437.17999267578125,420.13531494140625
2023-06-21,SPY,434.94000244140625,417.982666015625
2023-06-22,SPY,436.510009765625,419.4914245605469
2023-06-23,SPY,433.2099914550781,416.3200378417969
2023-06-26,SPY,431.44000244140625,414.619140625
2023-06-27,SPY,436.1700134277344,419.1646728515625
2023-06-28,SPY,436.3900146484375,419.3761901855469
2023-06-29,SPY,438.1099853515625,421.0290832519531
2023-06-30,SPY,443.2799987792969,425.99749755859375
2023-07-03,SPY,443.7900085449219,426.487548828125
2023-07-05,SPY,443.1300048828125,425.853271484375
2023-07-06,SPY,439.6600036621094,422.51861572265625
2023-07-07,SPY,438.54998779296875,421.4518737792969
2023-07-10,SPY,439.6600036621094,422.51861572265625
2023-07-11,SPY,442.4599914550781,425.2095031738281
2023-07-12,SPY,446.0199890136719,428.63067626953125
2023-07-13,SPY,449.55999755859375,432.0326843261719
2023-07-14,SPY,449.2799987792969,431.7635803222656
2023-07-17,SPY,450.8399963378906,433.26275634765625
2023-07-18,SPY,454.19000244140625,436.48211669921875
2023-07-19,SPY,455.20001220703125,437.45281982421875
2023-07-20,SPY,452.17999267578125,434.550537109375
2023-07-21,SPY,452.17999267578125,434.550537109375
2023-07-24,SPY,454.20001220703125,436.49169921875
2023-07-25,SPY,455.44000244140625,437.6834411621094
2023-07-26,SPY,455.510009765625,437.7507019042969
2023-07-27,SPY,452.489990234375,434.848388671875
2023-07-28,SPY,456.9200134277344,439.105712890625
2023-07-31,SPY,457.7900085449219,439.9418029785156
2023-08-01,SPY,456.4800109863281,438.68280029296875
2023-08-02,SPY,450.1300048828125,432.58038330078125
2023-08-03,SPY,448.8399963378906,431.3407287597656
2023-08-04,SPY,446.80999755859375,429.3898620605469
2023-08-07,SPY,450.7099914550781,433.1378173828125
2023-08-08,SPY,448.75,431.2541809082031
2023-08-09,SPY,445.75,428.3712158203125
2023-08-10,SPY,445.9100036621094,428.52496337890625
2023-08-11,SPY,445.6499938964844,428.2751159667969
2023-08-14,SPY,448.1099853515625,430.6391906738281
2023-08-15,SPY,442.8900146484375,425.6226806640625
2023-08-16,SPY,439.6400146484375,422.49945068359375
2023-08-17,SPY,436.2900085449219,419.280029296875
2023-08-18,SPY,436.5,419.4818115234375
2023-08-21,SPY,439.3399963378906,422.2110900878906
2023-08-22,SPY,438.1499938964844,421.0675354003906
2023-08-23,SPY,443.0299987792969,425.7572326660156
2023-08-24,SPY,436.8900146484375,419.8566589355469
2023-08-25,SPY,439.9700012207031,422.8165283203125
2023-08-28,SPY,442.760009765625,425.497802734375
2023-08-29,SPY,449.1600036621094,431.6482849121094
2023-08-30,SPY,451.010009765625,433.4261474609375
2023-08-31,SPY,450.3500061035156,432.7919006347656
2023-09-01,SPY,451.19000244140625,433.59906005859375
2023-09-05,SPY,449.239990234375,431.7251281738281
2023-09-06,SPY,446.2200012207031,428.8228759765625
2023-09-07,SPY,444.8500061035156,427.5063171386719
2023-09-08,SPY,445.5199890136719,428.15008544921875
2023-09-11,SPY,448.45001220703125,430.9659423828125
2023-09-12,SPY,445.989990234375,428.60186767578125
2023-09-13,SPY,446.510009765625,429.1015625
2023-09-14,SPY,450.3599853515625,432.8014831542969
2023-09-15,SPY,443.3699951171875,427.5869140625
2023-09-18,SPY,443.6300048828125,427.83770751953125
2023-09-19,SPY,442.7099914550781,426.9504089355469
2023-09-20,SPY,438.6400146484375,423.02532958984375
2023-09-21,SPY,431.3900146484375,416.03338623046875
2023-09-22,SPY,430.4200134277344,415.0979309082031
2023-09-25,SPY,432.2300109863281,416.8435363769531
2023-09-26,SPY,425.8800048828125,410.71954345703125
2023-09-27,SPY,426.04998779296875,410.88348388671875
2023-09-28,SPY,428.5199890136719,413.2655334472656
2023-09-29,SPY,427.4800109863281,412.26263427734375
2023-10-02,SPY,427.30999755859375,412.0986328125
2023-10-03,SPY,421.5899963378906,406.582275390625
2023-10-04,SPY,424.6600036621094,409.54296875
2023-10-05,SPY,424.5,409.3887023925781
2023-10-06,SPY,429.5400085449219,414.2492370605469
2023-10-09,SPY,432.2900085449219,416.9013671875
2023-10-10,SPY,434.5400085449219,419.0712890625
2023-10-11,SPY,436.32000732421875,420.78790283203125
2023-10-12,SPY,433.6600036621094,418.22259521484375
2023-10-13,SPY,431.5,416.1394958496094
2023-10-16,SPY,436.0400085449219,420.51788330078125
2023-10-17,SPY,436.0199890136719,420.49853515625
2023-10-18,SPY,430.2099914550781,414.8953552246094
2023-10-19,SPY,426.42999267578125,411.2500305175781
2023-10-20,SPY,421.19000244140625,406.1965637207031
2023-10-23,SPY,420.4599914550781,405.4924621582031
2023-10-24,SPY,423.6300048828125,408.5496520996094
2023-10-25,SPY,417.54998779296875,402.6860656738281
2023-10-26,SPY,412.54998779296875,397.864013671875
2023-10-27,SPY,410.67999267578125,396.06060791015625
2023-10-30,SPY,415.5899963378906,400.7958068847656
2023-10-31,SPY,418.20001220703125,403.3128967285156
2023-11-01,SPY,422.6600036621094,407.6141662597656
2023-11-02,SPY,430.760009765625,415.4258117675781
2023-11-03,SPY,434.69000244140625,419.2159729003906
2023-11-06,SPY,435.69000244140625,420.18035888671875
2023-11-07,SPY,436.92999267578125,421.3761901855469
2023-11-08,SPY,437.25,421.6847839355469
2023-11-09,SPY,433.8399963378906,418.39617919921875
2023-11-10,SPY,440.6099853515625,424.92510986328125
2023-11-13,SPY,440.19000244140625,424.5201721191406
2023-11-14,SPY,448.7300109863281,432.7561340332031
2023-11-15,SPY,449.67999267578125,433.6723327636719
2023-11-16,SPY,450.2300109863281,434.20269775390625
2023-11-17,SPY,450.7900085449219,434.7427978515625
2023-11-20,SPY,454.260009765625,438.0892639160156
2023-11-21,SPY,453.2699890136719,437.1344909667969
2023-11-22,SPY,455.0199890136719,438.82220458984375
2023-11-24,SPY,455.29998779296875,439.0922546386719
2023-11-27,SPY,454.4800109863281,438.30145263671875
2023-11-28,SPY,454.92999267578125,438.73541259765625
2023-11-29,SPY,454.6099853515625,438.4267883300781
2023-11-30,SPY,456.3999938964844,440.1530456542969
2023-12-01,SPY,459.1000061035156,442.7569580078125
2023-12-04,SPY,456.69000244140625,440.4327087402344
2023-12-05,SPY,456.6000061035156,440.34600830078125
2023-12-06,SPY,454.760009765625,438.571533203125
2023-12-07,SPY,458.2300109863281,441.91790771484375
2023-12-08,SPY,460.20001220703125,443.81787109375
2023-12-11,SPY,461.989990234375,445.5440979003906
2023-12-12,SPY,464.1000061035156,447.5789794921875
2023-12-13,SPY,470.5,453.7511901855469
2023-12-14,SPY,472.010009765625,455.2074279785156
2023-12-15,SPY,469.3299865722656,454.45794677734375
2023-12-18,SPY,471.9700012207031,457.0142822265625
2023-12-19,SPY,474.8399963378906,459.7933349609375
2023-12-20,SPY,468.260009765625,453.421875
2023-12-21,SPY,472.70001220703125,457.7211608886719
2023-12-22,SPY,473.6499938964844,458.6409912109375
2023-12-26,SPY,475.6499938964844,460.5776672363281
2023-12-27,SPY,476.510009765625,461.4104309082031
2023-12-28,SPY,476.69000244140625,461.5847473144531
2023-12-29,SPY,475.30999755859375,460.2484130859375
2024-01-02,SPY,472.6499938964844,457.6727294921875
2024-01-03,SPY,468.7900085449219,453.93505859375
2024-01-04,SPY,467.2799987792969,452.4728698730469
2024-01-05,SPY,467.9200134277344,453.0926513671875
2024-01-08,SPY,474.6000061035156,459.5609130859375
2024-01-09,SPY,473.8800048828125,458.86376953125
2024-01-10,SPY,476.55999755859375,461.4587707519531
2024-01-11,SPY,476.3500061035156,461.2554931640625
2024-01-12,SPY,476.67999267578125,461.5750427246094
2024-01-16,SPY,474.92999267578125,459.8804016113281
2024-01-17,SPY,472.2900085449219,457.3241882324219
2024-01-18,SPY,476.489990234375,461.3910217285156
2024-01-19,SPY,482.42999267578125,467.1427917480469
2024-01-22,SPY,483.45001220703125,468.1305236816406
2024-01-23,SPY,484.8599853515625,469.4957580566406
2024-01-24,SPY,485.3900146484375,470.009033203125
2024-01-25,SPY,488.0299987792969,472.56536865234375
2024-01-26,SPY,487.4100036621094,471.96502685546875
2024-01-29,SPY,491.2699890136719,475.70269775390625
2024-01-30,SPY,490.8900146484375,475.3347473144531
2024-01-31,SPY,482.8800048828125,467.5785827636719
2024-02-01,SPY,489.20001220703125,473.69830322265625
2024-02-02,SPY,494.3500061035156,478.68511962890625
2024-02-05,SPY,492.54998779296875,476.9420471191406
2024-02-06,SPY,493.9800109863281,478.3268127441406
2024-02-07,SPY,498.1000061035156,482.3162536621094
2024-02-08,SPY,498.32000732421875,482.529296875
2024-02-09,SPY,501.20001220703125,485.3180236816406
2024-02-12,SPY,500.9800109863281,485.10504150390625
2024-02-13,SPY,494.0799865722656,478.42364501953125
2024-02-14,SPY,498.57000732421875,482.7713623046875
2024-02-15,SPY,502.010009765625,486.1023864746094
2024-02-16,SPY,499.510009765625,483.6816101074219
2024-02-20,SPY,496.760009765625,481.01873779296875
2024-02-21,SPY,497.2099914550781,481.4544982910156
2024-02-22,SPY,507.5,491.4183654785156
2024-02-23,SPY,507.8500061035156,491.7572937011719
2024-02-26,SPY,505.989990234375,489.95623779296875
2024-02-27,SPY,506.92999267578125,490.8664245605469
2024-02-28,SPY,506.260009765625,490.2177734375
2024-02-29,SPY,508.0799865722656,491.9800720214844
2024-03-01,SPY,512.8499755859375,496.59881591796875
2024-03-04,SPY,512.2999877929688,496.0662841796875
2024-03-05,SPY,507.17999267578125,491.1085510253906
2024-03-06,SPY,509.75,493.5970764160156
2024-03-07,SPY,514.8099975585938,498.4967956542969
2024-03-08,SPY,511.7200012207031,495.5046691894531
2024-03-11,SPY,511.2799987792969,495.07861328125
2024-03-12,SPY,516.780029296875,500.40435791015625
2024-03-13,SPY,515.969970703125,499.6199951171875
2024-03-14,SPY,514.9500122070312,498.6322937011719
2024-03-15,SPY,509.8299865722656,495.2084045410156
2024-03-18,SPY,512.8599853515625,498.1514892578125
2024-03-19,SPY,515.7100219726562,500.9198303222656
2024-03-20,SPY,520.47998046875,505.5528869628906
2024-03-21,SPY,522.2000122070312,507.2236633300781
2024-03-22,SPY,521.2100219726562,506.2620544433594
2024-03-25,SPY,519.77001953125,504.8633728027344
2024-03-26,SPY,518.8099975585938,503.9308776855469
2024-03-27,SPY,523.1699829101562,508.1658630371094
2024-03-28,SPY,523.0700073242188,508.0687255859375
2024-04-01,SPY,522.1599731445312,507.1847839355469
2024-04-02,SPY,518.8400268554688,503.9600524902344
2024-04-03,SPY,519.4099731445312,504.51361083984375
2024-04-04,SPY,513.0700073242188,498.35552978515625
2024-04-05,SPY,518.4299926757812,503.5617370605469
2024-04-08,SPY,518.719970703125,503.8434753417969
2024-04-09,SPY,519.3200073242188,504.4263000488281
2024-04-10,SPY,514.1199951171875,499.37542724609375
2024-04-11,SPY,518,503.14410400390625
2024-04-12,SPY,510.8500061035156,496.1991882324219
2024-04-15,SPY,504.45001220703125,489.9827880859375
2024-04-16,SPY,503.5299987792969,489.089111328125
2024-04-17,SPY,500.54998779296875,486.1945495605469
2024-04-18,SPY,499.5199890136719,485.1941223144531
2024-04-19,SPY,495.1600036621094,480.9591369628906
2024-04-22,SPY,499.7200012207031,485.38836669921875
2024-04-23,SPY,505.6499938964844,491.1483154296875
2024-04-24,SPY,505.4100036621094,490.9151916503906
2024-04-25,SPY,503.489990234375,489.0502624511719
2024-04-26,SPY,508.260009765625,493.6834411621094
2024-04-29,SPY,510.05999755859375,495.4318542480469
2024-04-30,SPY,501.9800109863281,487.5835876464844
2024-05-01,SPY,500.3500061035156,486.0003356933594
2024-05-02,SPY,505.0299987792969,490.5461120605469
2024-05-03,SPY,511.2900085449219,496.6265563964844
2024-05-06,SPY,516.5700073242188,501.755126953125
2024-05-07,SPY,517.1400146484375,502.30877685546875
2024-05-08,SPY,517.1900024414062,502.35736083984375
2024-05-09,SPY,520.1699829101562,505.2519226074219
2024-05-10,SPY,520.8400268554688,505.9027404785156
2024-05-13,SPY,520.9099731445312,505.9705810546875
2024-05-14,SPY,523.2999877929688,508.2921447753906
2024-05-15,SPY,529.780029296875,514.5863037109375
2024-05-16,SPY,528.6900024414062,513.5274658203125
2024-05-17,SPY,529.4500122070312,514.2658081054688
2024-05-20,SPY,530.0599975585938,514.8582763671875
2024-05-21,SPY,531.3599853515625,516.120849609375
2024-05-22,SPY,529.8300170898438,514.6349487304688
2024-05-23,SPY,525.9600219726562,510.8758239746094
2024-05-24,SPY,529.4400024414062,514.2560424804688
2024-05-28,SPY,529.8099975585938,514.6154174804688
2024-05-29,SPY,526.0999755859375,511.0118103027344
2024-05-30,SPY,522.6099853515625,507.62188720703125
2024-05-31,SPY,527.3699951171875,512.245361328125
2024-06-03,SPY,527.7999877929688,512.6630859375
2024-06-04,SPY,528.3900146484375,513.2361450195312
2024-06-05,SPY,534.6699829101562,519.3359375
2024-06-06,SPY,534.6599731445312,519.3263549804688
2024-06-07,SPY,534.010009765625,518.6949462890625
2024-06-10,SPY,535.6599731445312,520.2975463867188
2024-06-11,SPY,536.9500122070312,521.5507202148438
2024-06-12,SPY,541.3599853515625,525.8341064453125
2024-06-13,SPY,542.4500122070312,526.8930053710938
2024-06-14,SPY,542.780029296875,527.2135009765625
2024-06-17,SPY,547.0999755859375,531.4095458984375
2024-06-18,SPY,548.489990234375,532.7596435546875
2024-06-20,SPY,547,531.3123168945312
2024-06-21,SPY,544.510009765625,530.60009765625
2024-06-24,SPY,542.739990234375,528.8753051757812
2024-06-25,SPY,544.8300170898438,530.9120483398438
2024-06-26,SPY,545.510009765625,531.5745239257812
2024-06-27,SPY,546.3699951171875,532.41259765625
2024-06-28,SPY,544.219970703125,530.3175048828125
2024-07-01,SPY,545.3400268554688,531.4089965820312
2024-07-02,SPY,549.010009765625,534.985107421875
2024-07-03,SPY,551.4600219726562,537.37255859375
2024-07-05,SPY,554.6400146484375,540.4713134765625
2024-07-08,SPY,555.280029296875,541.0950317382812
2024-07-09,SPY,555.8200073242188,541.6211547851562
2024-07-10,SPY,561.3200073242188,546.9805908203125
2024-07-11,SPY,556.47998046875,542.264404296875
2024-07-12,SPY,559.989990234375,545.6846313476562
2024-07-15,SPY,561.530029296875,547.1853637695312
2024-07-16,SPY,564.8599853515625,550.4302978515625
2024-07-17,SPY,556.9400024414062,542.7125854492188
2024-07-18,SPY,552.6599731445312,538.5419311523438
2024-07-19,SPY,548.989990234375,534.965576171875
2024-07-22,SPY,554.6500244140625,540.4810791015625
2024-07-23,SPY,553.780029296875,539.6333618164062
2024-07-24,SPY,541.22998046875,527.4038696289062
2024-07-25,SPY,538.4099731445312,524.6558837890625
2024-07-26,SPY,544.4400024414062,530.5319213867188
2024-07-29,SPY,544.760009765625,530.8436889648438
2024-07-30,SPY,542,528.1542358398438
2024-07-31,SPY,550.8099975585938,536.7391357421875
2024-08-01,SPY,543.010009765625,529.1383666992188
2024-08-02,SPY,532.9000244140625,519.2866821289062
2024-08-05,SPY,517.3800048828125,504.1632385253906
2024-08-06,SPY,522.1500244140625,508.81134033203125
2024-08-07,SPY,518.6599731445312,505.41046142578125
2024-08-08,SPY,530.6500244140625,517.0941772460938
2024-08-09,SPY,532.989990234375,519.3743286132812
2024-08-12,SPY,533.27001953125,519.647216796875
2024-08-13,SPY,542.0399780273438,528.193115234375
2024-08-14,SPY,543.75,529.8595581054688
2024-08-15,SPY,553.0700073242188,538.9415283203125
2024-08-16,SPY,554.3099975585938,540.1497802734375
2024-08-19,SPY,559.6099853515625,545.3143920898438
2024-08-20,SPY,558.7000122070312,544.4275512695312
2024-08-21,SPY,560.6199951171875,546.298583984375
2024-08-22,SPY,556.219970703125,542.0108642578125
2024-08-23,SPY,562.1300048828125,547.77001953125
2024-08-26,SPY,560.7899780273438,546.4641723632812
2024-08-27,SPY,561.5599975585938,547.2145385742188
2024-08-28,SPY,558.2999877929688,544.0379028320312
2024-08-29,SPY,558.3499755859375,544.0865478515625
2024-08-30,SPY,563.6799926757812,549.2803344726562
2024-09-03,SPY,552.0800170898438,537.9767456054688
2024-09-04,SPY,550.9500122070312,536.8756103515625
2024-09-05,SPY,549.6099853515625,535.56982421875
2024-09-06,SPY,540.3599853515625,526.5560913085938
2024-09-09,SPY,546.4099731445312,532.4515380859375
2024-09-10,SPY,548.7899780273438,534.770751953125
2024-09-11,SPY,554.4199829101562,540.2569580078125
2024-09-12,SPY,559.0900268554688,544.8076171875
2024-09-13,SPY,562.010009765625,547.653076171875
2024-09-16,SPY,562.8400268554688,548.4619140625
2024-09-17,SPY,563.0700073242188,548.6859741210938
2024-09-18,SPY,561.4000244140625,547.0587158203125
2024-09-19,SPY,570.97998046875,556.3938598632812
2024-09-20,SPY,568.25,555.43212890625
2024-09-23,SPY,569.6699829101562,556.820068359375
2024-09-24,SPY,571.2999877929688,558.4132690429688
2024-09-25,SPY,570.0399780273438,557.1817016601562
2024-09-26,SPY,572.2999877929688,559.3907470703125
2024-09-27,SPY,571.469970703125,558.5794677734375
2024-09-30,SPY,573.760009765625,560.81787109375
2024-10-01,SPY,568.6199951171875,555.7937622070312
2024-10-02,SPY,568.8599853515625,556.0283813476562
2024-10-03,SPY,567.8200073242188,555.0117797851562
2024-10-04,SPY,572.97998046875,560.0554809570312
2024-10-07,SPY,567.7999877929688,554.9922485351562
2024-10-08,SPY,573.1699829101562,560.2410888671875
2024-10-09,SPY,577.1400146484375,564.12158203125
2024-10-10,SPY,576.1300048828125,563.1343994140625
2024-10-11,SPY,579.5800170898438,566.5065307617188
2024-10-14,SPY,584.3200073242188,571.1396484375
2024-10-15,SPY,579.780029296875,566.7020263671875
2024-10-16,SPY,582.2999877929688,569.1652221679688
2024-10-17,SPY,582.3499755859375,569.2140502929688
2024-10-18,SPY,584.5900268554688,571.403564453125
2024-10-21,SPY,583.6300048828125,570.4652099609375
2024-10-22,SPY,583.3200073242188,570.1621704101562
2024-10-23,SPY,577.989990234375,564.9524536132812
2024-10-24,SPY,579.239990234375,566.1741943359375
2024-10-25,SPY,579.0399780273438,565.9786987304688
2024-10-28,SPY,580.8300170898438,567.7283325195312
2024-10-29,SPY,581.77001953125,568.6471557617188
2024-10-30,SPY,580.010009765625,566.9268798828125
2024-10-31,SPY,568.6400146484375,555.8133544921875
2024-11-01,SPY,571.0399780273438,558.1591796875
2024-11-04,SPY,569.8099975585938,556.9569091796875
2024-11-05,SPY,576.7000122070312,563.6915283203125
2024-11-06,SPY,591.0399780273438,577.7079467773438
2024-11-07,SPY,595.6099853515625,582.1749267578125
2024-11-08,SPY,598.1900024414062,584.69677734375
2024-11-11,SPY,598.760009765625,585.2539672851562
2024-11-12,SPY,596.9000244140625,583.4358520507812
2024-11-13,SPY,597.1900024414062,583.7192993164062
2024-11-14,SPY,593.3499755859375,579.9659423828125
2024-11-15,SPY,585.75,572.537353515625
2024-11-18,SPY,588.1500244140625,574.8832397460938
2024-11-19,SPY,590.2999877929688,576.9846801757812
2024-11-20,SPY,590.5,577.1802368164062
2024-11-21,SPY,593.6699829101562,580.2786865234375
2024-11-22,SPY,595.510009765625,582.0772094726562
2024-11-25,SPY,597.530029296875,584.0516967773438
2024-11-26,SPY,600.6500244140625,587.101318359375
2024-11-27,SPY,598.8300170898438,585.3223266601562
2024-11-29,SPY,602.5499877929688,588.9584350585938
2024-12-02,SPY,603.6300048828125,590.0139770507812
2024-12-03,SPY,603.9099731445312,590.287841796875
2024-12-04,SPY,607.6599731445312,593.953125
2024-12-05,SPY,606.6599731445312,592.9757080078125
2024-12-06,SPY,607.8099975585938,594.0997314453125
2024-12-09,SPY,604.6799926757812,591.0403442382812
2024-12-10,SPY,602.7999877929688,589.2026977539062
2024-12-11,SPY,607.4600219726562,593.7576904296875
2024-12-12,SPY,604.3300170898438,590.6982421875
2024-12-13,SPY,604.2100219726562,590.5809936523438
2024-12-16,SPY,606.7899780273438,593.1026611328125
2024-12-17,SPY,604.2899780273438,590.6591796875
2024-12-18,SPY,586.280029296875,573.055419921875
2024-12-19,SPY,586.0999755859375,572.87939453125
2024-12-20,SPY,591.1500244140625,579.7603759765625
2024-12-23,SPY,594.6900024414062,583.2321166992188
2024-12-24,SPY,601.2999877929688,589.7147827148438
2024-12-26,SPY,601.3400268554688,589.7539672851562
2024-12-27,SPY,595.010009765625,583.5458984375
2024-12-30,SPY,588.219970703125,576.88671875
2024-12-31,SPY,586.0800170898438,574.7879638671875
2025-01-02,SPY,584.6400146484375,573.375732421875
2025-01-03,SPY,591.9500122070312,580.544921875
2025-01-06,SPY,595.3599853515625,583.8892211914062
2025-01-07,SPY,588.6300048828125,577.2888793945312
2025-01-08,SPY,589.489990234375,578.13232421875
2025-01-10,SPY,580.489990234375,569.3056030273438
2025-01-13,SPY,581.3900146484375,570.1882934570312
2025-01-14,SPY,582.1900024414062,570.972900390625
2025-01-15,SPY,592.780029296875,581.3589477539062
2025-01-16,SPY,591.6400146484375,580.2408447265625
2025-01-17,SPY,597.5800170898438,586.06640625
2025-01-21,SPY,603.0499877929688,591.4309692382812
2025-01-22,SPY,606.4400024414062,594.755615234375
2025-01-23,SPY,609.75,598.001953125
2025-01-24,SPY,607.969970703125,596.2561645507812
2025-01-27,SPY,599.3699951171875,587.8218994140625
2025-01-28,SPY,604.52001953125,592.8726196289062
2025-01-29,SPY,601.8099975585938,590.2149047851562
2025-01-30,SPY,605.0399780273438,593.3826293945312
2025-01-31,SPY,601.8200073242188,590.2246704101562
2025-02-03,SPY,597.77001953125,586.252685546875
2025-02-04,SPY,601.780029296875,590.1854248046875
2025-02-05,SPY,604.219970703125,592.5784912109375
2025-02-06,SPY,606.3200073242188,594.637939453125
2025-02-07,SPY,600.77001953125,589.1949462890625
2025-02-10,SPY,604.8499755859375,593.1962280273438
2025-02-11,SPY,605.3099975585938,593.6474609375
2025-02-12,SPY,603.3599853515625,591.7349853515625
2025-02-13,SPY,609.72998046875,597.9822998046875
2025-02-14,SPY,609.7000122070312,597.9529418945312
2025-02-18,SPY,611.489990234375,599.7083740234375
2025-02-19,SPY,612.9299926757812,601.12060546875
2025-02-20,SPY,610.3800048828125,598.6198120117188
2025-02-21,SPY,599.9400024414062,588.3809204101562
2025-02-24,SPY,597.2100219726562,585.70361328125
2025-02-25,SPY,594.239990234375,582.790771484375
2025-02-26,SPY,594.5399780273438,583.0848999023438
2025-02-27,SPY,585.0499877929688,573.77783203125
2025-02-28,SPY,594.1799926757812,582.7318725585938
2025-03-03,SPY,583.77001953125,572.5224609375
2025-03-04,SPY,576.8599853515625,565.7455444335938
2025-03-05,SPY,583.0599975585938,571.826171875
2025-03-06,SPY,572.7100219726562,561.6756591796875
2025-03-07,SPY,575.9199829101562,564.82373046875
2025-03-10,SPY,560.5800170898438,549.7791748046875
2025-03-11,SPY,555.9199829101562,545.2090454101562
2025-03-12,SPY,558.8699951171875,548.1021728515625
2025-03-13,SPY,551.4199829101562,540.7958374023438
2025-03-14,SPY,562.8099975585938,551.9662475585938
2025-03-17,SPY,567.1500244140625,556.2227172851562
2025-03-18,SPY,561.02001953125,550.2108154296875
2025-03-19,SPY,567.1300048828125,556.2030639648438
2025-03-20,SPY,565.489990234375,554.5946655273438
2025-03-21,SPY,563.97998046875,554.7776489257812
2025-03-24,SPY,574.0800170898438,564.712890625
2025-03-25,SPY,575.4600219726562,566.0703125
2025-03-26,SPY,568.5900268554688,559.3124389648438
2025-03-27,SPY,567.0800170898438,557.8270874023438
2025-03-28,SPY,555.6599731445312,546.5933837890625
2025-03-31,SPY,559.3900146484375,550.2625732421875
2025-04-01,SPY,560.969970703125,551.816650390625
2025-04-02,SPY,564.52001953125,555.308837890625
2025-04-03,SPY,536.7000122070312,527.9428100585938
2025-04-04,SPY,505.2799987792969,497.0354309082031
2025-04-07,SPY,504.3800048828125,496.1501159667969
2025-04-08,SPY,496.4800109863281,488.3790588378906
2025-04-09,SPY,548.6199951171875,539.668212890625
2025-04-10,SPY,524.5800170898438,516.0205688476562
2025-04-11,SPY,533.9400024414062,525.2279052734375
2025-04-14,SPY,539.1199951171875,530.3232421875
2025-04-15,SPY,537.6099853515625,528.8378295898438
2025-04-16,SPY,525.6599731445312,517.0828247070312
2025-04-17,SPY,526.4099731445312,517.8206176757812
2025-04-21,SPY,513.8800048828125,505.4951171875
2025-04-22,SPY,527.25,518.6469116210938
2025-04-23,SPY,535.4199829101562,526.68359375
2025-04-24,SPY,546.6900024414062,537.769775390625
2025-04-25,SPY,550.6400146484375,541.6553344726562
2025-04-28,SPY,550.8499755859375,541.8618774414062
2025-04-29,SPY,554.3200073242188,545.2753295898438
2025-04-30,SPY,554.5399780273438,545.49169921875
2025-05-01,SPY,558.469970703125,549.3575439453125
2025-05-02,SPY,566.760009765625,557.5122680664062
2025-05-05,SPY,563.510009765625,554.3153076171875
2025-05-06,SPY,558.7999877929688,549.68212890625
2025-05-07,SPY,561.1500244140625,551.993896484375
2025-05-08,SPY,565.0599975585938,555.8400268554688
2025-05-09,SPY,564.3400268554688,555.1317138671875
2025-05-12,SPY,582.989990234375,573.4774169921875
2025-05-13,SPY,586.8400268554688,577.2646484375
2025-05-14,SPY,587.5900268554688,578.00244140625
2025-05-15,SPY,590.4600219726562,580.8256225585938
2025-05-16,SPY,594.2000122070312,584.5045776367188
2025-05-19,SPY,594.8499755859375,585.1439208984375
2025-05-20,SPY,592.8499755859375,583.1765747070312
2025-05-21,SPY,582.8599853515625,573.3495483398438
2025-05-22,SPY,583.0900268554688,573.575927734375
2025-05-23,SPY,579.1099853515625,569.6607055664062
2025-05-27,SPY,591.1500244140625,581.50439453125
2025-05-28,SPY,587.72998046875,578.1400756835938
2025-05-29,SPY,590.0499877929688,580.4222412109375
2025-05-30,SPY,589.3900146484375,579.7730102539062
2025-06-02,SPY,592.7100219726562,583.0388793945312
2025-06-03,SPY,596.0900268554688,586.36376953125
2025-06-04,SPY,595.9299926757812,586.2063598632812
2025-06-05,SPY,593.0499877929688,583.3732299804688
2025-06-06,SPY,599.1400146484375,589.364013671875
2025-06-09,SPY,599.6799926757812,589.8950805664062
2025-06-10,SPY,603.0800170898438,593.2396240234375
2025-06-11,SPY,601.3599853515625,591.5476684570312
2025-06-12,SPY,603.75,593.8987426757812
2025-06-13,SPY,597,587.2587890625
2025-06-16,SPY,602.6799926757812,592.8462524414062
2025-06-17,SPY,597.530029296875,587.7801513671875
2025-06-18,SPY,597.4400024414062,587.6915893554688
2025-06-20,SPY,594.280029296875,586.3114624023438
2025-06-23,SPY,600.1500244140625,592.1026611328125
2025-06-24,SPY,606.780029296875,598.6439208984375
2025-06-25,SPY,607.1199951171875,598.979248046875
2025-06-26,SPY,611.8699951171875,603.6655883789062
2025-06-27,SPY,614.9099731445312,606.664794921875
2025-06-30,SPY,617.8499755859375,609.5653686523438
2025-07-01,SPY,617.6500244140625,609.3681030273438
2025-07-02,SPY,620.4500122070312,612.1305541992188
2025-07-03,SPY,625.3400268554688,616.9550170898438
2025-07-07,SPY,620.6799926757812,612.357421875
2025-07-08,SPY,620.3400268554688,612.0220336914062
2025-07-09,SPY,624.0599975585938,615.6920776367188
2025-07-10,SPY,625.8200073242188,617.4285278320312
2025-07-11,SPY,623.6199951171875,615.258056640625
2025-07-14,SPY,624.8099975585938,616.4320678710938
2025-07-15,SPY,622.1400146484375,613.7978515625
2025-07-16,SPY,624.219970703125,615.8499755859375
2025-07-17,SPY,628.0399780273438,619.6187133789062
2025-07-18,SPY,627.5800170898438,619.1649780273438
2025-07-21,SPY,628.77001953125,620.3389892578125
2025-07-22,SPY,628.8599853515625,620.4276733398438
2025-07-23,SPY,634.2100219726562,625.7061157226562
2025-07-24,SPY,634.4199829101562,625.9132080078125
2025-07-25,SPY,637.0999755859375,628.5572509765625
2025-07-28,SPY,636.9400024414062,628.3994140625
2025-07-29,SPY,635.260009765625,626.741943359375
2025-07-30,SPY,634.4600219726562,625.9526977539062
2025-07-31,SPY,632.0800170898438,623.6045532226562
2025-08-01,SPY,621.719970703125,613.3834838867188
2025-08-04,SPY,631.1699829101562,622.7067260742188
2025-08-05,SPY,627.969970703125,619.5496215820312
2025-08-06,SPY,632.780029296875,624.2952270507812
2025-08-07,SPY,632.25,623.7723388671875
2025-08-08,SPY,637.1799926757812,628.63623046875
2025-08-11,SPY,635.9199829101562,627.3930053710938
2025-08-12,SPY,642.6900024414062,634.072265625
2025-08-13,SPY,644.8900146484375,636.2428588867188
2025-08-14,SPY,644.9500122070312,636.3020629882812
2025-08-15,SPY,643.4400024414062,634.812255859375
2025-08-18,SPY,643.2999877929688,634.6741333007812
2025-08-19,SPY,639.8099975585938,631.2308959960938
2025-08-20,SPY,638.1099853515625,629.5537719726562
2025-08-21,SPY,635.5499877929688,627.028076171875
2025-08-22,SPY,645.3099975585938,636.6571044921875
2025-08-25,SPY,642.469970703125,633.855224609375
2025-08-26,SPY,645.1599731445312,636.5092163085938
2025-08-27,SPY,646.6300048828125,637.95947265625
2025-08-28,SPY,648.9199829101562,640.2188110351562
2025-08-29,SPY,645.0499877929688,636.400634765625
2025-09-02,SPY,640.27001953125,631.6847534179688
2025-09-03,SPY,643.739990234375,635.1082153320312
2025-09-04,SPY,649.1199951171875,640.4161376953125
2025-09-05,SPY,647.239990234375,638.5612182617188
2025-09-08,SPY,648.8300170898438,640.1300048828125
2025-09-09,SPY,650.3300170898438,641.60986328125
2025-09-10,SPY,652.2100219726562,643.4646606445312
2025-09-11,SPY,657.6300048828125,648.8119506835938
2025-09-12,SPY,657.4099731445312,648.5948486328125
2025-09-15,SPY,660.9099731445312,652.0479736328125
2025-09-16,SPY,660,651.1502685546875
2025-09-17,SPY,659.1799926757812,650.3412475585938
2025-09-18,SPY,662.260009765625,653.3798828125
2025-09-19,SPY,663.7000122070312,656.6160278320312
2025-09-22,SPY,666.8400268554688,659.7225341796875
2025-09-23,SPY,663.2100219726562,656.1312866210938
2025-09-24,SPY,661.0999755859375,654.043701171875
2025-09-25,SPY,658.0499877929688,651.0263061523438
2025-09-26,SPY,661.8200073242188,654.756103515625
2025-09-29,SPY,663.6799926757812,656.5962524414062
2025-09-30,SPY,666.1799926757812,659.0695190429688
2025-10-01,SPY,668.4500122070312,661.3153076171875
2025-10-02,SPY,669.219970703125,662.0769653320312
2025-10-03,SPY,669.2100219726562,662.0672607421875
2025-10-06,SPY,671.6099853515625,664.4415893554688
2025-10-07,SPY,669.1199951171875,661.9781494140625
2025-10-08,SPY,673.1099853515625,665.925537109375
2025-10-09,SPY,671.1599731445312,663.996337890625
2025-10-10,SPY,653.02001953125,646.0499877929688
2025-10-13,SPY,663.0399780273438,655.9630126953125
2025-10-14,SPY,662.22998046875,655.16162109375
2025-10-15,SPY,665.1699829101562,658.0702514648438
2025-10-16,SPY,660.6400146484375,653.588623046875
2025-10-17,SPY,664.3900146484375,657.2986450195312
2025-10-20,SPY,671.2999877929688,664.1348876953125
2025-10-21,SPY,671.2899780273438,664.125
2025-10-22,SPY,667.7999877929688,660.6722412109375
2025-10-23,SPY,671.760009765625,664.5899658203125
2025-10-24,SPY,677.25,670.0213623046875
2025-10-27,SPY,685.239990234375,677.9260864257812
2025-10-28,SPY,687.0599975585938,679.7266235351562
2025-10-29,SPY,687.3900146484375,680.05322265625
2025-10-30,SPY,679.8300170898438,672.5738525390625
2025-10-31,SPY,682.0599975585938,674.7799682617188
2025-11-03,SPY,683.3400268554688,676.04638671875
2025-11-04,SPY,675.239990234375,668.0328369140625
2025-11-05,SPY,677.5800170898438,670.3478393554688
2025-11-06,SPY,670.3099975585938,663.1554565429688
2025-11-07,SPY,670.969970703125,663.808349609375
2025-11-10,SPY,681.4400024414062,674.1666259765625
2025-11-11,SPY,683,675.7099609375
2025-11-12,SPY,683.3800048828125,676.0859985351562
2025-11-13,SPY,672.0399780273438,664.8670043945312
2025-11-14,SPY,671.9299926757812,664.7581176757812
2025-11-17,SPY,665.6699829101562,658.56494140625
2025-11-18,SPY,660.0800170898438,653.0346069335938
2025-11-19,SPY,662.6300048828125,655.5574340820312
2025-11-20,SPY,652.530029296875,645.5652465820312
2025-11-21,SPY,659.030029296875,651.995849609375
2025-11-24,SPY,668.72998046875,661.59228515625
2025-11-25,SPY,675.02001953125,667.815185546875
2025-11-26,SPY,679.6799926757812,672.4254760742188
2025-11-28,SPY,683.3900146484375,676.0958251953125
2025-12-01,SPY,680.27001953125,673.0090942382812
2025-12-02,SPY,681.530029296875,674.2556762695312
2025-12-03,SPY,683.8900146484375,676.5905151367188
2025-12-04,SPY,684.3900146484375,677.0851440429688
2025-12-05,SPY,685.6900024414062,678.371337890625
2025-12-08,SPY,683.6300048828125,676.3333129882812
2025-12-09,SPY,683.0399780273438,675.74951171875
2025-12-10,SPY,687.5700073242188,680.2312622070312
2025-12-11,SPY,689.1699829101562,681.8140869140625
2025-12-12,SPY,681.760009765625,674.4832763671875
2025-12-15,SPY,680.72998046875,673.4642333984375
2025-12-16,SPY,678.8699951171875,671.6240844726562
2025-12-17,SPY,671.4000244140625,664.2337646484375
2025-12-18,SPY,676.469970703125,669.2496948242188
2025-12-19,SPY,680.5900268554688,675.3153686523438
2025-12-22,SPY,684.8300170898438,679.5225219726562
2025-12-23,SPY,687.9600219726562,682.6282348632812
2025-12-24,SPY,690.3800048828125,685.0294799804688
2025-12-26,SPY,690.3099975585938,684.9599609375
2025-12-29,SPY,687.8499755859375,682.51904296875
2025-12-30,SPY,687.010009765625,681.6856079101562
2025-12-31,SPY,681.9199829101562,676.635009765625
2026-01-02,SPY,683.1699829101562,677.8753662109375
2026-01-05,SPY,687.719970703125,682.3900756835938
2026-01-06,SPY,691.8099975585938,686.4483642578125
2026-01-07,SPY,689.5800170898438,684.2356567382812
2026-01-08,SPY,689.510009765625,684.1661987304688
2026-01-09,SPY,694.0700073242188,688.6908569335938
2026-01-12,SPY,695.1599731445312,689.7723388671875
2026-01-13,SPY,693.77001953125,688.3932495117188
2026-01-14,SPY,690.3599853515625,685.0095825195312
2026-01-15,SPY,692.239990234375,686.8750610351562
2026-01-16,SPY,691.6599731445312,686.2994995117188
2026-01-20,SPY,677.5800170898438,672.3286743164062
2026-01-21,SPY,685.4000244140625,680.0880126953125
2026-01-22,SPY,688.97998046875,683.6403198242188
2026-01-23,SPY,689.22998046875,683.8883056640625
2026-01-26,SPY,692.72998046875,687.3612060546875
2026-01-27,SPY,695.489990234375,690.099853515625
2026-01-28,SPY,695.4199829101562,690.0303344726562
2026-01-29,SPY,694.0399780273438,688.6610717773438
2026-01-30,SPY,691.969970703125,686.6071166992188
2026-02-02,SPY,695.4099731445312,690.0204467773438
2026-02-03,SPY,689.530029296875,684.18603515625
2026-02-04,SPY,686.1900024414062,680.8719482421875
2026-02-05,SPY,677.6199951171875,672.3683471679688
2026-02-06,SPY,690.6199951171875,685.267578125
2026-02-09,SPY,693.9500122070312,688.57177734375
2026-02-10,SPY,692.1199951171875,686.7559814453125
2026-02-11,SPY,691.9600219726562,686.5972290039062
2026-02-12,SPY,681.27001953125,675.9901123046875
2026-02-13,SPY,681.75,676.46630859375
2026-02-17,SPY,682.8499755859375,677.5578002929688
2026-02-18,SPY,686.2899780273438,680.9711303710938
2026-02-19,SPY,684.47998046875,679.1751708984375
2026-02-20,SPY,689.4299926757812,684.0867919921875
2026-02-23,SPY,682.3900146484375,677.1013793945312
2026-02-24,SPY,687.3499755859375,682.0228881835938
2026-02-25,SPY,693.1500244140625,687.778076171875
2026-02-26,SPY,689.2999877929688,683.9578247070312
2026-02-27,SPY,685.989990234375,680.6734619140625
2026-03-02,SPY,686.3800048828125,681.0604858398438
2026-03-03,SPY,680.3300170898438,675.057373046875
2026-03-04,SPY,685.1300048828125,679.820068359375
2026-03-05,SPY,681.3099975585938,676.0297241210938
2026-03-06,SPY,672.3800048828125,667.1688842773438
2026-03-09,SPY,678.27001953125,673.0133666992188
2026-03-10,SPY,677.1799926757812,671.9317016601562
2026-03-11,SPY,676.3300170898438,671.08837890625
2026-03-12,SPY,666.0599975585938,660.8978881835938
2026-03-13,SPY,662.2899780273438,657.1571655273438
2026-03-16,SPY,669.030029296875,663.844970703125
2026-03-17,SPY,670.7899780273438,665.5912475585938
2026-03-18,SPY,661.4299926757812,656.3038330078125
2026-03-19,SPY,659.7999877929688,654.6864624023438
2026-03-20,SPY,648.5700073242188,645.3009643554688
2026-03-23,SPY,655.3800048828125,652.07666015625
2026-03-24,SPY,653.1799926757812,649.8877563476562
2026-03-25,SPY,656.8200073242188,653.5094604492188
2026-03-26,SPY,645.0900268554688,641.838623046875
2026-03-27,SPY,634.0900268554688,630.89404296875
2026-03-30,SPY,631.969970703125,628.78466796875
2026-03-31,SPY,650.3400268554688,647.0621337890625
2026-04-01,SPY,655.239990234375,651.9373779296875
2026-04-02,SPY,655.8300170898438,652.5244750976562
2026-04-06,SPY,658.9299926757812,655.6087646484375
2026-04-07,SPY,659.219970703125,655.8972778320312
2026-04-08,SPY,676.010009765625,672.6027221679688
2026-04-09,SPY,679.9099731445312,676.4830322265625
2026-04-10,SPY,679.4600219726562,676.0353393554688
2026-04-13,SPY,686.0999755859375,682.6417846679688
2026-04-14,SPY,694.4600219726562,690.959716796875
2026-04-15,SPY,699.9400024414062,696.412109375
2026-04-16,SPY,701.6599731445312,698.1234130859375
2026-04-17,SPY,710.1400146484375,706.5607299804688
2026-04-20,SPY,708.719970703125,705.1477661132812
2026-04-21,SPY,704.0800170898438,700.53125
2026-04-22,SPY,711.2100219726562,707.6253051757812
2026-04-23,SPY,708.4500122070312,704.8792114257812
2026-04-24,SPY,713.9400024414062,710.3414916992188
2026-04-27,SPY,715.1699829101562,711.5653686523438
2026-04-28,SPY,711.6900024414062,708.1029052734375
2026-04-29,SPY,711.5800170898438,707.993408203125
2026-04-30,SPY,718.6599731445312,715.0377197265625
2026-05-01,SPY,720.6500244140625,717.0177001953125
2026-05-04,SPY,718.010009765625,714.3909912109375
2026-05-05,SPY,723.77001953125,720.1220092773438
2026-05-06,SPY,733.8300170898438,730.1312866210938
2026-05-07,SPY,731.5800170898438,727.8926391601562
2026-05-08,SPY,737.6199951171875,733.9021606445312
2026-05-11,SPY,739.2999877929688,735.5736694335938
2026-05-12,SPY,738.1799926757812,734.4593505859375
2026-05-13,SPY,742.3099975585938,738.5685424804688
2026-05-14,SPY,748.1699829101562,744.3989868164062
2026-05-15,SPY,739.1699829101562,735.4443969726562
2026-05-18,SPY,738.6500244140625,734.927001953125
2026-05-19,SPY,733.72998046875,730.03173828125
2026-05-20,SPY,741.25,737.5138549804688
2026-05-21,SPY,742.719970703125,738.9764404296875
2026-05-22,SPY,745.6400146484375,741.8817749023438
2026-05-26,SPY,750.5900268554688,746.8068237304688
2026-05-27,SPY,750.4600219726562,746.6774291992188
2026-05-28,SPY,754.5999755859375,750.7965698242188
2026-05-29,SPY,756.47998046875,752.6671142578125
2026-06-01,SPY,758.5399780273438,754.7166748046875
2026-06-02,SPY,759.5700073242188,755.7415771484375
2026-06-03,SPY,754.239990234375,750.4384155273438
2026-06-04,SPY,757.0900268554688,753.2740478515625
2026-06-05,SPY,737.5499877929688,733.83251953125
2026-06-08,SPY,739.219970703125,735.4940795898438
2026-06-09,SPY,737.0499877929688,733.3350830078125
2026-06-10,SPY,725.4299926757812,721.7736206054688
2026-06-11,SPY,737.760009765625,734.04150390625
2026-06-12,SPY,741.75,738.0113525390625
2026-06-15,SPY,754.8300170898438,751.0254516601562
2026-06-16,SPY,750.3300170898438,746.5481567382812
2026-06-17,SPY,740.9600219726562,737.225341796875
2026-06-18,SPY,746.739990234375,744.8902587890625
2026-06-22,SPY,744.3900146484375,742.546142578125
2026-06-23,SPY,733.5800170898438,731.7628784179688
2026-06-24,SPY,733.239990234375,731.4237060546875
2026-06-25,SPY,734.2999877929688,732.4810791015625
2026-06-26,SPY,728.989990234375,727.1842651367188
2026-06-29,SPY,741,739.1644897460938
2026-06-30,SPY,746.77001953125,744.9202270507812
2026-07-01,SPY,745.760009765625,743.9127197265625
2026-07-02,SPY,744.780029296875,742.9351806640625
2026-07-06,SPY,751.280029296875,749.4190673828125
2026-07-07,SPY,747.7100219726562,745.85791015625
2026-07-08,SPY,745.4000244140625,743.5536499023438
2026-07-09,SPY,751.7100219726562,749.8480224609375
2026-07-10,SPY,754.9500122070312,753.0799560546875
2026-07-13,SPY,749.1699829101562,747.3142700195312
2026-07-14,SPY,751.8300170898438,749.9677124023438
2026-07-15,SPY,754.8099975585938,752.9403076171875
2026-07-16,SPY,750.719970703125,748.8604125976562
2026-07-17,SPY,743.2899780273438,741.4487915039062
2026-07-20,SPY,742.0900268554688,740.2518310546875
2026-07-21,SPY,748.280029296875,746.426513671875
2026-07-22,SPY,747.4099731445312,745.55859375
2026-07-23,SPY,738.1799926757812,736.3515014648438
2026-07-24,SPY,738.9299926757812,737.099609375
2026-07-27,SPY,739.0900268554688,737.25927734375
2026-07-28,SPY,740.8599853515625,739.0248413085938
2026-07-29,SPY,729.4600219726562,727.6531372070312
2026-07-30,SPY,741.6900024414062,739.852783203125
2026-07-31,SPY,747.030029296875,745.1796264648438
2026-08-03,SPY,757.6699829101562,755.793212890625
2026-08-04,SPY,771.3300170898438,769.4193725585938
2026-08-05,SPY,769.7899780273438,767.8831787109375
2026-08-06,SPY,768.5599975585938,766.65625
2026-08-07,SPY,773.260009765625,771.3446044921875
2026-08-10,SPY,773.030029296875,771.1151733398438
2026-08-11,SPY,770.5599975585938,768.6513061523438
2026-08-12,SPY,772.489990234375,770.5764770507812
2026-08-13,SPY,777.8800048828125,775.9531860351562
2026-08-14,SPY,776.3400268554688,774.4169921875
2026-08-17,SPY,772.6699829101562,770.7560424804688
2026-08-18,SPY,767.4500122070312,765.5490112304688
2026-08-19,SPY,769.0599975585938,767.1549682617188
2026-08-20,SPY,762.5999755859375,760.7109985351562
2026-08-21,SPY,765.719970703125,763.8232421875
2026-08-24,SPY,763.469970703125,761.5787963867188
2026-08-25,SPY,765.9099731445312,764.0127563476562
2026-08-26,SPY,766.0800170898438,764.182373046875
2026-08-27,SPY,771.0999755859375,769.18994140625
2026-08-28,SPY,769.3499755859375,767.4442749023438
2026-08-31,SPY,767.0499877929688,765.1499633789062
2016-09-01,TLT,139.77000427246094,105.11536407470703
2016-09-02,TLT,138.6300048828125,104.258056640625
2016-09-06,TLT,139.63999938964844,105.01753997802734
2016-09-07,TLT,139.5399932861328,104.9423828125
2016-09-08,TLT,137.7899932861328,103.62622833251953
2016-09-09,TLT,135.52000427246094,101.91908264160156
2016-09-12,TLT,135.58999633789062,101.97169494628906
2016-09-13,TLT,134.0500030517578,100.81352996826172
2016-09-14,TLT,134.25,100.9640121459961
2016-09-15,TLT,133.6699981689453,100.5278091430664
2016-09-16,TLT,134.75,101.34000396728516
2016-09-19,TLT,134.30999755859375,101.0090560913086
2016-09-20,TLT,134.77999877929688,101.362548828125
2016-09-21,TLT,135.8699951171875,102.1822509765625
2016-09-22,TLT,136.9499969482422,102.99451446533203
2016-09-23,TLT,136.82000732421875,102.89682006835938
2016-09-26,TLT,137.69000244140625,103.5510482788086
2016-09-27,TLT,138.6999969482422,104.31063842773438
2016-09-28,TLT,138.39999389648438,104.08509063720703
2016-09-29,TLT,138.75,104.34822845458984
2016-09-30,TLT,137.50999450683594,103.41573333740234
2016-10-03,TLT,136.80999755859375,103.07440185546875
2016-10-04,TLT,135.2100067138672,101.86891174316406
2016-10-05,TLT,134.5800018310547,101.39429473876953
2016-10-06,TLT,133.8300018310547,100.8292465209961
2016-10-07,TLT,133.9199981689453,100.89705657958984
2016-10-10,TLT,133.1300048828125,100.30184936523438
2016-10-11,TLT,132.8300018310547,100.07579040527344
2016-10-12,TLT,132.9600067138672,100.17375946044922
2016-10-13,TLT,133.4600067138672,100.55047607421875
2016-10-14,TLT,131.58999633789062,99.1416244506836
2016-10-17,TLT,132.42999267578125,99.77446746826172
2016-10-18,TLT,132.86000061035156,100.09838104248047
2016-10-19,TLT,132.97000122070312,100.18128204345703
2016-10-20,TLT,133.11000061035156,100.2867660522461
2016-10-21,TLT,133.30999755859375,100.43746185302734
2016-10-24,TLT,132.72999572753906,100.00051879882812
2016-10-25,TLT,133.0800018310547,100.26417541503906
2016-10-26,TLT,132.17999267578125,99.58605194091797
2016-10-27,TLT,130.74000549316406,98.50121307373047
2016-10-28,TLT,130.4499969482422,98.2826919555664
2016-10-31,TLT,131.25,98.88539123535156
2016-11-01,TLT,131.00999450683594,98.89293670654297
2016-11-02,TLT,131.5800018310547,99.32327270507812
2016-11-03,TLT,130.57000732421875,98.56085968017578
2016-11-04,TLT,131.74000549316406,99.44398498535156
2016-11-07,TLT,130.6199951171875,98.5986328125
2016-11-08,TLT,130.08999633789062,98.1985092163086
2016-11-09,TLT,124.56999969482422,94.03173828125
2016-11-10,TLT,122.7300033569336,92.64281463623047
2016-11-11,TLT,122.04000091552734,92.12197875976562
2016-11-14,TLT,121.30999755859375,91.57093811035156
2016-11-15,TLT,121.91000366210938,92.02381134033203
2016-11-16,TLT,123.01000213623047,92.8541488647461
2016-11-17,TLT,121.19999694824219,91.48786163330078
2016-11-18,TLT,120.8499984741211,91.22370147705078
2016-11-21,TLT,121.1500015258789,91.45015716552734
2016-11-22,TLT,121.11000061035156,91.41991424560547
2016-11-23,TLT,120.63999938964844,91.06514739990234
2016-11-25,TLT,120.81999969482422,91.20101165771484
2016-11-28,TLT,121.70999908447266,91.87288665771484
2016-11-29,TLT,122.22000122070312,92.25782775878906
2016-11-30,TLT,120.23999786376953,90.76324462890625
2016-12-01,TLT,118.7300033569336,89.80491638183594
2016-12-02,TLT,119.5999984741211,90.46295166015625
2016-12-05,TLT,119.47000122070312,90.36463928222656
2016-12-06,TLT,119.37999725341797,90.29654693603516
2016-12-07,TLT,120.4000015258789,91.06805419921875
2016-12-08,TLT,118.9800033569336,89.99401092529297
2016-12-09,TLT,117.5,88.87452697753906
2016-12-12,TLT,117.72000122070312,89.04096221923828
2016-12-13,TLT,118.13999938964844,89.3586196899414
2016-12-14,TLT,116.81999969482422,88.36019897460938
2016-12-15,TLT,117.41000366210938,88.80646514892578
2016-12-16,TLT,117.13999938964844,88.60226440429688
2016-12-19,TLT,118.4000015258789,89.55529022216797
2016-12-20,TLT,117.80999755859375,89.10897827148438
2016-12-21,TLT,118.33000183105469,89.50232696533203
2016-12-22,TLT,117.80999755859375,89.34230041503906
2016-12-23,TLT,118.05000305175781,89.52433776855469
2016-12-27,TLT,117.66999816894531,89.23614501953125
2016-12-28,TLT,118.52999877929688,89.88831329345703
2016-12-29,TLT,118.94999694824219,90.20684814453125
2016-12-30,TLT,119.12999725341797,90.3433837890625
2017-01-03,TLT,119.63999938964844,90.73014831542969
2017-01-04,TLT,120.0999984741211,91.07893371582031
2017-01-05,TLT,121.9800033569336,92.50469970703125
2017-01-06,TLT,120.86000061035156,91.65535736083984
2017-01-09,TLT,121.83000183105469,92.39093017578125
2017-01-10,TLT,121.75,92.33026123046875
2017-01-11,TLT,122.16000366210938,92.64122009277344
2017-01-12,TLT,121.88999938964844,92.43644714355469
2017-01-13,TLT,121.30999755859375,91.99662017822266
2017-01-17,TLT,122.58000183105469,92.95972442626953
2017-01-18,TLT,121.01000213623047,91.76911926269531
2017-01-19,TLT,120.18000030517578,91.13965606689453
2017-01-20,TLT,119.94000244140625,90.9576644897461
2017-01-23,TLT,121.13999938964844,91.86769104003906
2017-01-24,TLT,120.30999755859375,91.23823547363281
2017-01-25,TLT,118.80000305175781,90.09310913085938
2017-01-26,TLT,119.19999694824219,90.39643096923828
2017-01-27,TLT,119.62999725341797,90.72254943847656
2017-01-30,TLT,119.2699966430664,90.44951629638672
2017-01-31,TLT,120.0999984741211,91.07893371582031
2017-02-01,TLT,119.0999984741211,90.51583862304688
2017-02-02,TLT,119.05000305175781,90.47784423828125
2017-02-03,TLT,119,90.43982696533203
2017-02-06,TLT,119.72000122070312,90.98699951171875
2017-02-07,TLT,120.5999984741211,91.65580749511719
2017-02-08,TLT,122.23999786376953,92.90221405029297
2017-02-09,TLT,120.83000183105469,91.83061981201172
2017-02-10,TLT,120.76000213623047,91.77741241455078
2017-02-13,TLT,120.37999725341797,91.48860931396484
2017-02-14,TLT,119.51000213623047,90.82740020751953
2017-02-15,TLT,118.95999908447266,90.40943908691406
2017-02-16,TLT,119.61000061035156,90.90341186523438
2017-02-17,TLT,120.31999969482422,91.44300842285156
2017-02-21,TLT,120.11000061035156,91.28345489501953
2017-02-22,TLT,120.30999755859375,91.4354019165039
2017-02-23,TLT,120.66999816894531,91.70905303955078
2017-02-24,TLT,122.01000213623047,92.7274169921875
2017-02-27,TLT,121.29000091552734,92.18023681640625
2017-02-28,TLT,121.73999786376953,92.52222442626953
2017-03-01,TLT,119.47000122070312,90.97191619873047
2017-03-02,TLT,119.04000091552734,90.64445495605469
2017-03-03,TLT,119.3499984741211,90.88047790527344
2017-03-06,TLT,118.77999877929688,90.44645690917969
2017-03-07,TLT,118.41999816894531,90.17235565185547
2017-03-08,TLT,117.77999877929688,89.6850357055664
2017-03-09,TLT,116.83999633789062,88.96925354003906
2017-03-10,TLT,117.25,89.28142547607422
2017-03-13,TLT,116.51000213623047,88.71793365478516
2017-03-14,TLT,117.06999969482422,89.1443862915039
2017-03-15,TLT,118.5,90.23329162597656
2017-03-16,TLT,117.9000015258789,89.77639770507812
2017-03-17,TLT,118.63999938964844,90.3398666381836
2017-03-20,TLT,119.1500015258789,90.72818756103516
2017-03-21,TLT,120.13999938964844,91.48204803466797
2017-03-22,TLT,120.62000274658203,91.8475570678711
2017-03-23,TLT,120.44999694824219,91.71808624267578
2017-03-24,TLT,120.87999725341797,92.04554748535156
2017-03-27,TLT,121.43000030517578,92.46431732177734
2017-03-28,TLT,120.62000274658203,91.8475570678711
2017-03-29,TLT,121.33999633789062,92.39583587646484
2017-03-30,TLT,120.36000061035156,91.64959716796875
2017-03-31,TLT,120.70999908447266,91.91609191894531
2017-04-03,TLT,121.66999816894531,92.84320831298828
2017-04-04,TLT,121.01000213623047,92.33960723876953
2017-04-05,TLT,121.37999725341797,92.62198638916016
2017-04-06,TLT,121.19999694824219,92.48456573486328
2017-04-07,TLT,120.70999908447266,92.11067199707031
2017-04-10,TLT,121.2699966430664,92.53799438476562
2017-04-11,TLT,122.41999816894531,93.41551971435547
2017-04-12,TLT,123.08999633789062,93.92681121826172
2017-04-13,TLT,123.47000122070312,94.21675872802734
2017-04-17,TLT,123.08999633789062,93.92681121826172
2017-04-18,TLT,124.69999694824219,95.15534210205078
2017-04-19,TLT,124.0199966430664,94.63641357421875
2017-04-20,TLT,123.54000091552734,94.27019500732422
2017-04-21,TLT,123.54000091552734,94.27019500732422
2017-04-24,TLT,122.93000030517578,93.8046875
2017-04-25,TLT,121.44999694824219,92.67536163330078
2017-04-26,TLT,122.12000274658203,93.1866226196289
2017-04-27,TLT,122.08000183105469,93.15611267089844
2017-04-28,TLT,122.3499984741211,93.36212921142578
2017-05-01,TLT,121.08000183105469,92.58599853515625
2017-05-02,TLT,121.69999694824219,93.06008911132812
2017-05-03,TLT,121.77999877929688,93.12123107910156
2017-05-04,TLT,121.18000030517578,92.66246795654297
2017-05-05,TLT,121.29000091552734,92.74658966064453
2017-05-08,TLT,120.62999725341797,92.24188232421875
2017-05-09,TLT,120.62000274658203,92.2342300415039
2017-05-10,TLT,120.4800033569336,92.12718963623047
2017-05-11,TLT,120.4800033569336,92.12718963623047
2017-05-12,TLT,121.38999938964844,92.82303619384766
2017-05-15,TLT,121.05999755859375,92.57064056396484
2017-05-16,TLT,121.51000213623047,92.91475677490234
2017-05-17,TLT,123.27999877929688,94.26824188232422
2017-05-18,TLT,123.41999816894531,94.37528228759766
2017-05-19,TLT,123.70999908447266,94.59709930419922
2017-05-22,TLT,123.37000274658203,94.33706665039062
2017-05-23,TLT,122.54000091552734,93.70236206054688
2017-05-24,TLT,123.2300033569336,94.22998809814453
2017-05-25,TLT,123.2699966430664,94.26066589355469
2017-05-26,TLT,123.4800033569336,94.42117309570312
2017-05-30,TLT,124.08999633789062,94.88763427734375
2017-05-31,TLT,124.4000015258789,95.12469482421875
2017-06-01,TLT,124.1500015258789,95.1346435546875
2017-06-02,TLT,125.62000274658203,96.26111602783203
2017-06-05,TLT,124.83999633789062,95.66338348388672
2017-06-06,TLT,125.5199966430664,96.18449401855469
2017-06-07,TLT,124.91999816894531,95.72467041015625
2017-06-08,TLT,124.58999633789062,95.47183227539062
2017-06-09,TLT,124.4000015258789,95.3261947631836
2017-06-12,TLT,124.36000061035156,95.29554748535156
2017-06-13,TLT,124.37999725341797,95.31090545654297
2017-06-14,TLT,126.30000305175781,96.78215026855469
2017-06-15,TLT,126.0999984741211,96.62889099121094
2017-06-16,TLT,126.3499984741211,96.82044982910156
2017-06-19,TLT,126.16999816894531,96.68255615234375
2017-06-20,TLT,127.30000305175781,97.5484619140625
2017-06-21,TLT,127.55999755859375,97.7476806640625
2017-06-22,TLT,127.83999633789062,97.96222686767578
2017-06-23,TLT,127.77999877929688,97.91629028320312
2017-06-26,TLT,128.25999450683594,98.28410339355469
2017-06-27,TLT,126.88999938964844,97.2342529296875
2017-06-28,TLT,126.47000122070312,96.9124526977539
2017-06-29,TLT,125.41000366210938,96.10017395019531
2017-06-30,TLT,125.12000274658203,95.87798309326172
2017-07-03,TLT,124.45999908447266,95.56925201416016
2017-07-05,TLT,124.48999786376953,95.59223937988281
2017-07-06,TLT,123.45999908447266,94.8013687133789
2017-07-07,TLT,122.72000122070312,94.23311614990234
2017-07-10,TLT,122.9000015258789,94.37138366699219
2017-07-11,TLT,123.11000061035156,94.53265380859375
2017-07-12,TLT,123.95999908447266,95.18534088134766
2017-07-13,TLT,123.18000030517578,94.58641052246094
2017-07-14,TLT,123.33000183105469,94.70154571533203
2017-07-17,TLT,123.66999816894531,94.96263885498047
2017-07-18,TLT,124.75,95.79191589355469
2017-07-19,TLT,124.80000305175781,95.83032989501953
2017-07-20,TLT,125.16000366210938,96.10675811767578
2017-07-21,TLT,125.69000244140625,96.51374053955078
2017-07-24,TLT,125.19999694824219,96.13748168945312
2017-07-25,TLT,123.56999969482422,94.88583374023438
2017-07-26,TLT,123.7699966430664,95.0394058227539
2017-07-27,TLT,123.16000366210938,94.57100677490234
2017-07-28,TLT,123.88999938964844,95.13157653808594
2017-07-31,TLT,124.04000091552734,95.24674987792969
2017-08-01,TLT,124.63999938964844,95.91551208496094
2017-08-02,TLT,124.70999908447266,95.96934509277344
2017-08-03,TLT,126,96.96206665039062
2017-08-04,TLT,124.93000030517578,96.1386489868164
2017-08-07,TLT,125.06999969482422,96.24638366699219
2017-08-08,TLT,124.62000274658203,95.90006256103516
2017-08-09,TLT,125.30000305175781,96.42337036132812
2017-08-10,TLT,126.37000274658203,97.24678802490234
2017-08-11,TLT,126.43000030517578,97.29296875
2017-08-14,TLT,125.77999877929688,96.79278564453125
2017-08-15,TLT,125.25,96.38489532470703
2017-08-16,TLT,125.70999908447266,96.73892974853516
2017-08-17,TLT,126.6500015258789,97.46223449707031
2017-08-18,TLT,126.62000274658203,97.43915557861328
2017-08-21,TLT,126.93000030517578,97.677734375
2017-08-22,TLT,126.44000244140625,97.30062866210938
2017-08-23,TLT,127.30000305175781,97.96247863769531
2017-08-24,TLT,126.83000183105469,97.60075378417969
2017-08-25,TLT,127.31999969482422,97.97785949707031
2017-08-28,TLT,127.23999786376953,97.91629791259766
2017-08-29,TLT,127.6500015258789,98.2317886352539
2017-08-30,TLT,127.61000061035156,98.20104217529297
2017-08-31,TLT,127.98999786376953,98.49343872070312
2017-09-01,TLT,126.75,97.74007415771484
2017-09-05,TLT,128.75999450683594,99.2900161743164
2017-09-06,TLT,127.97000122070312,98.68083190917969
2017-09-07,TLT,129.27999877929688,99.69100189208984
2017-09-08,TLT,129,99.47506713867188
2017-09-11,TLT,127.45999908447266,98.28754425048828
2017-09-12,TLT,126.79000091552734,97.77088165283203
2017-09-13,TLT,126.29000091552734,97.38533782958984
2017-09-14,TLT,126.80999755859375,97.78631591796875
2017-09-15,TLT,126.86000061035156,97.82488250732422
2017-09-18,TLT,126.12999725341797,97.261962890625
2017-09-19,TLT,125.81999969482422,97.02294158935547
2017-09-20,TLT,125.91000366210938,97.09230041503906
2017-09-21,TLT,125.83999633789062,97.03834533691406
2017-09-22,TLT,126.19999694824219,97.31591796875
2017-09-25,TLT,126.98999786376953,97.92510986328125
2017-09-26,TLT,126.76000213623047,97.74776458740234
2017-09-27,TLT,124.8499984741211,96.27491760253906
2017-09-28,TLT,124.4800033569336,95.9896240234375
2017-09-29,TLT,124.76000213623047,96.20553588867188
2017-10-02,TLT,124.27999877929688,96.0293197631836
2017-10-03,TLT,124.4000015258789,96.12210083007812
2017-10-04,TLT,124.41000366210938,96.12977600097656
2017-10-05,TLT,123.94000244140625,95.76663970947266
2017-10-06,TLT,123.58999633789062,95.49620819091797
2017-10-09,TLT,123.9800033569336,95.79753112792969
2017-10-10,TLT,124.18000030517578,95.9520492553711
2017-10-11,TLT,124.41999816894531,96.13751220703125
2017-10-12,TLT,124.94999694824219,96.54705810546875
2017-10-13,TLT,125.8499984741211,97.24246978759766
2017-10-16,TLT,125.76000213623047,97.17289733886719
2017-10-17,TLT,125.91999816894531,97.29656219482422
2017-10-18,TLT,125.08999633789062,96.65518951416016
2017-10-19,TLT,125.30999755859375,96.82523345947266
2017-10-20,TLT,123.9800033569336,95.79753112792969
2017-10-23,TLT,124.19999694824219,95.96756744384766
2017-10-24,TLT,123.43000030517578,95.37262725830078
2017-10-25,TLT,122.83999633789062,94.91669464111328
2017-10-26,TLT,122.43000030517578,94.5998764038086
2017-10-27,TLT,123.23999786376953,95.22575378417969
2017-10-30,TLT,124.41999816894531,96.13751220703125
2017-10-31,TLT,124.45999908447266,96.16842651367188
2017-11-01,TLT,124.75,96.59662628173828
2017-11-02,TLT,125.30000305175781,97.02252197265625
2017-11-03,TLT,125.63999938964844,97.28577423095703
2017-11-06,TLT,126.11000061035156,97.64972686767578
2017-11-07,TLT,126.63999938964844,98.0600814819336
2017-11-08,TLT,126.36000061035156,97.84327697753906
2017-11-09,TLT,126,97.56452178955078
2017-11-10,TLT,124.0999984741211,96.09332275390625
2017-11-13,TLT,124.36000061035156,96.29467010498047
2017-11-14,TLT,125.19999694824219,96.94506072998047
2017-11-15,TLT,126.55999755859375,97.9981460571289
2017-11-16,TLT,125.45999908447266,97.14639282226562
2017-11-17,TLT,126.38999938964844,97.8665542602539
2017-11-20,TLT,126.33999633789062,97.82777404785156
2017-11-21,TLT,126.73999786376953,98.13754272460938
2017-11-22,TLT,127.1500015258789,98.4549789428711
2017-11-24,TLT,126.80000305175781,98.18401336669922
2017-11-27,TLT,126.62000274658203,98.04462432861328
2017-11-28,TLT,126.79000091552734,98.17620849609375
2017-11-29,TLT,125.54000091552734,97.20833587646484
2017-11-30,TLT,125.12000274658203,96.88314056396484
2017-12-01,TLT,126.55000305175781,98.19048309326172
2017-12-04,TLT,126.61000061035156,98.23707580566406
2017-12-05,TLT,127.23999786376953,98.72588348388672
2017-12-06,TLT,127.68000030517578,99.06729888916016
2017-12-07,TLT,126.68000030517578,98.29139709472656
2017-12-08,TLT,126.69000244140625,98.29915618896484
2017-12-11,TLT,126.43000030517578,98.0973892211914
2017-12-12,TLT,126.37999725341797,98.0586166381836
2017-12-13,TLT,127.33000183105469,98.79574584960938
2017-12-14,TLT,127.87000274658203,99.21475982666016
2017-12-15,TLT,128.35000610351562,99.5871353149414
2017-12-18,TLT,127.18000030517578,98.67930603027344
2017-12-19,TLT,125.52999877929688,97.39907836914062
2017-12-20,TLT,124.13999938964844,96.32061767578125
2017-12-21,TLT,124.5999984741211,96.88199615478516
2017-12-22,TLT,124.7699966430664,97.01416015625
2017-12-26,TLT,125.13999938964844,97.30186462402344
2017-12-27,TLT,126.7699966430664,98.56927490234375
2017-12-28,TLT,126.66000366210938,98.4837646484375
2017-12-29,TLT,126.86000061035156,98.63922119140625
2018-01-02,TLT,125.48999786376953,97.57402801513672
2018-01-03,TLT,126.08999633789062,98.04052734375
2018-01-04,TLT,126.06999969482422,98.02496337890625
2018-01-05,TLT,125.70999908447266,97.74503326416016
2018-01-08,TLT,125.62999725341797,97.6828384399414
2018-01-09,TLT,123.94999694824219,96.37657928466797
2018-01-10,TLT,123.80000305175781,96.25991821289062
2018-01-11,TLT,124.30999755859375,96.65648651123047
2018-01-12,TLT,124.5199966430664,96.81977844238281
2018-01-16,TLT,125.04000091552734,97.22408294677734
2018-01-17,TLT,124.87000274658203,97.0919418334961
2018-01-18,TLT,123.70999908447266,96.18997955322266
2018-01-19,TLT,123.05999755859375,95.68456268310547
2018-01-22,TLT,123.18000030517578,95.77787780761719
2018-01-23,TLT,123.70999908447266,96.18997955322266
2018-01-24,TLT,123.04000091552734,95.66900634765625
2018-01-25,TLT,124.05000305175781,96.45435333251953
2018-01-26,TLT,123.58999633789062,96.09668731689453
2018-01-29,TLT,122.7300033569336,95.42797088623047
2018-01-30,TLT,122.01000213623047,94.86814880371094
2018-01-31,TLT,122.7300033569336,95.42797088623047
2018-02-01,TLT,120.69999694824219,94.04499053955078
2018-02-02,TLT,119.58000183105469,93.17230987548828
2018-02-05,TLT,120.70999908447266,94.0527572631836
2018-02-06,TLT,119.95999908447266,93.4684066772461
2018-02-07,TLT,118.81999969482422,92.58015441894531
2018-02-08,TLT,118.69000244140625,92.47886657714844
2018-02-09,TLT,117.94000244140625,91.89445495605469
2018-02-12,TLT,118.45999908447266,92.29964447021484
2018-02-13,TLT,118.98999786376953,92.71260070800781
2018-02-14,TLT,117.66999816894531,91.68409729003906
2018-02-15,TLT,118.06999969482422,91.99575805664062
2018-02-16,TLT,118.70999908447266,92.49442291259766
2018-02-20,TLT,118.19000244140625,92.08929443359375
2018-02-21,TLT,116.73999786376953,90.95948028564453
2018-02-22,TLT,117.08999633789062,91.2322006225586
2018-02-23,TLT,118.12999725341797,92.04251098632812
2018-02-26,TLT,118.16999816894531,92.07369995117188
2018-02-27,TLT,118,91.94120025634766
2018-02-28,TLT,118.75,92.52559661865234
2018-03-01,TLT,119.31999969482422,93.15718078613281
2018-03-02,TLT,118.3499984741211,92.3998794555664
2018-03-05,TLT,118.02999877929688,92.1500473022461
2018-03-06,TLT,118.13999938964844,92.23591613769531
2018-03-07,TLT,118.01000213623047,92.13443756103516
2018-03-08,TLT,118.69000244140625,92.66535186767578
2018-03-09,TLT,117.91000366210938,92.05635833740234
2018-03-12,TLT,118.58999633789062,92.58724975585938
2018-03-13,TLT,119.19000244140625,93.0556869506836
2018-03-14,TLT,120.23999786376953,93.87545776367188
2018-03-15,TLT,120.23999786376953,93.87545776367188
2018-03-16,TLT,119.80999755859375,93.53976440429688
2018-03-19,TLT,119.43000030517578,93.24308013916016
2018-03-20,TLT,118.94999694824219,92.86834716796875
2018-03-21,TLT,119.08000183105469,92.96983337402344
2018-03-22,TLT,120.26000213623047,93.8910903930664
2018-03-23,TLT,120.16999816894531,93.82086181640625
2018-03-26,TLT,119.70999908447266,93.46168518066406
2018-03-27,TLT,120.98999786376953,94.46099853515625
2018-03-28,TLT,121.30999755859375,94.7109375
2018-03-29,TLT,121.9000015258789,95.17152404785156
2018-04-02,TLT,121.87999725341797,95.35928344726562
2018-04-03,TLT,120.94000244140625,94.62382507324219
2018-04-04,TLT,120.69000244140625,94.4282455444336
2018-04-05,TLT,119.79000091552734,93.72404479980469
2018-04-06,TLT,121.0999984741211,94.7490234375
2018-04-09,TLT,121.30000305175781,94.905517578125
2018-04-10,TLT,121.08000183105469,94.73335266113281
2018-04-11,TLT,121.51000213623047,95.06977844238281
2018-04-12,TLT,120.62000274658203,94.37345886230469
2018-04-13,TLT,120.9000015258789,94.5925521850586
2018-04-16,TLT,120.94000244140625,94.62382507324219
2018-04-17,TLT,121.2699966430664,94.88200378417969
2018-04-18,TLT,120.30000305175781,94.12309265136719
2018-04-19,TLT,119.31999969482422,93.3563003540039
2018-04-20,TLT,118.45999908447266,92.6834487915039
2018-04-23,TLT,118.48999786376953,92.70695495605469
2018-04-24,TLT,117.94999694824219,92.28440856933594
2018-04-25,TLT,117.16000366210938,91.66635131835938
2018-04-26,TLT,117.9800033569336,92.30792236328125
2018-04-27,TLT,118.88999938964844,93.01988983154297
2018-04-30,TLT,119.0999984741211,93.18423461914062
2018-05-01,TLT,118.41000366210938,92.84862518310547
2018-05-02,TLT,118.27999877929688,92.74665832519531
2018-05-03,TLT,118.80999755859375,93.16226959228516
2018-05-04,TLT,118.98999786376953,93.30339813232422
2018-05-07,TLT,118.80000305175781,93.15442657470703
2018-05-08,TLT,118.69000244140625,93.06814575195312
2018-05-09,TLT,117.9800033569336,92.51142883300781
2018-05-10,TLT,118.93000030517578,93.25634002685547
2018-05-11,TLT,119.2300033569336,93.49159240722656
2018-05-14,TLT,118.5999984741211,92.99758911132812
2018-05-15,TLT,117.25,91.93900299072266
2018-05-16,TLT,116.80000305175781,91.5861587524414
2018-05-17,TLT,116.20999908447266,91.1235122680664
2018-05-18,TLT,117.20999908447266,91.90763092041016
2018-05-21,TLT,117.2699966430664,91.95469665527344
2018-05-22,TLT,117.08999633789062,91.81356811523438
2018-05-23,TLT,117.94000244140625,92.48007202148438
2018-05-24,TLT,118.87999725341797,93.21713256835938
2018-05-25,TLT,119.62000274658203,93.7973861694336
2018-05-29,TLT,122.23999786376953,95.8518295288086
2018-05-30,TLT,121.41999816894531,95.20881652832031
2018-05-31,TLT,121.22000122070312,95.05199432373047
2018-06-01,TLT,120.30000305175781,94.54975128173828
2018-06-04,TLT,119.43000030517578,93.86598205566406
2018-06-05,TLT,119.70999908447266,94.08606719970703
2018-06-06,TLT,118.73999786376953,93.32369232177734
2018-06-07,TLT,119.88999938964844,94.2275390625
2018-06-08,TLT,119.52999877929688,93.94464111328125
2018-06-11,TLT,119.30999755859375,93.77163696289062
2018-06-12,TLT,119.33999633789062,93.79527282714844
2018-06-13,TLT,119.27999877929688,93.74810028076172
2018-06-14,TLT,120.2699966430664,94.52617645263672
2018-06-15,TLT,120.37999725341797,94.61268615722656
2018-06-18,TLT,120.2699966430664,94.52617645263672
2018-06-19,TLT,120.97000122070312,95.07633209228516
2018-06-20,TLT,119.91000366210938,94.2432632446289
2018-06-21,TLT,120.54000091552734,94.73841857910156
2018-06-22,TLT,120.52999877929688,94.73054504394531
2018-06-25,TLT,120.80000305175781,94.9427261352539
2018-06-26,TLT,120.97000122070312,95.07633209228516
2018-06-27,TLT,122.11000061035156,95.97232055664062
2018-06-28,TLT,122.13999938964844,95.99592590332031
2018-06-29,TLT,121.72000122070312,95.6657943725586
2018-07-02,TLT,121.3499984741211,95.5909652709961
2018-07-03,TLT,122,96.10298156738281
2018-07-05,TLT,122.3499984741211,96.37871551513672
2018-07-06,TLT,122.75,96.69377899169922
2018-07-09,TLT,121.95999908447266,96.07146453857422
2018-07-10,TLT,121.94999694824219,96.06361389160156
2018-07-11,TLT,122.41999816894531,96.43380737304688
2018-07-12,TLT,122.41000366210938,96.42596435546875
2018-07-13,TLT,122.72000122070312,96.67018127441406
2018-07-16,TLT,122.20999908447266,96.26841735839844
2018-07-17,TLT,121.9800033569336,96.08724975585938
2018-07-18,TLT,121.48999786376953,95.70126342773438
2018-07-19,TLT,122.26000213623047,96.30781555175781
2018-07-20,TLT,120.76000213623047,95.126220703125
2018-07-23,TLT,119.2699966430664,93.9524917602539
2018-07-24,TLT,119.68000030517578,94.27545166015625
2018-07-25,TLT,119.48999786376953,94.12577819824219
2018-07-26,TLT,119.26000213623047,93.94462585449219
2018-07-27,TLT,119.45999908447266,94.10218048095703
2018-07-30,TLT,119.05000305175781,93.7791976928711
2018-07-31,TLT,119.69999694824219,94.29125213623047
2018-08-01,TLT,118.45999908447266,93.52306365966797
2018-08-02,TLT,118.62999725341797,93.65724182128906
2018-08-03,TLT,119.22000122070312,94.12305450439453
2018-08-06,TLT,119.29000091552734,94.17835235595703
2018-08-07,TLT,118.66999816894531,93.68880462646484
2018-08-08,TLT,118.79000091552734,93.78358459472656
2018-08-09,TLT,119.79000091552734,94.57306671142578
2018-08-10,TLT,120.66000366210938,95.25994110107422
2018-08-13,TLT,120.41000366210938,95.06258392333984
2018-08-14,TLT,120.13999938964844,94.84941101074219
2018-08-15,TLT,120.83999633789062,95.40203857421875
2018-08-16,TLT,120.83000183105469,95.39414978027344
2018-08-17,TLT,120.9800033569336,95.51255798339844
2018-08-20,TLT,121.79000091552734,96.15204620361328
2018-08-21,TLT,121.37999725341797,95.82836151123047
2018-08-22,TLT,121.86000061035156,96.20732879638672
2018-08-23,TLT,122.05000305175781,96.35735321044922
2018-08-24,TLT,122.29000091552734,96.54679870605469
2018-08-27,TLT,121.58999633789062,95.99414825439453
2018-08-28,TLT,120.86000061035156,95.41783142089844
2018-08-29,TLT,121.0199966430664,95.5441665649414
2018-08-30,TLT,121.27999877929688,95.74942779541016
2018-08-31,TLT,121,95.52835083007812
2018-09-04,TLT,120.02999877929688,94.97603607177734
2018-09-05,TLT,119.70999908447266,94.72284698486328
2018-09-06,TLT,120.1500015258789,95.0710220336914
2018-09-07,TLT,119.12999725341797,94.26390838623047
2018-09-10,TLT,119.56999969482422,94.61210632324219
2018-09-11,TLT,118.66000366210938,93.89200592041016
2018-09-12,TLT,118.94000244140625,94.11355590820312
2018-09-13,TLT,119.12000274658203,94.2559814453125
2018-09-14,TLT,118.55000305175781,93.80497741699219
2018-09-17,TLT,118.55000305175781,93.80497741699219
2018-09-18,TLT,117.30999755859375,92.82381439208984
2018-09-19,TLT,116.61000061035156,92.26993560791016
2018-09-20,TLT,117.1500015258789,92.69721984863281
2018-09-21,TLT,117.0999984741211,92.65762329101562
2018-09-24,TLT,116.80000305175781,92.42027282714844
2018-09-25,TLT,116.68000030517578,92.32528686523438
2018-09-26,TLT,117.5,92.97413635253906
2018-09-27,TLT,117.58000183105469,93.03742980957031
2018-09-28,TLT,117.2699966430664,92.79212188720703
2018-10-01,TLT,116.1500015258789,92.11095428466797
2018-10-02,TLT,116.86000061035156,92.67401123046875
2018-10-03,TLT,114.83000183105469,91.06412506103516
2018-10-04,TLT,114.0199966430664,90.42178344726562
2018-10-05,TLT,113.04000091552734,89.64456176757812
2018-10-08,TLT,112.66000366210938,89.34322357177734
2018-10-09,TLT,113.80000305175781,90.247314453125
2018-10-10,TLT,113.48999786376953,90.00147247314453
2018-10-11,TLT,114.87000274658203,91.09586334228516
2018-10-12,TLT,114.47000122070312,90.77864074707031
2018-10-15,TLT,114.41999816894531,90.7389907836914
2018-10-16,TLT,114.68000030517578,90.9451675415039
2018-10-17,TLT,114,90.4059066772461
2018-10-18,TLT,113.95999908447266,90.37417602539062
2018-10-19,TLT,113.70999908447266,90.17596435546875
2018-10-22,TLT,113.55999755859375,90.05697631835938
2018-10-23,TLT,113.91999816894531,90.34247589111328
2018-10-24,TLT,114.77999877929688,91.02448272705078
2018-10-25,TLT,114.30000305175781,90.6438217163086
2018-10-26,TLT,114.98999786376953,91.19100952148438
2018-10-29,TLT,114.7300033569336,90.98481750488281
2018-10-30,TLT,114.16000366210938,90.53277587890625
2018-10-31,TLT,113.58000183105469,90.07283020019531
2018-11-01,TLT,113.41000366210938,90.15632629394531
2018-11-02,TLT,112,89.03539276123047
2018-11-05,TLT,112.44000244140625,89.38519287109375
2018-11-06,TLT,112.37000274658203,89.32955169677734
2018-11-07,TLT,112.5199966430664,89.44879150390625
2018-11-08,TLT,112.51000213623047,89.44085693359375
2018-11-09,TLT,113.3499984741211,90.10860443115234
2018-11-12,TLT,114.08999633789062,90.69688415527344
2018-11-13,TLT,114.0199966430664,90.64126586914062
2018-11-14,TLT,114.08999633789062,90.69688415527344
2018-11-15,TLT,114.04000091552734,90.65717315673828
2018-11-16,TLT,114.69999694824219,91.18181610107422
2018-11-19,TLT,115.0199966430664,91.4361572265625
2018-11-20,TLT,115.05999755859375,91.46798706054688
2018-11-21,TLT,115.0199966430664,91.4361572265625
2018-11-23,TLT,115.13999938964844,91.53156280517578
2018-11-26,TLT,114.87999725341797,91.32491302490234
2018-11-27,TLT,115.01000213623047,91.42825317382812
2018-11-28,TLT,114.44999694824219,90.98306274414062
2018-11-29,TLT,114.9000015258789,91.34081268310547
2018-11-30,TLT,115.33000183105469,91.68264770507812
2018-12-03,TLT,115.87999725341797,92.3336410522461
2018-12-04,TLT,117.81999969482422,93.87943267822266
2018-12-06,TLT,118.19000244140625,94.17423248291016
2018-12-07,TLT,118.41000366210938,94.34953308105469
2018-12-10,TLT,118.9000015258789,94.73997497558594
2018-12-11,TLT,118.87999725341797,94.7240219116211
2018-12-12,TLT,118.3499984741211,94.3017349243164
2018-12-13,TLT,118.06999969482422,94.07861328125
2018-12-14,TLT,118.4800033569336,94.40531158447266
2018-12-17,TLT,119.16999816894531,94.9551010131836
2018-12-18,TLT,119.5999984741211,95.5237808227539
2018-12-19,TLT,121.18000030517578,96.78569793701172
2018-12-20,TLT,120.73999786376953,96.43426513671875
2018-12-21,TLT,120.72000122070312,96.41828918457031
2018-12-24,TLT,121.31999969482422,96.89753723144531
2018-12-26,TLT,120.0199966430664,95.85924530029297
2018-12-27,TLT,120.04000091552734,95.87520599365234
2018-12-28,TLT,121.05000305175781,96.68187713623047
2018-12-31,TLT,121.51000213623047,97.04927825927734
2019-01-02,TLT,122.1500015258789,97.56043243408203
2019-01-03,TLT,123.54000091552734,98.67061614990234
2019-01-04,TLT,122.11000061035156,97.52849578857422
2019-01-07,TLT,121.75,97.24097442626953
2019-01-08,TLT,121.43000030517578,96.98539733886719
2019-01-09,TLT,121.23999786376953,96.83364868164062
2019-01-10,TLT,120.45999908447266,96.21064758300781
2019-01-11,TLT,120.93000030517578,96.58607482910156
2019-01-14,TLT,120.4800033569336,96.22660827636719
2019-01-15,TLT,120.04000091552734,95.87520599365234
2019-01-16,TLT,120.16000366210938,95.9710464477539
2019-01-17,TLT,120.19000244140625,95.99502563476562
2019-01-18,TLT,119.55999755859375,95.49181365966797
2019-01-22,TLT,120.37000274658203,96.1387939453125
2019-01-23,TLT,120.31999969482422,96.0988540649414
2019-01-24,TLT,121.11000061035156,96.72982025146484
2019-01-25,TLT,120.52999877929688,96.26652526855469
2019-01-28,TLT,120.41000366210938,96.1707534790039
2019-01-29,TLT,121.0199966430664,96.65789794921875
2019-01-30,TLT,120.93000030517578,96.58607482910156
2019-01-31,TLT,121.97000122070312,97.41667175292969
2019-02-01,TLT,120.95999908447266,96.82830810546875
2019-02-04,TLT,120.41999816894531,96.39604949951172
2019-02-05,TLT,120.97000122070312,96.83631134033203
2019-02-06,TLT,121.02999877929688,96.8843765258789
2019-02-07,TLT,121.83000183105469,97.52474975585938
2019-02-08,TLT,122.3499984741211,97.94100189208984
2019-02-11,TLT,121.87000274658203,97.55679321289062
2019-02-12,TLT,121.55999755859375,97.30860900878906
2019-02-13,TLT,121.0999984741211,96.94036865234375
2019-02-14,TLT,121.79000091552734,97.49272155761719
2019-02-15,TLT,121.9800033569336,97.64482879638672
2019-02-19,TLT,122.29000091552734,97.8929443359375
2019-02-20,TLT,121.94000244140625,97.61278533935547
2019-02-21,TLT,120.8499984741211,96.74026489257812
2019-02-22,TLT,121.56999969482422,97.31664276123047
2019-02-25,TLT,121.20999908447266,97.02840423583984
2019-02-26,TLT,121.80999755859375,97.50872802734375
2019-02-27,TLT,120.43000030517578,96.40399932861328
2019-02-28,TLT,120.0199966430664,96.07586669921875
2019-03-01,TLT,118.66000366210938,95.18778991699219
2019-03-04,TLT,119.58999633789062,95.933837890625
2019-03-05,TLT,119.83999633789062,96.13441467285156
2019-03-06,TLT,120.27999877929688,96.48738861083984
2019-03-07,TLT,121.05999755859375,97.11307525634766
2019-03-08,TLT,121.56999969482422,97.5221939086914
2019-03-11,TLT,121.20999908447266,97.23339080810547
2019-03-12,TLT,122.05999755859375,97.91522979736328
2019-03-13,TLT,121.83000183105469,97.73074340820312
2019-03-14,TLT,120.94999694824219,97.02485656738281
2019-03-15,TLT,121.75,97.66658020019531
2019-03-18,TLT,121.68000030517578,97.61044311523438
2019-03-19,TLT,121.41000366210938,97.39386749267578
2019-03-20,TLT,122.68000030517578,98.41262817382812
2019-03-21,TLT,122.94999694824219,98.62920379638672
2019-03-22,TLT,124.86000061035156,100.1613998413086
2019-03-25,TLT,125.05999755859375,100.32185363769531
2019-03-26,TLT,124.97000122070312,100.24966430664062
2019-03-27,TLT,126.12000274658203,101.17218017578125
2019-03-28,TLT,126.55999755859375,101.52513885498047
2019-03-29,TLT,126.44000244140625,101.42886352539062
2019-04-01,TLT,124.37000274658203,99.98816680908203
2019-04-02,TLT,124.5999984741211,100.17304229736328
2019-04-03,TLT,123.5199966430664,99.30479431152344
2019-04-04,TLT,123.87000274658203,99.58618927001953
2019-04-05,TLT,124.02999877929688,99.71482849121094
2019-04-08,TLT,123.58999633789062,99.36107635498047
2019-04-09,TLT,123.9800033569336,99.67460632324219
2019-04-10,TLT,124.27999877929688,99.91580963134766
2019-04-11,TLT,123.55000305175781,99.3289566040039
2019-04-12,TLT,122.66999816894531,98.62142944335938
2019-04-15,TLT,122.9800033569336,98.87068939208984
2019-04-16,TLT,122.20999908447266,98.25163269042969
2019-04-17,TLT,122.26000213623047,98.29183197021484
2019-04-18,TLT,122.9000015258789,98.80633544921875
2019-04-22,TLT,122.30999755859375,98.3320083618164
2019-04-23,TLT,122.56999969482422,98.54102325439453
2019-04-24,TLT,123.56999969482422,99.34501647949219
2019-04-25,TLT,123.38999938964844,99.20030212402344
2019-04-26,TLT,123.80999755859375,99.5379638671875
2019-04-29,TLT,123.0199966430664,98.9028091430664
2019-04-30,TLT,123.6500015258789,99.4093246459961
2019-05-01,TLT,123.9000015258789,99.81938934326172
2019-05-02,TLT,123.30999755859375,99.34404754638672
2019-05-03,TLT,123.66000366210938,99.62606811523438
2019-05-06,TLT,124,99.89995574951172
2019-05-07,TLT,124.94999694824219,100.66533660888672
2019-05-08,TLT,124.41000366210938,100.23025512695312
2019-05-09,TLT,124.91999816894531,100.64117431640625
2019-05-10,TLT,124.75,100.5041732788086
2019-05-13,TLT,125.7300033569336,101.2937240600586
2019-05-14,TLT,125.36000061035156,100.99564361572266
2019-05-15,TLT,126.12999725341797,101.61599731445312
2019-05-16,TLT,125.70999908447266,101.277587890625
2019-05-17,TLT,125.98999786376953,101.50321197509766
2019-05-20,TLT,125.7300033569336,101.2937240600586
2019-05-21,TLT,125.52999877929688,101.13259887695312
2019-05-22,TLT,126.25,101.7126693725586
2019-05-23,TLT,127.66999816894531,102.85667419433594
2019-05-24,TLT,127.77999877929688,102.9453125
2019-05-28,TLT,128.6999969482422,103.68648529052734
2019-05-29,TLT,129.08999633789062,104.0007095336914
2019-05-30,TLT,130.1999969482422,104.89492797851562
2019-05-31,TLT,131.8300018310547,106.20816802978516
2019-06-03,TLT,132.44000244140625,106.91859436035156
2019-06-04,TLT,130.92999267578125,105.69950866699219
2019-06-05,TLT,130.19000244140625,105.10215759277344
2019-06-06,TLT,130.61000061035156,105.44120788574219
2019-06-07,TLT,131.74000549316406,106.35345458984375
2019-06-10,TLT,130.5,105.35240936279297
2019-06-11,TLT,130.5800018310547,105.41700744628906
2019-06-12,TLT,130.67999267578125,105.49769592285156
2019-06-13,TLT,131.1300048828125,105.86100006103516
2019-06-14,TLT,131.4600067138672,106.1274642944336
2019-06-17,TLT,131.69000244140625,106.31311798095703
2019-06-18,TLT,132.35000610351562,106.84588623046875
2019-06-19,TLT,132.5399932861328,106.99932861328125
2019-06-20,TLT,132.88999938964844,107.28187561035156
2019-06-21,TLT,131.42999267578125,106.10319519042969
2019-06-24,TLT,132.41000366210938,106.89435577392578
2019-06-25,TLT,132.82000732421875,107.225341796875
2019-06-26,TLT,131.97000122070312,106.5391845703125
2019-06-27,TLT,132.89999389648438,107.2899169921875
2019-06-28,TLT,132.80999755859375,107.21728515625
2019-07-01,TLT,132.24000549316406,106.96656036376953
2019-07-02,TLT,133.25999450683594,107.79158020019531
2019-07-03,TLT,134.2100067138672,108.56004333496094
2019-07-05,TLT,132.42999267578125,107.12019348144531
2019-07-08,TLT,132.61000061035156,107.26583862304688
2019-07-09,TLT,132.55999755859375,107.22537231445312
2019-07-10,TLT,131.8300018310547,106.6348876953125
2019-07-11,TLT,130.07000732421875,105.2112808227539
2019-07-12,TLT,130.22000122070312,105.33259582519531
2019-07-15,TLT,130.97000122070312,105.93924713134766
2019-07-16,TLT,130.5800018310547,105.62376403808594
2019-07-17,TLT,131.99000549316406,106.76429748535156
2019-07-18,TLT,132,106.77238464355469
2019-07-19,TLT,131.69000244140625,106.52169036865234
2019-07-22,TLT,131.94000244140625,106.723876953125
2019-07-23,TLT,131.22000122070312,106.1414566040039
2019-07-24,TLT,131.7899932861328,106.60252380371094
2019-07-25,TLT,131.16000366210938,106.0929183959961
2019-07-26,TLT,131.47000122070312,106.3436508178711
2019-07-29,TLT,131.50999450683594,106.37603759765625
2019-07-30,TLT,131.8300018310547,106.6348876953125
2019-07-31,TLT,132.88999938964844,107.49229431152344
2019-08-01,TLT,135.25999450683594,109.62711334228516
2019-08-02,TLT,136.50999450683594,110.64020538330078
2019-08-05,TLT,138.8699951171875,112.55302429199219
2019-08-06,TLT,139.97999572753906,113.45258331298828
2019-08-07,TLT,140.02999877929688,113.49317932128906
2019-08-08,TLT,140.3300018310547,113.73635864257812
2019-08-09,TLT,140.0500030517578,113.50939178466797
2019-08-12,TLT,142.97000122070312,115.87596893310547
2019-08-13,TLT,142.47999572753906,115.47886657714844
2019-08-14,TLT,145.69000244140625,118.0805892944336
2019-08-15,TLT,147.30999755859375,119.39356994628906
2019-08-16,TLT,146.1300048828125,118.4371566772461
2019-08-19,TLT,144.0399932861328,116.74323272705078
2019-08-20,TLT,145.52999877929688,117.95086669921875
2019-08-21,TLT,144.55999755859375,117.16470336914062
2019-08-22,TLT,143.60000610351562,116.38665008544922
2019-08-23,TLT,145.9600067138672,118.2994155883789
2019-08-26,TLT,145.3699951171875,117.82122802734375
2019-08-27,TLT,147.61000061035156,119.63671112060547
2019-08-28,TLT,147.8000030517578,119.79074096679688
2019-08-29,TLT,147.24000549316406,119.33686828613281
2019-08-30,TLT,147.27999877929688,119.36927032470703
2019-09-03,TLT,147.2100067138672,119.52352142333984
2019-09-04,TLT,147.42999267578125,119.70210266113281
2019-09-05,TLT,144.75999450683594,117.53429412841797
2019-09-06,TLT,145.7899932861328,118.37056732177734
2019-09-09,TLT,143.1999969482422,116.26773834228516
2019-09-10,TLT,140.69000244140625,114.22975158691406
2019-09-11,TLT,140.44000244140625,114.02676391601562
2019-09-12,TLT,139.52000427246094,113.27976989746094
2019-09-13,TLT,136.5399932861328,110.8602294921875
2019-09-16,TLT,138.27999877929688,112.2730484008789
2019-09-17,TLT,139.02999877929688,112.8819580078125
2019-09-18,TLT,139.6199951171875,113.36103057861328
2019-09-19,TLT,140.0399932861328,113.70201110839844
2019-09-20,TLT,141.88999938964844,115.20409393310547
2019-09-23,TLT,141.86000061035156,115.1796646118164
2019-09-24,TLT,143.57000732421875,116.56813049316406
2019-09-25,TLT,141.47000122070312,114.86311340332031
2019-09-26,TLT,142.3800048828125,115.6019287109375
2019-09-27,TLT,142.72999572753906,115.88606262207031
2019-09-30,TLT,143.0800018310547,116.17024993896484
2019-10-01,TLT,143.25999450683594,116.51998138427734
2019-10-02,TLT,143.61000061035156,116.80467224121094
2019-10-03,TLT,144.9199981689453,117.8701400756836
2019-10-04,TLT,145.99000549316406,118.74042510986328
2019-10-07,TLT,144.77999877929688,117.75630950927734
2019-10-08,TLT,145.1699981689453,118.07347106933594
2019-10-09,TLT,144.35000610351562,117.40653228759766
2019-10-10,TLT,142.1999969482422,115.65779876708984
2019-10-11,TLT,140.44000244140625,114.22632598876953
2019-10-14,TLT,141.4600067138672,115.05596923828125
2019-10-15,TLT,139.75,113.66512298583984
2019-10-16,TLT,139.9199981689453,113.80341339111328
2019-10-17,TLT,139.5800018310547,113.52691650390625
2019-10-18,TLT,139.5800018310547,113.52691650390625
2019-10-21,TLT,138.52999877929688,112.67288208007812
2019-10-22,TLT,139.33999633789062,113.3316879272461
2019-10-23,TLT,139.47999572753906,113.44557189941406
2019-10-24,TLT,139.1999969482422,113.21778106689453
2019-10-25,TLT,138.52000427246094,112.66477966308594
2019-10-28,TLT,137.25999450683594,111.6399154663086
2019-10-29,TLT,137.35000610351562,111.71315002441406
2019-10-30,TLT,139.36000061035156,113.3479232788086
2019-10-31,TLT,141.24000549316406,114.8770523071289
2019-11-01,TLT,140.55999755859375,114.52346801757812
2019-11-04,TLT,138.7100067138672,113.0160903930664
2019-11-05,TLT,137.14999389648438,111.74507141113281
2019-11-06,TLT,137.97999572753906,112.42137145996094
2019-11-07,TLT,135.47999572753906,110.38439178466797
2019-11-08,TLT,134.91000366210938,109.92003631591797
2019-11-11,TLT,135,109.99331665039062
2019-11-12,TLT,135.6199951171875,110.49849700927734
2019-11-13,TLT,136.5,111.21544647216797
2019-11-14,TLT,137.91000366210938,112.36431884765625
2019-11-15,TLT,137.75999450683594,112.24211120605469
2019-11-18,TLT,138.00999450683594,112.44575500488281
2019-11-19,TLT,139.16000366210938,113.38282775878906
2019-11-20,TLT,140.60000610351562,114.5560531616211
2019-11-21,TLT,139.72000122070312,113.83906555175781
2019-11-22,TLT,139.89999389648438,113.98565673828125
2019-11-25,TLT,140.30999755859375,114.31977081298828
2019-11-26,TLT,141.1300048828125,114.98786926269531
2019-11-27,TLT,140.72000122070312,114.65377044677734
2019-11-29,TLT,140.4199981689453,114.40936279296875
2019-12-02,TLT,138.30999755859375,112.8839340209961
2019-12-03,TLT,141.2100067138672,115.25086212158203
2019-12-04,TLT,139.8000030517578,114.10005950927734
2019-12-05,TLT,139.1199951171875,113.5450439453125
2019-12-06,TLT,138.35000610351562,112.91658782958984
2019-12-09,TLT,138.64999389648438,113.16148376464844
2019-12-10,TLT,138.66000366210938,113.16963958740234
2019-12-11,TLT,139.75,114.0592041015625
2019-12-12,TLT,137.4499969482422,112.18201446533203
2019-12-13,TLT,139.0399932861328,113.47972106933594
2019-12-16,TLT,137.7899932861328,112.45954895019531
2019-12-17,TLT,137.60000610351562,112.30449676513672
2019-12-18,TLT,136.47000122070312,111.3822021484375
2019-12-19,TLT,136.47000122070312,111.56044006347656
2019-12-20,TLT,136.64999389648438,111.70753479003906
2019-12-23,TLT,136.4499969482422,111.54407501220703
2019-12-24,TLT,136.83999633789062,111.86285400390625
2019-12-26,TLT,137.1699981689453,112.13265228271484
2019-12-27,TLT,137.32000732421875,112.25526428222656
2019-12-30,TLT,136.82000732421875,111.84648132324219
2019-12-31,TLT,135.47999572753906,110.7511215209961
2020-01-02,TLT,137.00999450683594,112.00186920166016
2020-01-03,TLT,139.1199951171875,113.72667694091797
2020-01-06,TLT,138.3300018310547,113.0809097290039
2020-01-07,TLT,137.64999389648438,112.52505493164062
2020-01-08,TLT,136.74000549316406,111.78115844726562
2020-01-09,TLT,137.22000122070312,112.17349243164062
2020-01-10,TLT,138.44000244140625,113.1707992553711
2020-01-13,TLT,138.02000427246094,112.82746124267578
2020-01-14,TLT,138.72999572753906,113.40791320800781
2020-01-15,TLT,139.64999389648438,114.15998840332031
2020-01-16,TLT,139.2100067138672,113.80030822753906
2020-01-17,TLT,138.02000427246094,112.82746124267578
2020-01-21,TLT,139.47000122070312,114.0128402709961
2020-01-22,TLT,139.9600067138672,114.41334533691406
2020-01-23,TLT,140.94000244140625,115.21453094482422
2020-01-24,TLT,142.0800018310547,116.14643096923828
2020-01-27,TLT,144.2899932861328,117.95304870605469
2020-01-28,TLT,143.16000366210938,117.02928924560547
2020-01-29,TLT,144.55999755859375,118.17376708984375
2020-01-30,TLT,144.5800018310547,118.19009399414062
2020-01-31,TLT,145.89999389648438,119.2691421508789
2020-02-03,TLT,145.5399932861328,119.17254638671875
2020-02-04,TLT,143.5800018310547,117.567626953125
2020-02-05,TLT,142.00999450683594,116.28206634521484
2020-02-06,TLT,142.64999389648438,116.80615234375
2020-02-07,TLT,144.42999267578125,118.2636489868164
2020-02-10,TLT,144.8300018310547,118.59115600585938
2020-02-11,TLT,144.10000610351562,117.99348449707031
2020-02-12,TLT,143.3699951171875,117.39568328857422
2020-02-13,TLT,143.9199981689453,117.84600830078125
2020-02-14,TLT,144.5500030517578,118.36192321777344
2020-02-18,TLT,145.5399932861328,119.17254638671875
2020-02-19,TLT,145.52999877929688,119.1644058227539
2020-02-20,TLT,146.6699981689453,120.09783935546875
2020-02-21,TLT,148.0399932861328,121.2195816040039
2020-02-24,TLT,150.25,123.02922821044922
2020-02-25,TLT,151.0500030517578,123.68427276611328
2020-02-26,TLT,150.25,123.02922821044922
2020-02-27,TLT,151.8800048828125,124.36394500732422
2020-02-28,TLT,155.30999755859375,127.17256927490234
2020-03-02,TLT,153.94000244140625,126.23682403564453
2020-03-03,TLT,156.3300018310547,128.19671630859375
2020-03-04,TLT,154.6699981689453,126.83551025390625
2020-03-05,TLT,158.52000427246094,129.99269104003906
2020-03-06,TLT,166.77000427246094,136.7579345703125
2020-03-09,TLT,171.2899932861328,140.464599609375
2020-03-10,TLT,162.50999450683594,133.2645721435547
2020-03-11,TLT,156.52999877929688,128.3607635498047
2020-03-12,TLT,157.5,129.15618896484375
2020-03-13,TLT,153.94000244140625,126.23682403564453
2020-03-16,TLT,163.91000366210938,134.41261291503906
2020-03-17,TLT,152.97999572753906,125.4496078491211
2020-03-18,TLT,144.35000610351562,118.3726577758789
2020-03-19,TLT,148.27999877929688,121.5954360961914
2020-03-20,TLT,159.42999267578125,130.73883056640625
2020-03-23,TLT,166,136.1265106201172
2020-03-24,TLT,162.91000366210938,133.5926055908203
2020-03-25,TLT,162.5399932861328,133.28927612304688
2020-03-26,TLT,163.33999633789062,133.9451904296875
2020-03-27,TLT,167.6999969482422,137.52061462402344
2020-03-30,TLT,166.32000732421875,136.3889617919922
2020-03-31,TLT,164.97000122070312,135.2818603515625
2020-04-01,TLT,167.0399932861328,137.17724609375
2020-04-02,TLT,168.10000610351562,138.0478057861328
2020-04-03,TLT,168.5,138.37628173828125
2020-04-06,TLT,168.05999755859375,138.014892578125
2020-04-07,TLT,166.3000030517578,136.5695343017578
2020-04-08,TLT,165.08999633789062,135.575927734375
2020-04-09,TLT,165.38999938964844,135.82225036621094
2020-04-13,TLT,163.8800048828125,134.5822296142578
2020-04-14,TLT,163.83999633789062,134.54933166503906
2020-04-15,TLT,168.17999267578125,138.11346435546875
2020-04-16,TLT,170.08999633789062,139.6820831298828
2020-04-17,TLT,167.80999755859375,137.8096160888672
2020-04-20,TLT,169.16000366210938,138.9182891845703
2020-04-21,TLT,171.2899932861328,140.6675567626953
2020-04-22,TLT,169.5399932861328,139.2303009033203
2020-04-23,TLT,170.44000244140625,139.9694366455078
2020-04-24,TLT,170.83999633789062,140.2978515625
2020-04-27,TLT,167.66000366210938,137.68646240234375
2020-04-28,TLT,169.58999633789062,139.27137756347656
2020-04-29,TLT,168.7100067138672,138.54872131347656
2020-04-30,TLT,166.74000549316406,136.93092346191406
2020-05-01,TLT,167.9499969482422,138.10345458984375
2020-05-04,TLT,167.16000366210938,137.4539031982422
2020-05-05,TLT,166.08999633789062,136.57400512695312
2020-05-06,TLT,163.41000366210938,134.37030029296875
2020-05-07,TLT,166.13999938964844,136.6151885986328
2020-05-08,TLT,163.97999572753906,134.83901977539062
2020-05-11,TLT,162.6999969482422,133.78648376464844
2020-05-12,TLT,164.3699951171875,135.15972900390625
2020-05-13,TLT,165.52000427246094,136.10533142089844
2020-05-14,TLT,167.13999938964844,137.43743896484375
2020-05-15,TLT,166.7100067138672,137.0839080810547
2020-05-18,TLT,163.0500030517578,134.0742950439453
2020-05-19,TLT,163.66000366210938,134.5758819580078
2020-05-20,TLT,164.14999389648438,134.97877502441406
2020-05-21,TLT,164.55999755859375,135.31590270996094
2020-05-22,TLT,165.5500030517578,136.12994384765625
2020-05-26,TLT,163.3300018310547,134.3045196533203
2020-05-27,TLT,163.02999877929688,134.05783081054688
2020-05-28,TLT,162.42999267578125,133.5644073486328
2020-05-29,TLT,163.58999633789062,134.51834106445312
2020-06-01,TLT,162.27999877929688,133.6126708984375
2020-06-02,TLT,161.69000244140625,133.1269073486328
2020-06-03,TLT,159.5399932861328,131.35671997070312
2020-06-04,TLT,157.22999572753906,129.45474243164062
2020-06-05,TLT,156.11000061035156,128.53256225585938
2020-06-08,TLT,156.7100067138672,129.02662658691406
2020-06-09,TLT,158.49000549316406,130.49220275878906
2020-06-10,TLT,160.83999633789062,132.42701721191406
2020-06-11,TLT,163.8800048828125,134.9300079345703
2020-06-12,TLT,162.3000030517578,133.62911987304688
2020-06-15,TLT,162.38999938964844,133.70318603515625
2020-06-16,TLT,159.89999389648438,131.65309143066406
2020-06-17,TLT,160.55999755859375,132.1964111328125
2020-06-18,TLT,162.25999450683594,133.59617614746094
2020-06-19,TLT,162.38999938964844,133.70318603515625
2020-06-22,TLT,162.41000366210938,133.71961975097656
2020-06-23,TLT,161.3000030517578,132.80569458007812
2020-06-24,TLT,163.02999877929688,134.23008728027344
2020-06-25,TLT,163.5,134.61709594726562
2020-06-26,TLT,165.25,136.05796813964844
2020-06-29,TLT,164.72999572753906,135.62986755371094
2020-06-30,TLT,163.92999267578125,134.9711456298828
2020-07-01,TLT,163.4199981689453,134.70904541015625
2020-07-02,TLT,163.58999633789062,134.8491668701172
2020-07-06,TLT,162.9199981689453,134.29684448242188
2020-07-07,TLT,165.2100067138672,136.1845703125
2020-07-08,TLT,164.5500030517578,135.64053344726562
2020-07-09,TLT,167.1699981689453,137.8001251220703
2020-07-10,TLT,166.3300018310547,137.1077423095703
2020-07-13,TLT,166.8800048828125,137.5611114501953
2020-07-14,TLT,167.1199951171875,137.7589874267578
2020-07-15,TLT,166.33999633789062,137.11599731445312
2020-07-16,TLT,167.1300048828125,137.76715087890625
2020-07-17,TLT,166.77999877929688,137.47869873046875
2020-07-20,TLT,167.19000244140625,137.81668090820312
2020-07-21,TLT,167.2899932861328,137.899169921875
2020-07-22,TLT,167.7899932861328,138.311279296875
2020-07-23,TLT,169.75,139.92686462402344
2020-07-24,TLT,169.74000549316406,139.91864013671875
2020-07-27,TLT,169.11000061035156,139.39930725097656
2020-07-28,TLT,170.27999877929688,140.3638458251953
2020-07-29,TLT,169.99000549316406,140.12477111816406
2020-07-30,TLT,171.11000061035156,141.04798889160156
2020-07-31,TLT,171,140.9573211669922
2020-08-03,TLT,169.9499969482422,140.2476043701172
2020-08-04,TLT,171.57000732421875,141.58444213867188
2020-08-05,TLT,170.07000732421875,140.3466033935547
2020-08-06,TLT,171.02000427246094,141.13063049316406
2020-08-07,TLT,169.8800048828125,140.18991088867188
2020-08-10,TLT,169.1199951171875,139.56265258789062
2020-08-11,TLT,167.11000061035156,137.90396118164062
2020-08-12,TLT,165.58999633789062,136.6495819091797
2020-08-13,TLT,163.82000732421875,135.18899536132812
2020-08-14,TLT,163.17999267578125,134.66078186035156
2020-08-17,TLT,163.58999633789062,134.9991912841797
2020-08-18,TLT,164.75999450683594,135.96463012695312
2020-08-19,TLT,163.72999572753906,135.11465454101562
2020-08-20,TLT,165.2100067138672,136.33607482910156
2020-08-21,TLT,166.1999969482422,137.15298461914062
2020-08-24,TLT,165.92999267578125,136.93011474609375
2020-08-25,TLT,164.66000366210938,135.8821563720703
2020-08-26,TLT,164.02999877929688,135.36224365234375
2020-08-27,TLT,161.24000549316406,133.05982971191406
2020-08-28,TLT,161.1199951171875,132.96080017089844
2020-08-31,TLT,162.19000244140625,133.8438262939453
2020-09-01,TLT,163.86000061035156,135.37469482421875
2020-09-02,TLT,165.4199981689453,136.66358947753906
2020-09-03,TLT,165.88999938964844,137.05184936523438
2020-09-04,TLT,162.74000549316406,134.44935607910156
2020-09-08,TLT,163.74000549316406,135.27552795410156
2020-09-09,TLT,163.3000030517578,134.9120330810547
2020-09-10,TLT,164.1300048828125,135.59776306152344
2020-09-11,TLT,164.47999572753906,135.88694763183594
2020-09-14,TLT,164.47000122070312,135.87864685058594
2020-09-15,TLT,164.07000732421875,135.54820251464844
2020-09-16,TLT,163.5800018310547,135.14340209960938
2020-09-17,TLT,164.0800018310547,135.55645751953125
2020-09-18,TLT,163.57000732421875,135.1351318359375
2020-09-21,TLT,164.39999389648438,135.8208465576172
2020-09-22,TLT,164.27000427246094,135.7134246826172
2020-09-23,TLT,164.49000549316406,135.8951416015625
2020-09-24,TLT,165.1199951171875,136.41563415527344
2020-09-25,TLT,165.1199951171875,136.41563415527344
2020-09-28,TLT,164.64999389648438,136.02731323242188
2020-09-29,TLT,164.83999633789062,136.184326171875
2020-09-30,TLT,163.25999450683594,134.8790283203125
2020-10-01,TLT,163.36000061035156,135.1014862060547
2020-10-02,TLT,162.75,134.59703063964844
2020-10-05,TLT,159.57000732421875,131.9670867919922
2020-10-06,TLT,160.42999267578125,132.6782989501953
2020-10-07,TLT,159.25999450683594,131.71075439453125
2020-10-08,TLT,160.1199951171875,132.42198181152344
2020-10-09,TLT,160.08999633789062,132.39710998535156
2020-10-12,TLT,160.60000610351562,132.81895446777344
2020-10-13,TLT,161.75,133.7699737548828
2020-10-14,TLT,162.1199951171875,134.07595825195312
2020-10-15,TLT,161.83999633789062,133.8444366455078
2020-10-16,TLT,161.38999938964844,133.47222900390625
2020-10-19,TLT,160.77999877929688,132.96774291992188
2020-10-20,TLT,159.25,131.70242309570312
2020-10-21,TLT,158.6999969482422,131.24757385253906
2020-10-22,TLT,157.0500030517578,129.88294982910156
2020-10-23,TLT,158.00999450683594,130.67689514160156
2020-10-26,TLT,159.47999572753906,131.89263916015625
2020-10-27,TLT,160.5500030517578,132.77752685546875
2020-10-28,TLT,160.6999969482422,132.90158081054688
2020-10-29,TLT,159.13999938964844,131.61143493652344
2020-10-30,TLT,157.57000732421875,130.31298828125
2020-11-02,TLT,158.5800018310547,131.28907775878906
2020-11-03,TLT,157.66000366210938,130.52740478515625
2020-11-04,TLT,161.0800018310547,133.35890197753906
2020-11-05,TLT,161.36000061035156,133.5907440185547
2020-11-06,TLT,159.41000366210938,131.9762725830078
2020-11-09,TLT,156.05999755859375,129.20286560058594
2020-11-10,TLT,155.16000366210938,128.45770263671875
2020-11-11,TLT,155.72000122070312,128.9213104248047
2020-11-12,TLT,158.3699951171875,131.11532592773438
2020-11-13,TLT,158.16000366210938,130.94140625
2020-11-16,TLT,157.77999877929688,130.62681579589844
2020-11-17,TLT,158.80999755859375,131.47958374023438
2020-11-18,TLT,159.27000427246094,131.8603973388672
2020-11-19,TLT,160.08999633789062,132.53932189941406
2020-11-20,TLT,161.50999450683594,133.71493530273438
2020-11-23,TLT,160.77000427246094,133.10226440429688
2020-11-24,TLT,159.1699981689453,131.7776336669922
2020-11-25,TLT,158.67999267578125,131.37188720703125
2020-11-27,TLT,160.22000122070312,132.64688110351562
2020-11-30,TLT,160.02000427246094,132.4813690185547
2020-12-01,TLT,157.5,130.52801513671875
2020-12-02,TLT,156.25,129.49205017089844
2020-12-03,TLT,157.50999450683594,130.5362548828125
2020-12-04,TLT,155.1999969482422,128.621826171875
2020-12-07,TLT,156.60000610351562,129.78213500976562
2020-12-08,TLT,157.33999633789062,130.39541625976562
2020-12-09,TLT,156.82000732421875,129.96441650390625
2020-12-10,TLT,158.2100067138672,131.1163787841797
2020-12-11,TLT,158.77000427246094,131.58053588867188
2020-12-14,TLT,158.3300018310547,131.21585083007812
2020-12-15,TLT,157.8000030517578,130.77664184570312
2020-12-16,TLT,157.3800048828125,130.42852783203125
2020-12-17,TLT,156.8000030517578,130.0833740234375
2020-12-18,TLT,156.3300018310547,129.6935272216797
2020-12-21,TLT,156.9499969482422,130.20791625976562
2020-12-22,TLT,157.75999450683594,130.87979125976562
2020-12-23,TLT,156.6699981689453,129.9755859375
2020-12-24,TLT,157.2899932861328,130.4899139404297
2020-12-28,TLT,157.36000061035156,130.54791259765625
2020-12-29,TLT,157.16000366210938,130.3820037841797
2020-12-30,TLT,157.5,130.66416931152344
2020-12-31,TLT,157.72999572753906,130.85491943359375
2021-01-04,TLT,157.5399932861328,130.69728088378906
2021-01-05,TLT,156.3699951171875,129.7266845703125
2021-01-06,TLT,153.16000366210938,127.0635757446289
2021-01-07,TLT,151.80999755859375,125.943603515625
2021-01-08,TLT,151.32000732421875,125.53717803955078
2021-01-11,TLT,151.07000732421875,125.32975006103516
2021-01-12,TLT,150.9499969482422,125.23014831542969
2021-01-13,TLT,152.64999389648438,126.64045715332031
2021-01-14,TLT,151.22000122070312,125.45419311523438
2021-01-15,TLT,151.82000732421875,125.951904296875
2021-01-19,TLT,152.30999755859375,126.3584213256836
2021-01-20,TLT,152.4600067138672,126.48291015625
2021-01-21,TLT,151.38999938964844,125.59520721435547
2021-01-22,TLT,151.8800048828125,126.00171661376953
2021-01-25,TLT,153.6699981689453,127.48677062988281
2021-01-26,TLT,153.3800048828125,127.24614715576172
2021-01-27,TLT,153.77000427246094,127.56971740722656
2021-01-28,TLT,152.9199981689453,126.8645248413086
2021-01-29,TLT,152,126.1012191772461
2021-02-01,TLT,152,126.24738311767578
2021-02-02,TLT,151.02000427246094,125.43348693847656
2021-02-03,TLT,149.67999267578125,124.32048034667969
2021-02-04,TLT,149.27999877929688,123.9882583618164
2021-02-05,TLT,148.02999877929688,122.9500961303711
2021-02-08,TLT,148.67999267578125,123.48988342285156
2021-02-09,TLT,148.7899932861328,123.58128356933594
2021-02-10,TLT,149.77999877929688,124.40359497070312
2021-02-11,TLT,148.9600067138672,123.72244262695312
2021-02-12,TLT,147.11000061035156,122.18596649169922
2021-02-16,TLT,144.8699951171875,120.32548522949219
2021-02-17,TLT,145.7899932861328,121.08958435058594
2021-02-18,TLT,145.1999969482422,120.59951782226562
2021-02-19,TLT,143.27000427246094,118.99649810791016
2021-02-22,TLT,142.17999267578125,118.09123229980469
2021-02-23,TLT,141.77000427246094,117.75066375732422
2021-02-24,TLT,140.83999633789062,116.97827911376953
2021-02-25,TLT,138.5399932861328,115.0678482055664
2021-02-26,TLT,143.1199951171875,118.8719253540039
2021-03-01,TLT,141.05999755859375,117.30184936523438
2021-03-02,TLT,141.07000732421875,117.31026458740234
2021-03-03,TLT,139.5399932861328,116.03793334960938
2021-03-04,TLT,138.63999938964844,115.28948211669922
2021-03-05,TLT,138.91000366210938,115.51403045654297
2021-03-08,TLT,137.8300018310547,114.61595153808594
2021-03-09,TLT,139.74000549316406,116.2042236328125
2021-03-10,TLT,140.02000427246094,116.43714141845703
2021-03-11,TLT,139.00999450683594,115.59718322753906
2021-03-12,TLT,136.05999755859375,113.1440200805664
2021-03-15,TLT,136.86000061035156,113.8093032836914
2021-03-16,TLT,136.30999755859375,113.35194396972656
2021-03-17,TLT,135.2899932861328,112.50372314453125
2021-03-18,TLT,133.9199981689453,111.36447143554688
2021-03-19,TLT,134.75,112.05467224121094
2021-03-22,TLT,136.25999450683594,113.31033325195312
2021-03-23,TLT,137.49000549316406,114.33319091796875
2021-03-24,TLT,138.22999572753906,114.94855499267578
2021-03-25,TLT,137.13999938964844,114.04216003417969
2021-03-26,TLT,136.66000366210938,113.64301300048828
2021-03-29,TLT,135.5,112.6783676147461
2021-03-30,TLT,136.2100067138672,113.26881408691406
2021-03-31,TLT,135.4499969482422,112.63674926757812
2021-04-01,TLT,137.50999450683594,114.50618743896484
2021-04-05,TLT,136.91000366210938,114.00658416748047
2021-04-06,TLT,137.83999633789062,114.78102111816406
2021-04-07,TLT,136.8800048828125,113.9815902709961
2021-04-08,TLT,138.00999450683594,114.92256164550781
2021-04-09,TLT,137.50999450683594,114.50618743896484
2021-04-12,TLT,137.4499969482422,114.45625305175781
2021-04-13,TLT,138.47999572753906,115.31394958496094
2021-04-14,TLT,138.0399932861328,114.94755554199219
2021-04-15,TLT,140.35000610351562,116.87110137939453
2021-04-16,TLT,139.25999450683594,115.9634780883789
2021-04-19,TLT,138.86000061035156,115.63040161132812
2021-04-20,TLT,139.5,116.16331481933594
2021-04-21,TLT,139.77999877929688,116.39649963378906
2021-04-22,TLT,140.38999938964844,116.90443420410156
2021-04-23,TLT,140.05999755859375,116.62964630126953
2021-04-26,TLT,139.86000061035156,116.46310424804688
2021-04-27,TLT,138.63999938964844,115.4471664428711
2021-04-28,TLT,138.72999572753906,115.52217102050781
2021-04-29,TLT,138.32000732421875,115.18069458007812
2021-04-30,TLT,138.63999938964844,115.4471664428711
2021-05-03,TLT,138.52000427246094,115.5163803100586
2021-05-04,TLT,139.4600067138672,116.30033874511719
2021-05-05,TLT,139.69000244140625,116.49211120605469
2021-05-06,TLT,139.9199981689453,116.68389129638672
2021-05-07,TLT,139.22999572753906,116.1085205078125
2021-05-10,TLT,137.82000732421875,114.93267822265625
2021-05-11,TLT,137.0399932861328,114.28218841552734
2021-05-12,TLT,135.60000610351562,113.08134460449219
2021-05-13,TLT,135.80999755859375,113.2564468383789
2021-05-14,TLT,137.0800018310547,114.3155288696289
2021-05-17,TLT,136.7899932861328,114.07373809814453
2021-05-18,TLT,136.44000244140625,113.78184509277344
2021-05-19,TLT,136.11000061035156,113.50662231445312
2021-05-20,TLT,137.22999572753906,114.44059753417969
2021-05-21,TLT,137.6699981689453,114.80757141113281
2021-05-24,TLT,138.17999267578125,115.23291015625
2021-05-25,TLT,139.4600067138672,116.30033874511719
2021-05-26,TLT,139.22000122070312,116.10018920898438
2021-05-27,TLT,138.66000366210938,115.63311767578125
2021-05-28,TLT,138.44000244140625,115.44969940185547
2021-06-01,TLT,138.2100067138672,115.42378234863281
2021-06-02,TLT,138.52999877929688,115.69104766845703
2021-06-03,TLT,138.00999450683594,115.25675201416016
2021-06-04,TLT,139.89999389648438,116.83515930175781
2021-06-07,TLT,139.47000122070312,116.47606658935547
2021-06-08,TLT,140.4499969482422,117.29451751708984
2021-06-09,TLT,141.69000244140625,118.33006286621094
2021-06-10,TLT,142.5399932861328,119.03992462158203
2021-06-11,TLT,142.30999755859375,118.84783172607422
2021-06-14,TLT,141.22000122070312,117.93756103515625
2021-06-15,TLT,141.0500030517578,117.79560852050781
2021-06-16,TLT,140.92999267578125,117.69538116455078
2021-06-17,TLT,143.0399932861328,119.45748901367188
2021-06-18,TLT,145.72999572753906,121.7040023803711
2021-06-21,TLT,143.2899932861328,119.666259765625
2021-06-22,TLT,143.63999938964844,119.95857238769531
2021-06-23,TLT,143.27000427246094,119.6495590209961
2021-06-24,TLT,143.5,119.84170532226562
2021-06-25,TLT,142.00999450683594,118.5972671508789
2021-06-28,TLT,143.47000122070312,119.81661987304688
2021-06-29,TLT,143.7100067138672,120.01705169677734
2021-06-30,TLT,144.35000610351562,120.55148315429688
2021-07-01,TLT,144.1699981689453,120.55821990966797
2021-07-02,TLT,145.0399932861328,121.28572082519531
2021-07-06,TLT,146.74000549316406,122.70730590820312
2021-07-07,TLT,148.0399932861328,123.79442596435547
2021-07-08,TLT,148.6199951171875,124.27938079833984
2021-07-09,TLT,146.52999877929688,122.53166961669922
2021-07-12,TLT,146.33999633789062,122.37284851074219
2021-07-13,TLT,145.22000122070312,121.43629455566406
2021-07-14,TLT,146.8699951171875,122.81599426269531
2021-07-15,TLT,148.49000549316406,124.17069244384766
2021-07-16,TLT,148.2100067138672,123.93655395507812
2021-07-19,TLT,151.4600067138672,126.65425109863281
2021-07-20,TLT,150,125.43338775634766
2021-07-21,TLT,148.10000610351562,123.84461212158203
2021-07-22,TLT,149.5,125.01524353027344
2021-07-23,TLT,148.5,124.17903900146484
2021-07-26,TLT,148.05999755859375,123.81109619140625
2021-07-27,TLT,149.63999938964844,125.1323471069336
2021-07-28,TLT,149.64999389648438,125.14075469970703
2021-07-29,TLT,148.82000732421875,124.44664001464844
2021-07-30,TLT,149.52000427246094,125.03202819824219
2021-08-02,TLT,150.6699981689453,126.14715576171875
2021-08-03,TLT,150.75,126.21422576904297
2021-08-04,TLT,151.05999755859375,126.47374725341797
2021-08-05,TLT,150.2899932861328,125.82904052734375
2021-08-06,TLT,147.77999877929688,123.7275619506836
2021-08-09,TLT,147.25,123.2838134765625
2021-08-10,TLT,146.57000732421875,122.71456146240234
2021-08-11,TLT,146.47999572753906,122.63915252685547
2021-08-12,TLT,146.24000549316406,122.43816375732422
2021-08-13,TLT,148.5500030517578,124.37223815917969
2021-08-16,TLT,148.91000366210938,124.67364501953125
2021-08-17,TLT,148.85000610351562,124.6234130859375
2021-08-18,TLT,149.35000610351562,125.0420150756836
2021-08-19,TLT,150.4499969482422,125.96305084228516
2021-08-20,TLT,150.5500030517578,126.0467300415039
2021-08-23,TLT,150.4499969482422,125.96305084228516
2021-08-24,TLT,149.27999877929688,124.98343658447266
2021-08-25,TLT,148.0399932861328,123.94527435302734
2021-08-26,TLT,148.4499969482422,124.28850555419922
2021-08-27,TLT,149.4600067138672,125.13411712646484
2021-08-30,TLT,149.85000610351562,125.46073150634766
2021-08-31,TLT,148.8300018310547,124.6067123413086
2021-09-01,TLT,148.88999938964844,124.81542205810547
2021-09-02,TLT,149.5399932861328,125.36034393310547
2021-09-03,TLT,148.17999267578125,124.22016906738281
2021-09-07,TLT,146.92999267578125,123.17230987548828
2021-09-08,TLT,147.92999267578125,124.01060485839844
2021-09-09,TLT,149.72000122070312,125.5112075805664
2021-09-10,TLT,148.39999389648438,124.40464782714844
2021-09-13,TLT,149.3000030517578,125.15914916992188
2021-09-14,TLT,151.11000061035156,126.6764907836914
2021-09-15,TLT,150.5800018310547,126.232177734375
2021-09-16,TLT,149.88999938964844,125.65371704101562
2021-09-17,TLT,149.1699981689453,125.05015563964844
2021-09-20,TLT,151.02000427246094,126.60102844238281
2021-09-21,TLT,150.88999938964844,126.49205017089844
2021-09-22,TLT,151.7899932861328,127.24654388427734
2021-09-23,TLT,148.36000061035156,124.37113952636719
2021-09-24,TLT,146.91000366210938,123.155517578125
2021-09-27,TLT,146.3699951171875,122.70288848876953
2021-09-28,TLT,144.08999633789062,120.79154205322266
2021-09-29,TLT,144.33999633789062,121.0011215209961
2021-09-30,TLT,144.32000732421875,120.9843521118164
2021-10-01,TLT,145.35000610351562,122.0025634765625
2021-10-04,TLT,144.97999572753906,121.69197082519531
2021-10-05,TLT,143.5800018310547,120.5168228149414
2021-10-06,TLT,144.38999938964844,121.19671630859375
2021-10-07,TLT,142.8800048828125,119.92921447753906
2021-10-08,TLT,141.8800048828125,119.08993530273438
2021-10-11,TLT,141.52000427246094,118.78773498535156
2021-10-12,TLT,143.94000244140625,120.8189697265625
2021-10-13,TLT,145.33999633789062,121.99411010742188
2021-10-14,TLT,145.8800048828125,122.4473876953125
2021-10-15,TLT,145.02999877929688,121.73394012451172
2021-10-18,TLT,145.7100067138672,122.30470275878906
2021-10-19,TLT,143.6999969482422,120.61751556396484
2021-10-20,TLT,142.72999572753906,119.80331420898438
2021-10-21,TLT,142.55999755859375,119.66065979003906
2021-10-22,TLT,144.1300048828125,120.97847747802734
2021-10-25,TLT,143.91000366210938,120.79381561279297
2021-10-26,TLT,145.10000610351562,121.79265594482422
2021-10-27,TLT,147.74000549316406,124.00863647460938
2021-10-28,TLT,147.24000549316406,123.58895874023438
2021-10-29,TLT,147.69000244140625,123.9666976928711
2021-11-01,TLT,146.44000244140625,123.07411193847656
2021-11-02,TLT,147.08999633789062,123.62036895751953
2021-11-03,TLT,145.57000732421875,122.34290313720703
2021-11-04,TLT,147.10000610351562,123.62881469726562
2021-11-05,TLT,149.3000030517578,125.47776794433594
2021-11-08,TLT,149.02000427246094,125.24243927001953
2021-11-09,TLT,150.9600067138672,126.87289428710938
2021-11-10,TLT,148.1999969482422,124.55325317382812
2021-11-11,TLT,147.97999572753906,124.36833190917969
2021-11-12,TLT,147.3300018310547,123.82205200195312
2021-11-15,TLT,145.47999572753906,122.26727294921875
2021-11-16,TLT,145.11000061035156,121.95633697509766
2021-11-17,TLT,146.25999450683594,122.92283630371094
2021-11-18,TLT,146.80999755859375,123.38502502441406
2021-11-19,TLT,148.36000061035156,124.68769836425781
2021-11-22,TLT,146.6199951171875,123.22537231445312
2021-11-23,TLT,144.5,121.44361877441406
2021-11-24,TLT,146.82000732421875,123.39344787597656
2021-11-26,TLT,150.52999877929688,126.51150512695312
2021-11-29,TLT,149.32000732421875,125.4946060180664
2021-11-30,TLT,151.58999633789062,127.40235900878906
2021-12-01,TLT,152.33999633789062,128.1883087158203
2021-12-02,TLT,152.52999877929688,128.3481903076172
2021-12-03,TLT,154.35000610351562,129.879638671875
2021-12-06,TLT,152.22999572753906,128.09573364257812
2021-12-07,TLT,151,127.0606918334961
2021-12-08,TLT,148.38999938964844,124.86454010009766
2021-12-09,TLT,149.22000122070312,125.5628662109375
2021-12-10,TLT,148.86000061035156,125.25997161865234
2021-12-13,TLT,151.05999755859375,127.11124420166016
2021-12-14,TLT,150.6999969482422,126.8082504272461
2021-12-15,TLT,149.25,125.588134765625
2021-12-16,TLT,149.13999938964844,125.63706970214844
2021-12-17,TLT,150.8300018310547,127.06067657470703
2021-12-20,TLT,149.6999969482422,126.10879516601562
2021-12-21,TLT,149.1300048828125,125.62857055664062
2021-12-22,TLT,149.82000732421875,126.20988464355469
2021-12-23,TLT,148.52000427246094,125.11470031738281
2021-12-27,TLT,148.8800048828125,125.41797637939453
2021-12-28,TLT,148.2899932861328,124.92095947265625
2021-12-29,TLT,146.6699981689453,123.55628204345703
2021-12-30,TLT,147.89999389648438,124.59244537353516
2021-12-31,TLT,148.19000244140625,124.83674621582031
2022-01-03,TLT,144.3000030517578,121.55975341796875
2022-01-04,TLT,143.6999969482422,121.05428314208984
2022-01-05,TLT,142.9199981689453,120.39720916748047
2022-01-06,TLT,143.2899932861328,120.70892333984375
2022-01-07,TLT,142.25999450683594,119.84123992919922
2022-01-10,TLT,142.61000061035156,120.1360855102539
2022-01-11,TLT,143.55999755859375,120.93640899658203
2022-01-12,TLT,143.00999450683594,120.47309875488281
2022-01-13,TLT,144.27999877929688,121.54292297363281
2022-01-14,TLT,142.10000610351562,119.70650482177734
2022-01-18,TLT,140.10000610351562,118.02169036865234
2022-01-19,TLT,141.07000732421875,118.83879089355469
2022-01-20,TLT,141.94000244140625,119.57168579101562
2022-01-21,TLT,143.6300048828125,120.99531555175781
2022-01-24,TLT,142.4499969482422,120.00126647949219
2022-01-25,TLT,142.22000122070312,119.80756378173828
2022-01-26,TLT,140.5,118.35861206054688
2022-01-27,TLT,143.0800018310547,120.53202056884766
2022-01-28,TLT,143.1300048828125,120.57421112060547
2022-01-31,TLT,142.38999938964844,119.95076751708984
2022-02-01,TLT,141.72000122070312,119.55260467529297
2022-02-02,TLT,142.1999969482422,119.95753479003906
2022-02-03,TLT,141.08999633789062,119.0211410522461
2022-02-04,TLT,139.00999450683594,117.26644134521484
2022-02-07,TLT,139.10000610351562,117.3424072265625
2022-02-08,TLT,138.1699981689453,116.55789184570312
2022-02-09,TLT,138.42999267578125,116.77717590332031
2022-02-10,TLT,136.22999572753906,114.92131042480469
2022-02-11,TLT,138.25,116.6253662109375
2022-02-14,TLT,136.52999877929688,115.17443084716797
2022-02-15,TLT,134.97999572753906,113.86688995361328
2022-02-16,TLT,135.77999877929688,114.54168701171875
2022-02-17,TLT,136.7899932861328,115.39376068115234
2022-02-18,TLT,138.22999572753906,116.60848236083984
2022-02-22,TLT,138.58999633789062,116.91218566894531
2022-02-23,TLT,136.67999267578125,115.30094909667969
2022-02-24,TLT,136.77000427246094,115.37683868408203
2022-02-25,TLT,136.8699951171875,115.46119689941406
2022-02-28,TLT,139.8699951171875,117.99192810058594
2022-03-01,TLT,141.3000030517578,119.35617065429688
2022-03-02,TLT,136.47000122070312,115.27625274658203
2022-03-03,TLT,137.86000061035156,116.450439453125
2022-03-04,TLT,140.24000549316406,118.46076965332031
2022-03-07,TLT,139.1699981689453,117.55693817138672
2022-03-08,TLT,137.77000427246094,116.37434387207031
2022-03-09,TLT,136.4199981689453,115.23404693603516
2022-03-10,TLT,134.4600067138672,113.57839965820312
2022-03-11,TLT,134.91000366210938,113.95851135253906
2022-03-14,TLT,131.75999450683594,111.2977294921875
2022-03-15,TLT,131.52999877929688,111.10343933105469
2022-03-16,TLT,132.82000732421875,112.1930923461914
2022-03-17,TLT,131.8300018310547,111.35688781738281
2022-03-18,TLT,133.44000244140625,112.71686553955078
2022-03-21,TLT,130.35000610351562,110.10669708251953
2022-03-22,TLT,128.67999267578125,108.696044921875
2022-03-23,TLT,131.5,111.07808685302734
2022-03-24,TLT,130.47000122070312,110.20806884765625
2022-03-25,TLT,128.66000366210938,108.67914581298828
2022-03-28,TLT,129.75999450683594,109.60830688476562
2022-03-29,TLT,130.74000549316406,110.43612670898438
2022-03-30,TLT,131.75999450683594,111.2977294921875
2022-03-31,TLT,132.0800018310547,111.56798553466797
2022-04-01,TLT,132.3800048828125,111.99274444580078
2022-04-04,TLT,131.4600067138672,111.21442413330078
2022-04-05,TLT,128.49000549316406,108.70179748535156
2022-04-06,TLT,127.44999694824219,107.82194519042969
2022-04-07,TLT,126.48999786376953,107.00978088378906
2022-04-08,TLT,125.12000274658203,105.85079193115234
2022-04-11,TLT,123.13999938964844,104.17570495605469
2022-04-12,TLT,122.97000122070312,104.03192901611328
2022-04-13,TLT,123.22000122070312,104.2433853149414
2022-04-14,TLT,120.75,102.15380096435547
2022-04-18,TLT,120.1500015258789,101.64622497558594
2022-04-19,TLT,119.25,100.88479614257812
2022-04-20,TLT,121.6500015258789,102.91519165039062
2022-04-21,TLT,120.75,102.15380096435547
2022-04-22,TLT,119.98999786376953,101.5108413696289
2022-04-25,TLT,121.19000244140625,102.5260238647461
2022-04-26,TLT,122.41000366210938,103.55816650390625
2022-04-27,TLT,120.83999633789062,102.22993469238281
2022-04-28,TLT,121.0199966430664,102.38221740722656
2022-04-29,TLT,119.44999694824219,101.05401611328125
2022-05-02,TLT,117.18000030517578,99.30235290527344
2022-05-03,TLT,117.97000122070312,99.97183227539062
2022-05-04,TLT,118.62000274658203,100.52265167236328
2022-05-05,TLT,115.37000274658203,97.76853942871094
2022-05-06,TLT,113.66999816894531,96.3278579711914
2022-05-09,TLT,114.66999816894531,97.17527770996094
2022-05-10,TLT,115.70999908447266,98.05663299560547
2022-05-11,TLT,117.94000244140625,99.9464340209961
2022-05-12,TLT,117.72000122070312,99.7599868774414
2022-05-13,TLT,115.9800033569336,98.28544616699219
2022-05-16,TLT,115.86000061035156,98.18374633789062
2022-05-17,TLT,114.45999908447266,96.99735260009766
2022-05-18,TLT,116.9000015258789,99.0650863647461
2022-05-19,TLT,117.18000030517578,99.30235290527344
2022-05-20,TLT,118.51000213623047,100.42945098876953
2022-05-23,TLT,116.55999755859375,98.7769546508789
2022-05-24,TLT,118.86000061035156,100.72604370117188
2022-05-25,TLT,119.33000183105469,101.12432861328125
2022-05-26,TLT,118.79000091552734,100.66670989990234
2022-05-27,TLT,119.08000183105469,100.91248321533203
2022-05-31,TLT,116.55999755859375,98.7769546508789
2022-06-01,TLT,116.22000122070312,98.66405487060547
2022-06-02,TLT,116.27999877929688,98.7149887084961
2022-06-03,TLT,116.02999877929688,98.50273895263672
2022-06-06,TLT,113.88999938964844,96.68599700927734
2022-06-07,TLT,115.12000274658203,97.73016357421875
2022-06-08,TLT,114.0999984741211,96.8642807006836
2022-06-09,TLT,114.4800033569336,97.1868667602539
2022-06-10,TLT,113.7699966430664,96.58414459228516
2022-06-13,TLT,110.19999694824219,93.55338287353516
2022-06-14,TLT,108.80999755859375,92.37337493896484
2022-06-15,TLT,110.83999633789062,94.09672546386719
2022-06-16,TLT,111.72000122070312,94.84380340576172
2022-06-17,TLT,112.08000183105469,95.14942169189453
2022-06-21,TLT,110.18000030517578,93.53644561767578
2022-06-22,TLT,113.20999908447266,96.10871124267578
2022-06-23,TLT,114.13999938964844,96.89823913574219
2022-06-24,TLT,112.55999755859375,95.5569076538086
2022-06-27,TLT,111.5999984741211,94.74193572998047
2022-06-28,TLT,112.12000274658203,95.18336486816406
2022-06-29,TLT,113.87000274658203,96.66902923583984
2022-06-30,TLT,114.87000274658203,97.51799011230469
2022-07-01,TLT,115.81999969482422,98.51914978027344
2022-07-05,TLT,116.7300033569336,99.29320526123047
2022-07-06,TLT,114.7699966430664,97.6259765625
2022-07-07,TLT,113.76000213623047,96.7668685913086
2022-07-08,TLT,112.5,95.69509887695312
2022-07-11,TLT,114.44000244140625,97.34529876708984
2022-07-12,TLT,115.12000274658203,97.9236831665039
2022-07-13,TLT,116.44000244140625,99.04653930664062
2022-07-14,TLT,115.48999786376953,98.23844146728516
2022-07-15,TLT,116.13999938964844,98.79135131835938
2022-07-18,TLT,114.93000030517578,97.7620849609375
2022-07-19,TLT,114.30999755859375,97.23470306396484
2022-07-20,TLT,114.61000061035156,97.48987579345703
2022-07-21,TLT,116.58999633789062,99.17411804199219
2022-07-22,TLT,118.55000305175781,100.84135437011719
2022-07-25,TLT,117.38999938964844,99.8546142578125
2022-07-26,TLT,117.4800033569336,99.93119049072266
2022-07-27,TLT,116.81999969482422,99.3697509765625
2022-07-28,TLT,117.75,100.16085052490234
2022-07-29,TLT,117.43000030517578,99.8886489868164
2022-08-01,TLT,120.04000091552734,102.29432678222656
2022-08-02,TLT,117.5,100.12981414794922
2022-08-03,TLT,119.3499984741211,101.70631408691406
2022-08-04,TLT,119.30999755859375,101.67222595214844
2022-08-05,TLT,116.47000122070312,99.2520751953125
2022-08-08,TLT,118.3499984741211,100.85417175292969
2022-08-09,TLT,117.88999938964844,100.46216583251953
2022-08-10,TLT,117.12000274658203,99.80597686767578
2022-08-11,TLT,114.38999938964844,97.47957611083984
2022-08-12,TLT,115.55000305175781,98.46809387207031
2022-08-15,TLT,115.44999694824219,98.38288116455078
2022-08-16,TLT,115.93000030517578,98.79192352294922
2022-08-17,TLT,114.72000122070312,97.76079559326172
2022-08-18,TLT,114.88999938964844,97.9056396484375
2022-08-19,TLT,113.04000091552734,96.32913970947266
2022-08-22,TLT,112.66000366210938,96.00531005859375
2022-08-23,TLT,112.04000091552734,95.47698211669922
2022-08-24,TLT,111.22000122070312,94.7781982421875
2022-08-25,TLT,112.7699966430664,96.09907531738281
2022-08-26,TLT,113.62000274658203,96.82337951660156
2022-08-29,TLT,112.68000030517578,96.02236938476562
2022-08-30,TLT,112.95999908447266,96.26097106933594
2022-08-31,TLT,111.87999725341797,95.34061431884766
2022-09-01,TLT,109.5999984741211,93.5951156616211
2022-09-02,TLT,110.22000122070312,94.12458801269531
2022-09-06,TLT,107.48999786376953,91.79322814941406
2022-09-07,TLT,109.19000244140625,93.2449951171875
2022-09-08,TLT,108.06999969482422,92.28853607177734
2022-09-09,TLT,108.30999755859375,92.49349212646484
2022-09-12,TLT,107.41999816894531,91.73346710205078
2022-09-13,TLT,107.66999816894531,91.94693756103516
2022-09-14,TLT,108.04000091552734,92.26292419433594
2022-09-15,TLT,107.97000122070312,92.20315551757812
2022-09-16,TLT,107.06999969482422,91.43456268310547
2022-09-19,TLT,107.31999969482422,91.64805603027344
2022-09-20,TLT,106.25,90.73429870605469
2022-09-21,TLT,108.02999877929688,92.2543716430664
2022-09-22,TLT,105.2699966430664,89.89739990234375
2022-09-23,TLT,105.69999694824219,90.2646484375
2022-09-26,TLT,103.68000030517578,88.53961181640625
2022-09-27,TLT,100.94999694824219,86.208251953125
2022-09-28,TLT,104.33000183105469,89.09469604492188
2022-09-29,TLT,103.79000091552734,88.633544921875
2022-09-30,TLT,102.44999694824219,87.4892349243164
2022-10-03,TLT,103.83000183105469,88.87937927246094
2022-10-04,TLT,103.54000091552734,88.63114166259766
2022-10-05,TLT,102.55000305175781,87.78370666503906
2022-10-06,TLT,101.9800033569336,87.29576110839844
2022-10-07,TLT,100.98999786376953,86.44831848144531
2022-10-10,TLT,99.41999816894531,85.10440826416016
2022-10-11,TLT,99.86000061035156,85.48103332519531
2022-10-12,TLT,100.3499984741211,85.90045928955078
2022-10-13,TLT,99.38999938964844,85.07868194580078
2022-10-14,TLT,98.56999969482422,84.37675476074219
2022-10-17,TLT,98.08999633789062,83.96590423583984
2022-10-18,TLT,98.31999969482422,84.16275787353516
2022-10-19,TLT,96.52999877929688,82.63050842285156
2022-10-20,TLT,94.87999725341797,81.21810150146484
2022-10-21,TLT,93.16999816894531,79.75434875488281
2022-10-24,TLT,92.4000015258789,79.09518432617188
2022-10-25,TLT,95.08999633789062,81.3978500366211
2022-10-26,TLT,96.45999908447266,82.57061767578125
2022-10-27,TLT,97.47000122070312,83.4351806640625
2022-10-28,TLT,96.80000305175781,82.86164855957031
2022-10-31,TLT,96.11000061035156,82.27098846435547
2022-11-01,TLT,96.7699966430664,83.03986358642578
2022-11-02,TLT,96.3499984741211,82.67943572998047
2022-11-03,TLT,95.83000183105469,82.2332534790039
2022-11-04,TLT,94.22000122070312,80.8516845703125
2022-11-07,TLT,93.27999877929688,80.0450210571289
2022-11-08,TLT,94.30000305175781,80.92034912109375
2022-11-09,TLT,94.61000061035156,81.18634033203125
2022-11-10,TLT,98.25,84.30987548828125
2022-11-11,TLT,97.88999938964844,84.00096130371094
2022-11-14,TLT,97.6500015258789,83.79500579833984
2022-11-15,TLT,99.2300033569336,85.15081787109375
2022-11-16,TLT,101.4000015258789,87.01294708251953
2022-11-17,TLT,100.33000183105469,86.09473419189453
2022-11-18,TLT,99.63999938964844,85.5026626586914
2022-11-21,TLT,100.05999755859375,85.86306762695312
2022-11-22,TLT,101.4800033569336,87.08160400390625
2022-11-23,TLT,103.25,88.60045623779297
2022-11-25,TLT,102.9000015258789,88.30012512207031
2022-11-28,TLT,103.19000244140625,88.54898071289062
2022-11-29,TLT,101.9800033569336,87.51065826416016
2022-11-30,TLT,102.7300033569336,88.15422821044922
2022-12-01,TLT,105.76000213623047,90.97039794921875
2022-12-02,TLT,107.08999633789062,92.11441040039062
2022-12-05,TLT,105.58999633789062,90.82417297363281
2022-12-06,TLT,106.94999694824219,91.99398803710938
2022-12-07,TLT,109.47000122070312,94.16159057617188
2022-12-08,TLT,109.16999816894531,93.9035415649414
2022-12-09,TLT,106.33000183105469,91.4607162475586
2022-12-12,TLT,106.66999816894531,91.75315856933594
2022-12-13,TLT,107.69999694824219,92.63910675048828
2022-12-14,TLT,108.16000366210938,93.0347671508789
2022-12-15,TLT,108.31999969482422,93.39778137207031
2022-12-16,TLT,107.11000061035156,92.3544692993164
2022-12-19,TLT,105.30999755859375,90.80244445800781
2022-12-20,TLT,103.44000244140625,89.1900405883789
2022-12-21,TLT,103.69999694824219,89.41423797607422
2022-12-22,TLT,103.68000030517578,89.39700317382812
2022-12-23,TLT,102.16000366210938,88.08639526367188
2022-12-27,TLT,100.13999938964844,86.34467315673828
2022-12-28,TLT,99.55000305175781,85.83595275878906
2022-12-29,TLT,100.68000030517578,86.8102798461914
2022-12-30,TLT,99.55999755859375,85.84457397460938
2023-01-03,TLT,101.45999908447266,87.48282623291016
2023-01-04,TLT,102.8499984741211,88.68135070800781
2023-01-05,TLT,103.27999877929688,89.0521011352539
2023-01-06,TLT,105.18000030517578,90.69035339355469
2023-01-09,TLT,105.73999786376953,91.17318725585938
2023-01-10,TLT,103.98999786376953,89.66426849365234
2023-01-11,TLT,105.68000030517578,91.12147521972656
2023-01-12,TLT,107.76000213623047,92.91492462158203
2023-01-13,TLT,106.75,92.0440673828125
2023-01-17,TLT,106.05999755859375,91.44912719726562
2023-01-18,TLT,108.62999725341797,93.6650619506836
2023-01-19,TLT,107.94999694824219,93.0787582397461
2023-01-20,TLT,106.19999694824219,91.56983184814453
2023-01-23,TLT,105.69999694824219,91.13870239257812
2023-01-24,TLT,107.22000122070312,92.44932556152344
2023-01-25,TLT,107.4800033569336,92.67351531982422
2023-01-26,TLT,106.9800033569336,92.24237823486328
2023-01-27,TLT,106.70999908447266,92.00955963134766
2023-01-30,TLT,106.31999969482422,91.67329406738281
2023-01-31,TLT,107.16999816894531,92.40619659423828
2023-02-01,TLT,108.18000030517578,93.51702880859375
2023-02-02,TLT,108.31999969482422,93.6380615234375
2023-02-03,TLT,106.69999694824219,92.23763275146484
2023-02-06,TLT,105.91000366210938,91.55474853515625
2023-02-07,TLT,105.05999755859375,90.8199234008789
2023-02-08,TLT,105.55999755859375,91.25214385986328
2023-02-09,TLT,104.55999755859375,90.38772583007812
2023-02-10,TLT,103.38999938964844,89.37628936767578
2023-02-13,TLT,104.26000213623047,90.12833404541016
2023-02-14,TLT,104.0199966430664,89.92088317871094
2023-02-15,TLT,103.05000305175781,89.0823745727539
2023-02-16,TLT,101.58999633789062,87.82024383544922
2023-02-17,TLT,102.37999725341797,88.50318145751953
2023-02-21,TLT,100.38999938964844,86.78291320800781
2023-02-22,TLT,101.30999755859375,87.5782241821289
2023-02-23,TLT,102.30000305175781,88.43403625488281
2023-02-24,TLT,100.97000122070312,87.28430938720703
2023-02-27,TLT,101.25,87.52637481689453
2023-02-28,TLT,101.70999908447266,87.92401885986328
2023-03-01,TLT,100.37000274658203,86.97944641113281
2023-03-02,TLT,99.4800033569336,86.2081298828125
2023-03-03,TLT,101.88999938964844,88.29663848876953
2023-03-06,TLT,101.0999984741211,87.61204528808594
2023-03-07,TLT,101.72000122070312,88.1492919921875
2023-03-08,TLT,101.81999969482422,88.2359848022461
2023-03-09,TLT,102.06999969482422,88.45259857177734
2023-03-10,TLT,105.58999633789062,91.50300598144531
2023-03-13,TLT,105.83000183105469,91.71100616455078
2023-03-14,TLT,104.08999633789062,90.20310974121094
2023-03-15,TLT,106.0999984741211,91.94496154785156
2023-03-16,TLT,105.2699966430664,91.2257080078125
2023-03-17,TLT,106.8499984741211,92.59489440917969
2023-03-20,TLT,105.91000366210938,91.78035736083984
2023-03-21,TLT,105,90.9917221069336
2023-03-22,TLT,106.4000015258789,92.20494842529297
2023-03-23,TLT,106.4000015258789,92.20494842529297
2023-03-24,TLT,106.8499984741211,92.59489440917969
2023-03-27,TLT,104.33999633789062,90.41974639892578
2023-03-28,TLT,104.52999877929688,90.58441925048828
2023-03-29,TLT,104.31999969482422,90.40243530273438
2023-03-30,TLT,104.80000305175781,90.81840515136719
2023-03-31,TLT,106.37000274658203,92.17896270751953
2023-04-03,TLT,106.5999984741211,92.61247253417969
2023-04-04,TLT,107.12999725341797,93.0728988647461
2023-04-05,TLT,108.25,94.04596710205078
2023-04-06,TLT,108.52999877929688,94.2892074584961
2023-04-10,TLT,106.77999877929688,92.76885223388672
2023-04-11,TLT,107,92.95997619628906
2023-04-12,TLT,106.88999938964844,92.86441802978516
2023-04-13,TLT,106.05000305175781,92.13463592529297
2023-04-14,TLT,105.08000183105469,91.29190826416016
2023-04-17,TLT,103.83000183105469,90.20594024658203
2023-04-18,TLT,104.19999694824219,90.52739715576172
2023-04-19,TLT,104.0999984741211,90.44051361083984
2023-04-20,TLT,104.98999786376953,91.2137222290039
2023-04-21,TLT,104.4000015258789,90.70114135742188
2023-04-24,TLT,105.41000366210938,91.5785903930664
2023-04-25,TLT,106.95999908447266,92.92524719238281
2023-04-26,TLT,105.81999969482422,91.93482971191406
2023-04-27,TLT,104.7699966430664,91.02259063720703
2023-04-28,TLT,106.45999908447266,92.4908447265625
2023-05-01,TLT,103.12999725341797,89.82389068603516
2023-05-02,TLT,105.69999694824219,92.06230163574219
2023-05-03,TLT,106.29000091552734,92.57620239257812
2023-05-04,TLT,105.23999786376953,91.66165924072266
2023-05-05,TLT,104.88999938964844,91.35682678222656
2023-05-08,TLT,103.41999816894531,90.07649230957031
2023-05-09,TLT,103.05000305175781,89.75422668457031
2023-05-10,TLT,104.05000305175781,90.62520599365234
2023-05-11,TLT,105.1500015258789,91.58329010009766
2023-05-12,TLT,104.2699966430664,90.81682586669922
2023-05-15,TLT,103.19000244140625,89.87621307373047
2023-05-16,TLT,102.87999725341797,89.60614776611328
2023-05-17,TLT,102.58000183105469,89.34485626220703
2023-05-18,TLT,101.81999969482422,88.68293762207031
2023-05-19,TLT,101.0999984741211,88.05584716796875
2023-05-22,TLT,100.73999786376953,87.74224853515625
2023-05-23,TLT,101.02999877929688,87.99484252929688
2023-05-24,TLT,100.52999877929688,87.55938720703125
2023-05-25,TLT,100.27999877929688,87.34160614013672
2023-05-26,TLT,101.08999633789062,88.04710388183594
2023-05-30,TLT,102.0999984741211,88.92678833007812
2023-05-31,TLT,102.98999786376953,89.70197296142578
2023-06-01,TLT,103.12000274658203,90.05387878417969
2023-06-02,TLT,101.98999786376953,89.06709289550781
2023-06-05,TLT,101.80000305175781,88.90116119384766
2023-06-06,TLT,102.4000015258789,89.42511749267578
2023-06-07,TLT,100.87999725341797,88.09773254394531
2023-06-08,TLT,102.05999755859375,89.12821197509766
2023-06-09,TLT,101.91999816894531,89.00592803955078
2023-06-12,TLT,102.22000122070312,89.2679443359375
2023-06-13,TLT,101.20999908447266,88.38591003417969
2023-06-14,TLT,102.0199966430664,89.09326934814453
2023-06-15,TLT,103,89.94912719726562
2023-06-16,TLT,102.5999984741211,89.59978485107422
2023-06-20,TLT,103.30999755859375,90.21981811523438
2023-06-21,TLT,103.55999755859375,90.43814086914062
2023-06-22,TLT,102.30999755859375,89.34654235839844
2023-06-23,TLT,103.33000183105469,90.2373046875
2023-06-26,TLT,103.44000244140625,90.3333511352539
2023-06-27,TLT,103.16999816894531,90.09757232666016
2023-06-28,TLT,103.61000061035156,90.4818115234375
2023-06-29,TLT,101.73999786376953,88.8487777709961
2023-06-30,TLT,102.94000244140625,89.89669036865234
2023-07-03,TLT,102.08000183105469,89.38709259033203
2023-07-05,TLT,101.11000061035156,88.53768920898438
2023-07-06,TLT,99.68000030517578,87.28549194335938
2023-07-07,TLT,99.08000183105469,86.76010131835938
2023-07-10,TLT,99.20999908447266,86.87394714355469
2023-07-11,TLT,99.72000122070312,87.32054901123047
2023-07-12,TLT,100.83000183105469,88.29251098632812
2023-07-13,TLT,101.88999938964844,89.2207260131836
2023-07-14,TLT,101.29000091552734,88.69532775878906
2023-07-17,TLT,101.33999633789062,88.73908996582031
2023-07-18,TLT,101.80000305175781,89.14188385009766
2023-07-19,TLT,102.94999694824219,90.14888000488281
2023-07-20,TLT,101.69999694824219,89.0543441772461
2023-07-21,TLT,101.7300033569336,89.08061218261719
2023-07-24,TLT,101.36000061035156,88.75662231445312
2023-07-25,TLT,101.16999816894531,88.59022521972656
2023-07-26,TLT,101.2699966430664,88.67780303955078
2023-07-27,TLT,99.30000305175781,86.95279693603516
2023-07-28,TLT,99.80999755859375,87.39933013916016
2023-07-31,TLT,100.05000305175781,87.60948181152344
2023-08-01,TLT,98.13999938964844,86.1738510131836
2023-08-02,TLT,97.08999633789062,85.25186920166016
2023-08-03,TLT,94.8499984741211,83.28500366210938
2023-08-04,TLT,96.52999877929688,84.76014709472656
2023-08-07,TLT,95.58000183105469,83.92598724365234
2023-08-08,TLT,96.69000244140625,84.9006576538086
2023-08-09,TLT,97.19000244140625,85.33969116210938
2023-08-10,TLT,95.58999633789062,83.93477630615234
2023-08-11,TLT,95.37000274658203,83.74162292480469
2023-08-14,TLT,95.16000366210938,83.55721282958984
2023-08-15,TLT,94.58000183105469,83.04791259765625
2023-08-16,TLT,93.83999633789062,82.39813995361328
2023-08-17,TLT,93.44000244140625,82.04694366455078
2023-08-18,TLT,93.7699966430664,82.33668518066406
2023-08-21,TLT,92.5199966430664,81.2391128540039
2023-08-22,TLT,93.2300033569336,81.8625259399414
2023-08-23,TLT,95.54000091552734,83.89088439941406
2023-08-24,TLT,94.91000366210938,83.33769989013672
2023-08-25,TLT,95.22000122070312,83.60987091064453
2023-08-28,TLT,95.31999969482422,83.69769287109375
2023-08-29,TLT,96.30999755859375,84.56697082519531
2023-08-30,TLT,96.20999908447266,84.47915649414062
2023-08-31,TLT,96.63999938964844,84.85673522949219
2023-09-01,TLT,94.8499984741211,83.53482055664062
2023-09-05,TLT,93.5199966430664,82.36347198486328
2023-09-06,TLT,93.75,82.56603240966797
2023-09-07,TLT,94.01000213623047,82.79502868652344
2023-09-08,TLT,94.37000274658203,83.11207580566406
2023-09-11,TLT,93.69000244140625,82.51318359375
2023-09-12,TLT,94.2300033569336,82.98878479003906
2023-09-13,TLT,94.20999908447266,82.97113037109375
2023-09-14,TLT,93.52999877929688,82.37226867675781
2023-09-15,TLT,92.95999908447266,81.87029266357422
2023-09-18,TLT,93.48999786376953,82.3370361328125
2023-09-19,TLT,92.80000305175781,81.72935485839844
2023-09-20,TLT,93.08999633789062,81.98475646972656
2023-09-21,TLT,90.69999694824219,79.87989807128906
2023-09-22,TLT,91.43000030517578,80.52278900146484
2023-09-25,TLT,89.18000030517578,78.5412368774414
2023-09-26,TLT,88.87000274658203,78.2681884765625
2023-09-27,TLT,88.41000366210938,77.86308288574219
2023-09-28,TLT,88.68000030517578,78.1008529663086
2023-09-29,TLT,88.69000244140625,78.10965728759766
2023-10-02,TLT,86.93000030517578,76.80210876464844
2023-10-03,TLT,85.05999755859375,75.14997100830078
2023-10-04,TLT,86.26000213623047,76.21015930175781
2023-10-05,TLT,85.83000183105469,75.83024597167969
2023-10-06,TLT,84.79000091552734,74.91142272949219
2023-10-09,TLT,86.77999877929688,76.66957092285156
2023-10-10,TLT,86.66000366210938,76.56356048583984
2023-10-11,TLT,88.47000122070312,78.16268157958984
2023-10-12,TLT,86.06999969482422,76.04232025146484
2023-10-13,TLT,87.61000061035156,77.40286254882812
2023-10-16,TLT,86.19999694824219,76.15714263916016
2023-10-17,TLT,85.25,75.31783294677734
2023-10-18,TLT,84.5,74.65522003173828
2023-10-19,TLT,82.7699966430664,73.12677001953125
2023-10-20,TLT,83.23999786376953,73.5420150756836
2023-10-23,TLT,84.23999786376953,74.42549896240234
2023-10-24,TLT,85.3499984741211,75.40617370605469
2023-10-25,TLT,83.44999694824219,73.72752380371094
2023-10-26,TLT,84.7300033569336,74.85841369628906
2023-10-27,TLT,84.37000274658203,74.54035949707031
2023-10-30,TLT,83.98999786376953,74.2046127319336
2023-10-31,TLT,83.58000183105469,73.84239196777344
2023-11-01,TLT,85.0999984741211,75.44345092773438
2023-11-02,TLT,87.04000091552734,77.16333770751953
2023-11-03,TLT,87.62999725341797,77.68635559082031
2023-11-06,TLT,86.77999877929688,76.93281555175781
2023-11-07,TLT,88.05999755859375,78.06757354736328
2023-11-08,TLT,89.55999755859375,79.39736938476562
2023-11-09,TLT,87.5,77.57113647460938
2023-11-10,TLT,87.98999786376953,78.00554656982422
2023-11-13,TLT,87.79000091552734,77.82823944091797
2023-11-14,TLT,89.77999877929688,79.59243774414062
2023-11-15,TLT,88.5199966430664,78.47537994384766
2023-11-16,TLT,89.62000274658203,79.45056915283203
2023-11-17,TLT,90.04000091552734,79.82290649414062
2023-11-20,TLT,90.58999633789062,80.31048583984375
2023-11-21,TLT,90.55000305175781,80.27506256103516
2023-11-22,TLT,90.87000274658203,80.55872344970703
2023-11-24,TLT,89.80000305175781,79.61015319824219
2023-11-27,TLT,91.30000305175781,80.93993377685547
2023-11-28,TLT,91.4800033569336,81.09949493408203
2023-11-29,TLT,92.62999725341797,82.11901092529297
2023-11-30,TLT,91.55999755859375,81.17041015625
2023-12-01,TLT,92.98999786376953,82.69920349121094
2023-12-04,TLT,92.62000274658203,82.3701400756836
2023-12-05,TLT,94.61000061035156,84.13992309570312
2023-12-06,TLT,95.87000274658203,85.26048278808594
2023-12-07,TLT,95.31999969482422,84.77134704589844
2023-12-08,TLT,94.54000091552734,84.07766723632812
2023-12-11,TLT,94.33999633789062,83.8997802734375
2023-12-12,TLT,94.62000274658203,84.14881896972656
2023-12-13,TLT,96.83999633789062,86.12312316894531
2023-12-14,TLT,99.04000091552734,88.36343383789062
2023-12-15,TLT,99.1500015258789,88.46159362792969
2023-12-18,TLT,98.36000061035156,87.75675964355469
2023-12-19,TLT,98.88999938964844,88.22962188720703
2023-12-20,TLT,99.55999755859375,88.82736206054688
2023-12-21,TLT,98.93000030517578,88.26529693603516
2023-12-22,TLT,98.4800033569336,87.86382293701172
2023-12-26,TLT,98.76000213623047,88.11366271972656
2023-12-27,TLT,100.51000213623047,89.67500305175781
2023-12-28,TLT,99.77999877929688,89.02367401123047
2023-12-29,TLT,98.87999725341797,88.220703125
2024-01-02,TLT,98.30999755859375,87.71214294433594
2024-01-03,TLT,98.72000122070312,88.07794952392578
2024-01-04,TLT,97.22000122070312,86.73961639404297
2024-01-05,TLT,96.29000091552734,85.909912109375
2024-01-08,TLT,97.23999786376953,86.75747680664062
2024-01-09,TLT,96.62000274658203,86.20433807373047
2024-01-10,TLT,96.16999816894531,85.80281066894531
2024-01-11,TLT,96.70999908447266,86.28462982177734
2024-01-12,TLT,96.5199966430664,86.11509704589844
2024-01-16,TLT,94.81999969482422,84.5983657836914
2024-01-17,TLT,94.66999816894531,84.46452331542969
2024-01-18,TLT,93.79000091552734,83.67939758300781
2024-01-19,TLT,94.08999633789062,83.94706726074219
2024-01-22,TLT,94.6500015258789,84.44669342041016
2024-01-23,TLT,93.9000015258789,83.77753448486328
2024-01-24,TLT,93.3499984741211,83.28681945800781
2024-01-25,TLT,93.95999908447266,83.83106994628906
2024-01-26,TLT,93.77999877929688,83.67046356201172
2024-01-29,TLT,94.86000061035156,84.6340560913086
2024-01-30,TLT,95.72000122070312,85.4013442993164
2024-01-31,TLT,96.66000366210938,86.2400131225586
2024-02-01,TLT,98.23999786376953,87.93170166015625
2024-02-02,TLT,96.06999969482422,85.9894027709961
2024-02-05,TLT,94.12999725341797,84.25296783447266
2024-02-06,TLT,95.05000305175781,85.0764389038086
2024-02-07,TLT,94.58999633789062,84.66468048095703
2024-02-08,TLT,94.04000091552734,84.17240142822266
2024-02-09,TLT,93.8499984741211,84.00233459472656
2024-02-12,TLT,93.95999908447266,84.10077667236328
2024-02-13,TLT,92.3499984741211,82.65972137451172
2024-02-14,TLT,92.81999969482422,83.08043670654297
2024-02-15,TLT,93.30000305175781,83.51004791259766
2024-02-16,TLT,92.76000213623047,83.02670288085938
2024-02-20,TLT,92.83999633789062,83.09831237792969
2024-02-21,TLT,92.18000030517578,82.5075912475586
2024-02-22,TLT,92.62999725341797,82.9103775024414
2024-02-23,TLT,93.87000274658203,84.02024841308594
2024-02-26,TLT,93.58999633789062,83.76960754394531
2024-02-27,TLT,92.93000030517578,83.17889404296875
2024-02-28,TLT,93.5199966430664,83.70697021484375
2024-02-29,TLT,94.18000030517578,84.2977294921875
2024-03-01,TLT,94.47000122070312,84.82296752929688
2024-03-04,TLT,94.08999633789062,84.48178100585938
2024-03-05,TLT,95.43000030517578,85.68496704101562
2024-03-06,TLT,95.98999786376953,86.18775177001953
2024-03-07,TLT,95.9000015258789,86.10693359375
2024-03-08,TLT,95.7300033569336,85.95429992675781
2024-03-11,TLT,95.68000030517578,85.90941619873047
2024-03-12,TLT,94.87999725341797,85.19111633300781
2024-03-13,TLT,94.41999816894531,84.7780532836914
2024-03-14,TLT,92.97000122070312,83.47613525390625
2024-03-15,TLT,92.94000244140625,83.44922637939453
2024-03-18,TLT,92.66000366210938,83.1978530883789
2024-03-19,TLT,92.91999816894531,83.43125915527344
2024-03-20,TLT,92.88999938964844,83.40432739257812
2024-03-21,TLT,93.08999633789062,83.5838851928711
2024-03-22,TLT,93.9800033569336,84.38300323486328
2024-03-25,TLT,93.51000213623047,83.96100616455078
2024-03-26,TLT,93.7699966430664,84.19446563720703
2024-03-27,TLT,94.69999694824219,85.02949523925781
2024-03-28,TLT,94.62000274658203,84.95764923095703
2024-04-01,TLT,92.55000305175781,83.37397003173828
2024-04-02,TLT,92.04000091552734,82.91453552246094
2024-04-03,TLT,92.0199966430664,82.8965072631836
2024-04-04,TLT,92.68000030517578,83.4910659790039
2024-04-05,TLT,91.38999938964844,82.32897186279297
2024-04-08,TLT,91.37999725341797,82.31993865966797
2024-04-09,TLT,92.2300033569336,83.08568572998047
2024-04-10,TLT,90.22000122070312,81.27498626708984
2024-04-11,TLT,89.80999755859375,80.9056167602539
2024-04-12,TLT,90.29000091552734,81.33802032470703
2024-04-15,TLT,88.88999938964844,80.07684326171875
2024-04-16,TLT,88.30000305175781,79.54534912109375
2024-04-17,TLT,89.27999877929688,80.42815399169922
2024-04-18,TLT,88.83000183105469,80.02278137207031
2024-04-19,TLT,89.1500015258789,80.3110580444336
2024-04-22,TLT,89,80.1759262084961
2024-04-23,TLT,89.02999877929688,80.20294952392578
2024-04-24,TLT,88.4000015258789,79.63541412353516
2024-04-25,TLT,87.77999877929688,79.07689666748047
2024-04-26,TLT,88.23999786376953,79.49125671386719
2024-04-29,TLT,88.9800033569336,80.15791320800781
2024-04-30,TLT,88.22000122070312,79.47325134277344
2024-05-01,TLT,88.55999755859375,80.05906677246094
2024-05-02,TLT,88.94000244140625,80.40258026123047
2024-05-03,TLT,89.83999633789062,81.2161865234375
2024-05-06,TLT,90.19000244140625,81.53260803222656
2024-05-07,TLT,90.73999786376953,82.02980041503906
2024-05-08,TLT,90.19000244140625,81.53260803222656
2024-05-09,TLT,90.62999725341797,81.93035888671875
2024-05-10,TLT,90.12000274658203,81.46930694580078
2024-05-13,TLT,90.3499984741211,81.67723846435547
2024-05-14,TLT,90.86000061035156,82.1382827758789
2024-05-15,TLT,92.0999984741211,83.2592544555664
2024-05-16,TLT,92.01000213623047,83.1778793334961
2024-05-17,TLT,91.38999938964844,82.6174087524414
2024-05-20,TLT,91.12000274658203,82.37332153320312
2024-05-21,TLT,91.58999633789062,82.79821014404297
2024-05-22,TLT,91.69999694824219,82.89765930175781
2024-05-23,TLT,91.11000061035156,82.36427307128906
2024-05-24,TLT,91.37999725341797,82.60835266113281
2024-05-28,TLT,90.06999969482422,81.42411041259766
2024-05-29,TLT,88.9800033569336,80.43873596191406
2024-05-30,TLT,89.83999633789062,81.2161865234375
2024-05-31,TLT,90.44999694824219,81.76764678955078
2024-06-03,TLT,91.5999984741211,83.09019470214844
2024-06-04,TLT,92.66999816894531,84.06078338623047
2024-06-05,TLT,93.3499984741211,84.6776123046875
2024-06-06,TLT,93.20999908447266,84.55061340332031
2024-06-07,TLT,91.5,82.99946594238281
2024-06-10,TLT,90.88999938964844,82.44615173339844
2024-06-11,TLT,91.83000183105469,83.29882049560547
2024-06-12,TLT,92.5199966430664,83.92471313476562
2024-06-13,TLT,93.87999725341797,85.15837097167969
2024-06-14,TLT,94.66999816894531,85.87496185302734
2024-06-17,TLT,93.7300033569336,85.02230834960938
2024-06-18,TLT,94.58999633789062,85.80239868164062
2024-06-20,TLT,93.95999908447266,85.2309341430664
2024-06-21,TLT,93.95999908447266,85.2309341430664
2024-06-24,TLT,94.33999633789062,85.57563018798828
2024-06-25,TLT,94.5,85.72076416015625
2024-06-26,TLT,93.1500015258789,84.49620819091797
2024-06-27,TLT,93.5199966430664,84.8318099975586
2024-06-28,TLT,91.77999877929688,83.25347900390625
2024-07-01,TLT,89.91000366210938,81.81660461425781
2024-07-02,TLT,90.61000061035156,82.4535903930664
2024-07-03,TLT,91.80000305175781,83.53644561767578
2024-07-05,TLT,92.55999755859375,84.22805786132812
2024-07-08,TLT,92.76000213623047,84.41004943847656
2024-07-09,TLT,92.3499984741211,84.03695678710938
2024-07-10,TLT,92.63999938964844,84.30084228515625
2024-07-11,TLT,93.54000091552734,85.1198501586914
2024-07-12,TLT,93.94000244140625,85.48383331298828
2024-07-15,TLT,92.86000061035156,84.50105285644531
2024-07-16,TLT,94.16999816894531,85.6931381225586
2024-07-17,TLT,94.19000244140625,85.7113265991211
2024-07-18,TLT,93.47000122070312,85.0561294555664
2024-07-19,TLT,92.91999816894531,84.55564880371094
2024-07-22,TLT,92.6500015258789,84.30995178222656
2024-07-23,TLT,92.5199966430664,84.191650390625
2024-07-24,TLT,91.5199966430664,83.28167724609375
2024-07-25,TLT,92.2699966430664,83.96414947509766
2024-07-26,TLT,92.98999786376953,84.61934661865234
2024-07-29,TLT,93.48999786376953,85.07435607910156
2024-07-30,TLT,93.8499984741211,85.40193939208984
2024-07-31,TLT,94.80999755859375,86.27552795410156
2024-08-01,TLT,95.30999755859375,87.01961517333984
2024-08-02,TLT,98.27999877929688,89.73129272460938
2024-08-05,TLT,98.80000305175781,90.20606231689453
2024-08-06,TLT,96.58999633789062,88.18827056884766
2024-08-07,TLT,95.91000366210938,87.56745910644531
2024-08-08,TLT,95.31999969482422,87.02875518798828
2024-08-09,TLT,96.26000213623047,87.8869857788086
2024-08-12,TLT,96.61000061035156,88.20655059814453
2024-08-13,TLT,97.27999877929688,88.8182601928711
2024-08-14,TLT,97.88999938964844,89.37519073486328
2024-08-15,TLT,97.0999984741211,88.65391540527344
2024-08-16,TLT,97.44000244140625,88.96435546875
2024-08-19,TLT,97.88999938964844,89.37519073486328
2024-08-20,TLT,98.66999816894531,90.08737182617188
2024-08-21,TLT,98.7300033569336,90.14215850830078
2024-08-22,TLT,97.75,89.24738311767578
2024-08-23,TLT,98.38999938964844,89.83171081542969
2024-08-26,TLT,98.13999938964844,89.60344696044922
2024-08-27,TLT,97.97000122070312,89.44824981689453
2024-08-28,TLT,97.8499984741211,89.33870697021484
2024-08-29,TLT,97.52999877929688,89.04651641845703
2024-08-30,TLT,96.48999786376953,88.09698486328125
2024-09-03,TLT,97.75,89.53782653808594
2024-09-04,TLT,99.01000213623047,90.69197082519531
2024-09-05,TLT,99.56999969482422,91.20490264892578
2024-09-06,TLT,99.55999755859375,91.19576263427734
2024-09-09,TLT,99.98999786376953,91.58965301513672
2024-09-10,TLT,100.69000244140625,92.23084259033203
2024-09-11,TLT,100.61000061035156,92.15755462646484
2024-09-12,TLT,100.13999938964844,91.72705078125
2024-09-13,TLT,100.41000366210938,91.97439575195312
2024-09-16,TLT,101.33000183105469,92.81707000732422
2024-09-17,TLT,100.83999633789062,92.36824035644531
2024-09-18,TLT,99.58999633789062,91.22325134277344
2024-09-19,TLT,99.26000213623047,90.92098236083984
2024-09-20,TLT,98.87999725341797,90.57290649414062
2024-09-23,TLT,98.66999816894531,90.38054656982422
2024-09-24,TLT,98.6500015258789,90.36224365234375
2024-09-25,TLT,97.83000183105469,89.61112213134766
2024-09-26,TLT,98.05999755859375,89.8218002319336
2024-09-27,TLT,98.56999969482422,90.28894805908203
2024-09-30,TLT,98.0999984741211,89.85843658447266
2024-10-01,TLT,98.48999786376953,90.50721740722656
2024-10-02,TLT,97.66000366210938,89.7444839477539
2024-10-03,TLT,96.73999786376953,88.89903259277344
2024-10-04,TLT,95.55000305175781,87.80550384521484
2024-10-07,TLT,94.83000183105469,87.14385986328125
2024-10-08,TLT,94.98999786376953,87.2908935546875
2024-10-09,TLT,94.44999694824219,86.7946548461914
2024-10-10,TLT,94.08000183105469,86.45464324951172
2024-10-11,TLT,93.69999694824219,86.1054458618164
2024-10-14,TLT,93.7699966430664,86.16976165771484
2024-10-15,TLT,94.91000366210938,87.21739959716797
2024-10-16,TLT,95.30999755859375,87.58495330810547
2024-10-17,TLT,93.80000305175781,86.19735717773438
2024-10-18,TLT,93.87000274658203,86.26168823242188
2024-10-21,TLT,92.2300033569336,84.75460052490234
2024-10-22,TLT,92.31999969482422,84.8373031616211
2024-10-23,TLT,92.06999969482422,84.6075668334961
2024-10-24,TLT,92.66000366210938,85.1497573852539
2024-10-25,TLT,92.13999938964844,84.67190551757812
2024-10-28,TLT,91.88999938964844,84.44214630126953
2024-10-29,TLT,92.02999877929688,84.57079315185547
2024-10-30,TLT,92.30000305175781,84.81891632080078
2024-10-31,TLT,92.44999694824219,84.9567642211914
2024-11-01,TLT,90.83999633789062,83.7590103149414
2024-11-04,TLT,92.25,85.05911254882812
2024-11-05,TLT,92.73999786376953,85.51093292236328
2024-11-06,TLT,90.19999694824219,83.16891479492188
2024-11-07,TLT,91.33000183105469,84.2108154296875
2024-11-08,TLT,92.48999786376953,85.2803955078125
2024-11-11,TLT,92.04000091552734,84.86548614501953
2024-11-12,TLT,90.66000366210938,83.59305572509766
2024-11-13,TLT,89.80000305175781,82.80009460449219
2024-11-14,TLT,90.31999969482422,83.27957153320312
2024-11-15,TLT,90.08000183105469,83.05824279785156
2024-11-18,TLT,90.23999786376953,83.20580291748047
2024-11-19,TLT,90.69999694824219,83.62992858886719
2024-11-20,TLT,90.41000366210938,83.36255645751953
2024-11-21,TLT,90.33999633789062,83.29798889160156
2024-11-22,TLT,90.38999938964844,83.34410095214844
2024-11-25,TLT,92.7300033569336,85.501708984375
2024-11-26,TLT,92.37000274658203,85.16976165771484
2024-11-27,TLT,93.01000213623047,85.75988006591797
2024-11-29,TLT,93.97000122070312,86.64505004882812
2024-12-02,TLT,93.87000274658203,86.85322570800781
2024-12-03,TLT,93.05999755859375,86.10376739501953
2024-12-04,TLT,94.05999755859375,87.02902221679688
2024-12-05,TLT,94.25,87.20480346679688
2024-12-06,TLT,94.38999938964844,87.3343505859375
2024-12-09,TLT,93.5199966430664,86.52937316894531
2024-12-10,TLT,93.08000183105469,86.12226867675781
2024-12-11,TLT,92.19999694824219,85.30802917480469
2024-12-12,TLT,91.08000183105469,84.27176666259766
2024-12-13,TLT,90.1500015258789,83.41130065917969
2024-12-16,TLT,90.41999816894531,83.66107940673828
2024-12-17,TLT,90.63999938964844,83.86465454101562
2024-12-18,TLT,89.16000366210938,82.81597900390625
2024-12-19,TLT,87.80999755859375,81.56204986572266
2024-12-20,TLT,88.30999755859375,82.02647399902344
2024-12-23,TLT,87.5,81.27410888671875
2024-12-24,TLT,87.87000274658203,81.6177978515625
2024-12-26,TLT,87.81999969482422,81.57134246826172
2024-12-27,TLT,87.0999984741211,80.90255737304688
2024-12-30,TLT,87.80000305175781,81.55278015136719
2024-12-31,TLT,87.33000183105469,81.11619567871094
2025-01-02,TLT,87.56999969482422,81.3391342163086
2025-01-03,TLT,87.29000091552734,81.07904815673828
2025-01-06,TLT,86.9000015258789,80.71680450439453
2025-01-07,TLT,85.91999816894531,79.80652618408203
2025-01-08,TLT,86.02999877929688,79.90869903564453
2025-01-10,TLT,85.45999908447266,79.3792495727539
2025-01-13,TLT,85.43000030517578,79.35140228271484
2025-01-14,TLT,85.29000091552734,79.22135925292969
2025-01-15,TLT,86.76000213623047,80.58674621582031
2025-01-16,TLT,87.04000091552734,80.84686279296875
2025-01-17,TLT,87.19000244140625,80.98616027832031
2025-01-21,TLT,87.97000122070312,81.71065521240234
2025-01-22,TLT,87.51000213623047,81.28340148925781
2025-01-23,TLT,86.83000183105469,80.65178680419922
2025-01-24,TLT,87.22000122070312,81.01403045654297
2025-01-27,TLT,88.25,81.97074890136719
2025-01-28,TLT,88.19000244140625,81.9150161743164
2025-01-29,TLT,88.01000213623047,81.74781799316406
2025-01-30,TLT,88.33999633789062,82.05433654785156
2025-01-31,TLT,87.76000213623047,81.51559448242188
2025-02-03,TLT,88.16000366210938,82.17930603027344
2025-02-04,TLT,88.43000030517578,82.43098449707031
2025-02-05,TLT,89.88999938964844,83.79194641113281
2025-02-06,TLT,89.8499984741211,83.7546615600586
2025-02-07,TLT,89.2699966430664,83.21399688720703
2025-02-10,TLT,89,82.96232604980469
2025-02-11,TLT,88.43000030517578,82.43098449707031
2025-02-12,TLT,87.2300033569336,81.31242370605469
2025-02-13,TLT,88.68000030517578,82.66402435302734
2025-02-14,TLT,89.1500015258789,83.10216522216797
2025-02-18,TLT,88.0999984741211,82.12336730957031
2025-02-19,TLT,88.20999908447266,82.2259292602539
2025-02-20,TLT,88.54000091552734,82.53353881835938
2025-02-21,TLT,89.61000061035156,83.53094482421875
2025-02-24,TLT,89.87000274658203,83.77330780029297
2025-02-25,TLT,91.41999816894531,85.21813201904297
2025-02-26,TLT,91.95999908447266,85.72151947021484
2025-02-27,TLT,91.30999755859375,85.11559295654297
2025-02-28,TLT,92.43000030517578,86.15962219238281
2025-03-03,TLT,92.56999969482422,86.56172180175781
2025-03-04,TLT,91.43000030517578,85.4957275390625
2025-03-05,TLT,90.69999694824219,84.81309509277344
2025-03-06,TLT,90.4000015258789,84.53257751464844
2025-03-07,TLT,90.11000061035156,84.26140594482422
2025-03-10,TLT,91.05000305175781,85.14038848876953
2025-03-11,TLT,90.4000015258789,84.53257751464844
2025-03-12,TLT,89.86000061035156,84.02761840820312
2025-03-13,TLT,90.6500015258789,84.76634979248047
2025-03-14,TLT,90.16999816894531,84.31749725341797
2025-03-17,TLT,90.62000274658203,84.73831176757812
2025-03-18,TLT,90.70999908447266,84.82243347167969
2025-03-19,TLT,91.18000030517578,85.26194763183594
2025-03-20,TLT,91.23999786376953,85.31805419921875
2025-03-21,TLT,90.69999694824219,84.81309509277344
2025-03-24,TLT,89.7699966430664,83.94346618652344
2025-03-25,TLT,89.76000213623047,83.93411254882812
2025-03-26,TLT,89.16999816894531,83.38240814208984
2025-03-27,TLT,88.91000366210938,83.1392822265625
2025-03-28,TLT,90.13999938964844,84.28945922851562
2025-03-31,TLT,91.02999877929688,85.12166595458984
2025-04-01,TLT,91.48999786376953,85.85930633544922
2025-04-02,TLT,91.43000030517578,85.80300903320312
2025-04-03,TLT,91.8499984741211,86.19715118408203
2025-04-04,TLT,92.8499984741211,87.13560485839844
2025-04-07,TLT,90.05000305175781,84.50794219970703
2025-04-08,TLT,88.3499984741211,82.91255187988281
2025-04-09,TLT,88.87000274658203,83.40055847167969
2025-04-10,TLT,86.41999816894531,81.10133361816406
2025-04-11,TLT,86.88999938964844,81.54239654541016
2025-04-14,TLT,87.51000213623047,82.12425994873047
2025-04-15,TLT,87.81999969482422,82.41517639160156
2025-04-16,TLT,88.30999755859375,82.8750228881836
2025-04-17,TLT,87.52999877929688,82.14302062988281
2025-04-21,TLT,86,80.70718383789062
2025-04-22,TLT,86.4800033569336,81.15764617919922
2025-04-23,TLT,87.31999969482422,81.94593811035156
2025-04-24,TLT,88.23999786376953,82.80931091308594
2025-04-25,TLT,88.88999938964844,83.41932678222656
2025-04-28,TLT,89.44999694824219,83.94485473632812
2025-04-29,TLT,90.19999694824219,84.64869689941406
2025-04-30,TLT,89.47000122070312,83.963623046875
2025-05-01,TLT,88.69000244140625,83.53788757324219
2025-05-02,TLT,87.7300033569336,82.63365936279297
2025-05-05,TLT,87.23999786376953,82.17210388183594
2025-05-06,TLT,87.52999877929688,82.44526672363281
2025-05-07,TLT,87.9000015258789,82.79377746582031
2025-05-08,TLT,86.91999816894531,81.8707046508789
2025-05-09,TLT,87.05000305175781,81.9931640625
2025-05-12,TLT,86.23999786376953,81.2302017211914
2025-05-13,TLT,85.88999938964844,80.9005355834961
2025-05-14,TLT,85.31999969482422,80.3636474609375
2025-05-15,TLT,86.06999969482422,81.07008361816406
2025-05-16,TLT,86.30000305175781,81.28672790527344
2025-05-19,TLT,86.05000305175781,81.05125427246094
2025-05-20,TLT,85.43000030517578,80.4672622680664
2025-05-21,TLT,83.97000122070312,79.09207153320312
2025-05-22,TLT,84.41000366210938,79.50653076171875
2025-05-23,TLT,84.55000305175781,79.63837432861328
2025-05-27,TLT,85.7300033569336,80.74983215332031
2025-05-28,TLT,85.36000061035156,80.40132904052734
2025-05-29,TLT,86.1500015258789,81.14543151855469
2025-05-30,TLT,86.27999877929688,81.26788330078125
2025-06-02,TLT,85.16000366210938,80.51156616210938
2025-06-03,TLT,85.01000213623047,80.3697280883789
2025-06-04,TLT,86.38999938964844,81.6744155883789
2025-06-05,TLT,86.44999694824219,81.73113250732422
2025-06-06,TLT,85.3499984741211,80.6911849975586
2025-06-09,TLT,85.44000244140625,80.77627563476562
2025-06-10,TLT,85.87999725341797,81.1922378540039
2025-06-11,TLT,86.13999938964844,81.43805694580078
2025-06-12,TLT,87.16999816894531,82.4118423461914
2025-06-13,TLT,86.33000183105469,81.61766815185547
2025-06-16,TLT,85.45999908447266,80.795166015625
2025-06-17,TLT,86.5,81.77840423583984
2025-06-18,TLT,86.6500015258789,81.92021179199219
2025-06-20,TLT,86.48999786376953,81.76893615722656
2025-06-23,TLT,86.7699966430664,82.03367614746094
2025-06-24,TLT,87.4000015258789,82.62928771972656
2025-06-25,TLT,87.51000213623047,82.7332763671875
2025-06-26,TLT,87.94999694824219,83.14925384521484
2025-06-27,TLT,87.38999938964844,82.61981201171875
2025-06-30,TLT,88.25,83.43287658691406
2025-07-01,TLT,88.13999938964844,83.6397476196289
2025-07-02,TLT,87.58000183105469,83.10834503173828
2025-07-03,TLT,86.97000122070312,82.52948760986328
2025-07-07,TLT,86.13999938964844,81.74186706542969
2025-07-08,TLT,86.02999877929688,81.6374740600586
2025-07-09,TLT,86.93000030517578,82.49153137207031
2025-07-10,TLT,86.98999786376953,82.54846954345703
2025-07-11,TLT,85.79000091552734,81.40971374511719
2025-07-14,TLT,85.61000061035156,81.23893737792969
2025-07-15,TLT,85.01000213623047,80.66954040527344
2025-07-16,TLT,85.12999725341797,80.7834243774414
2025-07-17,TLT,85.11000061035156,80.76445007324219
2025-07-18,TLT,85.23999786376953,80.88782501220703
2025-07-21,TLT,86,81.6090087890625
2025-07-22,TLT,86.5199966430664,82.10247039794922
2025-07-23,TLT,86.04000091552734,81.64698028564453
2025-07-24,TLT,85.88999938964844,81.50462341308594
2025-07-25,TLT,86.43000030517578,82.01704406738281
2025-07-28,TLT,85.87000274658203,81.48565673828125
2025-07-29,TLT,87.31999969482422,82.86161804199219
2025-07-30,TLT,86.87000274658203,82.4345932006836
2025-07-31,TLT,86.91999816894531,82.48204803466797
2025-08-01,TLT,87.81999969482422,83.65464782714844
2025-08-04,TLT,88.05999755859375,83.88325500488281
2025-08-05,TLT,88.33000183105469,84.14047241210938
2025-08-06,TLT,87.81999969482422,83.65464782714844
2025-08-07,TLT,87.66999816894531,83.51177978515625
2025-08-08,TLT,87.29000091552734,83.14978790283203
2025-08-11,TLT,87.38999938964844,83.24504089355469
2025-08-12,TLT,86.94999694824219,82.82592010498047
2025-08-13,TLT,87.66999816894531,83.51177978515625
2025-08-14,TLT,87.0199966430664,82.8926010131836
2025-08-15,TLT,86.4000015258789,82.302001953125
2025-08-18,TLT,86.1500015258789,82.06385803222656
2025-08-19,TLT,86.6500015258789,82.54014587402344
2025-08-20,TLT,86.83999633789062,82.72113037109375
2025-08-21,TLT,86.41000366210938,82.31153106689453
2025-08-22,TLT,87.05000305175781,82.92118072509766
2025-08-25,TLT,86.80000305175781,82.68303680419922
2025-08-26,TLT,86.75,82.63539123535156
2025-08-27,TLT,86.6500015258789,82.54014587402344
2025-08-28,TLT,87.22000122070312,83.0831069946289
2025-08-29,TLT,86.5999984741211,82.49250030517578
2025-09-02,TLT,85.62999725341797,81.87863159179688
2025-09-03,TLT,86.56999969482422,82.77745819091797
2025-09-04,TLT,87.2300033569336,83.40855407714844
2025-09-05,TLT,88.55999755859375,84.68028259277344
2025-09-08,TLT,89.73999786376953,85.80859375
2025-09-09,TLT,89.2300033569336,85.32093811035156
2025-09-10,TLT,89.73999786376953,85.80859375
2025-09-11,TLT,90.33999633789062,86.38229370117188
2025-09-12,TLT,89.94999694824219,86.0093765258789
2025-09-15,TLT,90.16000366210938,86.21018981933594
2025-09-16,TLT,90.3499984741211,86.39185333251953
2025-09-17,TLT,90.12000274658203,86.17193603515625
2025-09-18,TLT,89.19000244140625,85.28268432617188
2025-09-19,TLT,89.0199966430664,85.12012481689453
2025-09-22,TLT,88.69999694824219,84.81414794921875
2025-09-23,TLT,89.31999969482422,85.406982421875
2025-09-24,TLT,88.9800033569336,85.08189392089844
2025-09-25,TLT,88.9800033569336,85.08189392089844
2025-09-26,TLT,88.9000015258789,85.0053939819336
2025-09-29,TLT,89.62999725341797,85.70340728759766
2025-09-30,TLT,89.37000274658203,85.45479583740234
2025-10-01,TLT,89.29000091552734,85.67549133300781
2025-10-02,TLT,89.55000305175781,85.92495727539062
2025-10-03,TLT,89.37999725341797,85.7618408203125
2025-10-06,TLT,88.66999816894531,85.08059692382812
2025-10-07,TLT,89.18000030517578,85.56993865966797
2025-10-08,TLT,89.25,85.6371078491211
2025-10-09,TLT,89.18000030517578,85.56993865966797
2025-10-10,TLT,90.62000274658203,86.95164489746094
2025-10-13,TLT,90.56999969482422,86.9036636352539
2025-10-14,TLT,90.86000061035156,87.18193054199219
2025-10-15,TLT,90.66000366210938,86.99004364013672
2025-10-16,TLT,91.33999633789062,87.64251708984375
2025-10-17,TLT,91.19999694824219,87.50817108154297
2025-10-20,TLT,91.55000305175781,87.84400939941406
2025-10-21,TLT,92,88.27578735351562
2025-10-22,TLT,92.05999755859375,88.33335876464844
2025-10-23,TLT,91.43000030517578,87.72885131835938
2025-10-24,TLT,91.47000122070312,87.76724243164062
2025-10-27,TLT,91.77999877929688,88.06468963623047
2025-10-28,TLT,92.0199966430664,88.29496765136719
2025-10-29,TLT,91.08999633789062,87.40263366699219
2025-10-30,TLT,90.55999755859375,86.89409637451172
2025-10-31,TLT,90.29000091552734,86.63500213623047
2025-11-03,TLT,89.73999786376953,86.41832733154297
2025-11-04,TLT,89.94000244140625,86.61094665527344
2025-11-05,TLT,88.95999908447266,85.66719055175781
2025-11-06,TLT,89.76000213623047,86.4375991821289
2025-11-07,TLT,89.56999969482422,86.25463104248047
2025-11-10,TLT,89.55000305175781,86.23535919189453
2025-11-11,TLT,89.95999908447266,86.63018798828125
2025-11-12,TLT,90.12000274658203,86.7842788696289
2025-11-13,TLT,89.37999725341797,86.07166290283203
2025-11-14,TLT,88.87000274658203,85.58052825927734
2025-11-17,TLT,89.08999633789062,85.79239654541016
2025-11-18,TLT,89.05999755859375,85.76351165771484
2025-11-19,TLT,88.87999725341797,85.59017944335938
2025-11-20,TLT,89.2300033569336,85.9272232055664
2025-11-21,TLT,89.5,86.18722534179688
2025-11-24,TLT,90.01000213623047,86.67835235595703
2025-11-25,TLT,90.23999786376953,86.89982604980469
2025-11-26,TLT,90.63999938964844,87.2850341796875
2025-11-28,TLT,90.20999908447266,86.87094116210938
2025-12-01,TLT,88.7699966430664,85.78949737548828
2025-12-02,TLT,88.80999755859375,85.82816314697266
2025-12-03,TLT,89.05999755859375,86.06977844238281
2025-12-04,TLT,88.58000183105469,85.60588836669922
2025-12-05,TLT,88.16999816894531,85.20964813232422
2025-12-08,TLT,87.87999725341797,84.92938995361328
2025-12-09,TLT,87.97000122070312,85.01636505126953
2025-12-10,TLT,88.30999755859375,85.3449478149414
2025-12-11,TLT,88.19000244140625,85.22899627685547
2025-12-12,TLT,87.33999633789062,84.40751647949219
2025-12-15,TLT,87.4000015258789,84.46550750732422
2025-12-16,TLT,87.87999725341797,84.92938995361328
2025-12-17,TLT,87.80000305175781,84.8520736694336
2025-12-18,TLT,88.22000122070312,85.25798797607422
2025-12-19,TLT,87.55000305175781,84.93976593017578
2025-12-22,TLT,87.36000061035156,84.75541687011719
2025-12-23,TLT,87.5,84.89124298095703
2025-12-24,TLT,88.02999877929688,85.40544891357422
2025-12-26,TLT,87.73999786376953,85.12409210205078
2025-12-29,TLT,88.06999969482422,85.44424438476562
2025-12-30,TLT,87.86000061035156,85.24051666259766
2025-12-31,TLT,87.16000366210938,84.56138610839844
2026-01-02,TLT,87.02999877929688,84.43526458740234
2026-01-05,TLT,87.45999908447266,84.85243225097656
2026-01-06,TLT,87.27999877929688,84.67781829833984
2026-01-07,TLT,87.79000091552734,85.17259979248047
2026-01-08,TLT,87.3499984741211,84.74571228027344
2026-01-09,TLT,87.93000030517578,85.30844116210938
2026-01-12,TLT,87.66999816894531,85.0561752319336
2026-01-13,TLT,87.81999969482422,85.20169830322266
2026-01-14,TLT,88.33000183105469,85.69650268554688
2026-01-15,TLT,88.30999755859375,85.67709350585938
2026-01-16,TLT,87.80000305175781,85.18230438232422
2026-01-20,TLT,86.6500015258789,84.06658935546875
2026-01-21,TLT,87.30999755859375,84.70690155029297
2026-01-22,TLT,87.69000244140625,85.07559204101562
2026-01-23,TLT,87.93000030517578,85.30844116210938
2026-01-26,TLT,88.3499984741211,85.71589660644531
2026-01-27,TLT,87.80000305175781,85.18230438232422
2026-01-28,TLT,87.5999984741211,84.98826599121094
2026-01-29,TLT,87.62000274658203,85.0076675415039
2026-01-30,TLT,87.12999725341797,84.53228759765625
2026-02-02,TLT,86.55000305175781,84.2907485961914
2026-02-03,TLT,86.76000213623047,84.49527740478516
2026-02-04,TLT,86.54000091552734,84.28102111816406
2026-02-05,TLT,87.4800033569336,85.19648742675781
2026-02-06,TLT,87.54000091552734,85.2549057006836
2026-02-09,TLT,87.5199966430664,85.23542785644531
2026-02-10,TLT,88.52999877929688,86.21907043457031
2026-02-11,TLT,88.05999755859375,85.76133728027344
2026-02-12,TLT,89.2300033569336,86.90079498291016
2026-02-13,TLT,89.72000122070312,87.37800598144531
2026-02-17,TLT,89.87000274658203,87.52410125732422
2026-02-18,TLT,89.52999877929688,87.1929702758789
2026-02-19,TLT,89.62000274658203,87.28060913085938
2026-02-20,TLT,89.41000366210938,87.07611083984375
2026-02-23,TLT,89.73999786376953,87.39747619628906
2026-02-24,TLT,89.9000015258789,87.55330657958984
2026-02-25,TLT,89.91000366210938,87.56304168701172
2026-02-26,TLT,90.2699966430664,87.91364288330078
2026-02-27,TLT,90.81999969482422,88.44929504394531
2026-03-02,TLT,89.61000061035156,87.56107330322266
2026-03-03,TLT,89.43000030517578,87.38520050048828
2026-03-04,TLT,89.1500015258789,87.1115951538086
2026-03-05,TLT,88.79000091552734,86.75982666015625
2026-03-06,TLT,88.45999908447266,86.43737030029297
2026-03-09,TLT,89.2300033569336,87.18976593017578
2026-03-10,TLT,88.27999877929688,86.26148986816406
2026-03-11,TLT,87.13999938964844,85.1475601196289
2026-03-12,TLT,86.97000122070312,84.98143768310547
2026-03-13,TLT,86.54000091552734,84.561279296875
2026-03-16,TLT,87.20999908447266,85.2159423828125
2026-03-17,TLT,87.44999694824219,85.4504623413086
2026-03-18,TLT,86.95999908447266,84.97166442871094
2026-03-19,TLT,87.48999786376953,85.48955535888672
2026-03-20,TLT,85.83000183105469,83.86750793457031
2026-03-23,TLT,86.38999938964844,84.41470336914062
2026-03-24,TLT,86.01000213623047,84.04338836669922
2026-03-25,TLT,86.83999633789062,84.85440826416016
2026-03-26,TLT,86.11000061035156,84.14110565185547
2026-03-27,TLT,85.63999938964844,83.68184661865234
2026-03-30,TLT,86.77999877929688,84.79578399658203
2026-03-31,TLT,86.69000244140625,84.70783996582031
2026-04-01,TLT,86.26000213623047,84.62445831298828
2026-04-02,TLT,86.79000091552734,85.14440155029297
2026-04-06,TLT,86.6500015258789,85.00706481933594
2026-04-07,TLT,86.63999938964844,84.99725341796875
2026-04-08,TLT,86.91999816894531,85.27193450927734
2026-04-09,TLT,86.69999694824219,85.05610656738281
2026-04-10,TLT,86.48999786376953,84.85009765625
2026-04-13,TLT,86.75,85.10515594482422
2026-04-14,TLT,87.20999908447266,85.55643463134766
2026-04-15,TLT,86.83000183105469,85.18363952636719
2026-04-16,TLT,86.27999877929688,84.64407348632812
2026-04-17,TLT,87.06999969482422,85.41909790039062
2026-04-20,TLT,87.05000305175781,85.39947509765625
2026-04-21,TLT,86.56999969482422,84.92857360839844
2026-04-22,TLT,86.73999786376953,85.09535217285156
2026-04-23,TLT,86.55000305175781,84.9089584350586
2026-04-24,TLT,86.70999908447266,85.06591033935547
2026-04-27,TLT,86.27999877929688,84.64407348632812
2026-04-28,TLT,86.37000274658203,84.73236083984375
2026-04-29,TLT,85.69999694824219,84.07506561279297
2026-04-30,TLT,85.62000274658203,83.99658203125
2026-05-01,TLT,85.61000061035156,84.29692077636719
2026-05-04,TLT,84.95999908447266,83.65687561035156
2026-05-05,TLT,85.43000030517578,84.11967468261719
2026-05-06,TLT,86.08000183105469,84.75969696044922
2026-05-07,TLT,85.6500015258789,84.3363037109375
2026-05-08,TLT,86.08000183105469,84.75969696044922
2026-05-11,TLT,85.55999755859375,84.24767303466797
2026-05-12,TLT,84.98999786376953,83.68640899658203
2026-05-13,TLT,84.80000305175781,83.49933624267578
2026-05-14,TLT,84.91999816894531,83.61749267578125
2026-05-15,TLT,83.66000366210938,82.37682342529297
2026-05-18,TLT,83.55999755859375,82.2783432006836
2026-05-19,TLT,83.0199966430664,81.74662780761719
2026-05-20,TLT,83.91000366210938,82.62298583984375
2026-05-21,TLT,84.22000122070312,82.92823028564453
2026-05-22,TLT,84.68000030517578,83.38117980957031
2026-05-26,TLT,85.0999984741211,83.79473114013672
2026-05-27,TLT,85.30000305175781,83.99166870117188
2026-05-28,TLT,85.73999786376953,84.4249038696289
2026-05-29,TLT,85.76000213623047,84.44461059570312
2026-06-01,TLT,85.47000122070312,84.4900894165039
2026-06-02,TLT,85.6500015258789,84.66801452636719
2026-06-03,TLT,85.30999755859375,84.33191680908203
2026-06-04,TLT,85.5,84.51973724365234
2026-06-05,TLT,85.05999755859375,84.08477783203125
2026-06-08,TLT,84.62000274658203,83.64983367919922
2026-06-09,TLT,85.12000274658203,84.14409637451172
2026-06-10,TLT,84.87999725341797,83.90684509277344
2026-06-11,TLT,85.9800033569336,84.9942398071289
2026-06-12,TLT,85.7699966430664,84.7866439819336
2026-06-15,TLT,85.72000122070312,84.73721313476562
2026-06-16,TLT,86.19000244140625,85.20182800292969
2026-06-17,TLT,86.33000183105469,85.3402328491211
2026-06-18,TLT,86.75,85.75540924072266
2026-06-22,TLT,86.08999633789062,85.10297393798828
2026-06-23,TLT,86.19999694824219,85.21170806884766
2026-06-24,TLT,87.37999725341797,86.378173828125
2026-06-25,TLT,87.3499984741211,86.34852600097656
2026-06-26,TLT,87.36000061035156,86.35841369628906
2026-06-29,TLT,87.44999694824219,86.4473876953125
2026-06-30,TLT,86.41999816894531,85.42918395996094
2026-07-01,TLT,85.5199966430664,84.85173797607422
2026-07-02,TLT,85.51000213623047,84.8418197631836
2026-07-06,TLT,85.44999694824219,84.78227996826172
2026-07-07,TLT,84.55000305175781,83.88932037353516
2026-07-08,TLT,84.36000061035156,83.7008056640625
2026-07-09,TLT,84.48999786376953,83.82978057861328
2026-07-10,TLT,84.47000122070312,83.80994415283203
2026-07-13,TLT,83.97000122070312,83.31385040283203
2026-07-14,TLT,84.08000183105469,83.4229965209961
2026-07-15,TLT,84.23999786376953,83.58174133300781
2026-07-16,TLT,84.20999908447266,83.55197143554688
2026-07-17,TLT,84.5199966430664,83.85954284667969
2026-07-20,TLT,83.88999938964844,83.2344741821289
2026-07-21,TLT,83.66000366210938,83.00627899169922
2026-07-22,TLT,83.44000244140625,82.7879867553711
2026-07-23,TLT,83.16999816894531,82.52009582519531
2026-07-24,TLT,83.25,82.59947204589844
2026-07-27,TLT,83.75,83.09556579589844
2026-07-28,TLT,84.23999786376953,83.58174133300781
2026-07-29,TLT,82.8499984741211,82.20259857177734
2026-07-30,TLT,82.80000305175781,82.15299224853516
2026-07-31,TLT,82.25,81.60728454589844
2026-08-03,TLT,82.19000244140625,81.87625885009766
2026-08-04,TLT,82.81999969482422,82.50385284423828
2026-08-05,TLT,83,82.68316650390625
2026-08-06,TLT,82.5199966430664,82.20499420166016
2026-08-07,TLT,82.76000213623047,82.44408416748047
2026-08-10,TLT,82.05999755859375,81.74674987792969
2026-08-11,TLT,82.19000244140625,81.87625885009766
2026-08-12,TLT,82.11000061035156,81.79656219482422
2026-08-13,TLT,82.58999633789062,82.27472686767578
2026-08-14,TLT,82.04000091552734,81.7268295288086
2026-08-17,TLT,81.3499984741211,81.03946685791016
2026-08-18,TLT,81.66000366210938,81.3482894897461
2026-08-19,TLT,83.0199966430664,82.70308685302734
2026-08-20,TLT,82.33999633789062,82.02568054199219
2026-08-21,TLT,82.05000305175781,81.7367935180664
2026-08-24,TLT,82.55999755859375,82.24484252929688
2026-08-25,TLT,83.47000122070312,83.15137481689453
2026-08-26,TLT,83.30000305175781,82.98202514648438
2026-08-27,TLT,83.12999725341797,82.81266784667969
2026-08-28,TLT,82.87999725341797,82.5636215209961
2026-08-31,TLT,82.5199966430664,82.20499420166016
2016-09-01,GLD,125.29000091552734,125.29000091552734
2016-09-02,GLD,126.56999969482422,126.56999969482422
2016-09-06,GLD,128.7100067138672,128.7100067138672
2016-09-07,GLD,128.27000427246094,128.27000427246094
2016-09-08,GLD,127.58999633789062,127.58999633789062
2016-09-09,GLD,126.75,126.75
2016-09-12,GLD,126.58999633789062,126.58999633789062
2016-09-13,GLD,125.75,125.75
2016-09-14,GLD,126.18000030517578,126.18000030517578
2016-09-15,GLD,125.37000274658203,125.37000274658203
2016-09-16,GLD,125.05999755859375,125.05999755859375
2016-09-19,GLD,125.31999969482422,125.31999969482422
2016-09-20,GLD,125.44000244140625,125.44000244140625
2016-09-21,GLD,127.2699966430664,127.2699966430664
2016-09-22,GLD,127.56999969482422,127.56999969482422
2016-09-23,GLD,127.6500015258789,127.6500015258789
2016-09-26,GLD,127.55000305175781,127.55000305175781
2016-09-27,GLD,126.62000274658203,126.62000274658203
2016-09-28,GLD,126.22000122070312,126.22000122070312
2016-09-29,GLD,126.06999969482422,126.06999969482422
2016-09-30,GLD,125.63999938964844,125.63999938964844
2016-10-03,GLD,125.31999969482422,125.31999969482422
2016-10-04,GLD,120.97000122070312,120.97000122070312
2016-10-05,GLD,120.77999877929688,120.77999877929688
2016-10-06,GLD,119.66000366210938,119.66000366210938
2016-10-07,GLD,119.73999786376953,119.73999786376953
2016-10-10,GLD,120.16000366210938,120.16000366210938
2016-10-11,GLD,119.55000305175781,119.55000305175781
2016-10-12,GLD,119.73999786376953,119.73999786376953
2016-10-13,GLD,120.02999877929688,120.02999877929688
2016-10-14,GLD,119.36000061035156,119.36000061035156
2016-10-17,GLD,119.68000030517578,119.68000030517578
2016-10-18,GLD,120.41999816894531,120.41999816894531
2016-10-19,GLD,121.11000061035156,121.11000061035156
2016-10-20,GLD,120.73999786376953,120.73999786376953
2016-10-21,GLD,120.83000183105469,120.83000183105469
2016-10-24,GLD,120.55999755859375,120.55999755859375
2016-10-25,GLD,121.47000122070312,121.47000122070312
2016-10-26,GLD,120.79000091552734,120.79000091552734
2016-10-27,GLD,121.01000213623047,121.01000213623047
2016-10-28,GLD,121.58000183105469,121.58000183105469
2016-10-31,GLD,121.94000244140625,121.94000244140625
2016-11-01,GLD,122.7300033569336,122.7300033569336
2016-11-02,GLD,123.63999938964844,123.63999938964844
2016-11-03,GLD,124.30000305175781,124.30000305175781
2016-11-04,GLD,124.38999938964844,124.38999938964844
2016-11-07,GLD,122.1500015258789,122.1500015258789
2016-11-08,GLD,121.63999938964844,121.63999938964844
2016-11-09,GLD,121.55999755859375,121.55999755859375
2016-11-10,GLD,119.75,119.75
2016-11-11,GLD,117.0999984741211,117.0999984741211
2016-11-14,GLD,116.11000061035156,116.11000061035156
2016-11-15,GLD,117.12000274658203,117.12000274658203
2016-11-16,GLD,116.7699966430664,116.7699966430664
2016-11-17,GLD,116.16999816894531,116.16999816894531
2016-11-18,GLD,115.1500015258789,115.1500015258789
2016-11-21,GLD,115.58000183105469,115.58000183105469
2016-11-22,GLD,115.54000091552734,115.54000091552734
2016-11-23,GLD,113.25,113.25
2016-11-25,GLD,112.61000061035156,112.61000061035156
2016-11-28,GLD,113.80000305175781,113.80000305175781
2016-11-29,GLD,113.2699966430664,113.2699966430664
2016-11-30,GLD,111.75,111.75
2016-12-01,GLD,111.54000091552734,111.54000091552734
2016-12-02,GLD,112.13999938964844,112.13999938964844
2016-12-05,GLD,111.54000091552734,111.54000091552734
2016-12-06,GLD,111.43000030517578,111.43000030517578
2016-12-07,GLD,111.83000183105469,111.83000183105469
2016-12-08,GLD,111.56999969482422,111.56999969482422
2016-12-09,GLD,110.4000015258789,110.4000015258789
2016-12-12,GLD,110.81999969482422,110.81999969482422
2016-12-13,GLD,110.44999694824219,110.44999694824219
2016-12-14,GLD,108.83000183105469,108.83000183105469
2016-12-15,GLD,107.33999633789062,107.33999633789062
2016-12-16,GLD,108.05000305175781,108.05000305175781
2016-12-19,GLD,108.58999633789062,108.58999633789062
2016-12-20,GLD,107.79000091552734,107.79000091552734
2016-12-21,GLD,107.8499984741211,107.8499984741211
2016-12-22,GLD,107.58999633789062,107.58999633789062
2016-12-23,GLD,107.93000030517578,107.93000030517578
2016-12-27,GLD,108.55999755859375,108.55999755859375
2016-12-28,GLD,108.86000061035156,108.86000061035156
2016-12-29,GLD,110.29000091552734,110.29000091552734
2016-12-30,GLD,109.61000061035156,109.61000061035156
2017-01-03,GLD,110.47000122070312,110.47000122070312
2017-01-04,GLD,110.86000061035156,110.86000061035156
2017-01-05,GLD,112.58000183105469,112.58000183105469
2017-01-06,GLD,111.75,111.75
2017-01-09,GLD,112.66999816894531,112.66999816894531
2017-01-10,GLD,113.1500015258789,113.1500015258789
2017-01-11,GLD,113.5,113.5
2017-01-12,GLD,113.91000366210938,113.91000366210938
2017-01-13,GLD,114.20999908447266,114.20999908447266
2017-01-17,GLD,115.8499984741211,115.8499984741211
2017-01-18,GLD,114.87000274658203,114.87000274658203
2017-01-19,GLD,114.7699966430664,114.7699966430664
2017-01-20,GLD,115.05000305175781,115.05000305175781
2017-01-23,GLD,115.79000091552734,115.79000091552734
2017-01-24,GLD,115.2699966430664,115.2699966430664
2017-01-25,GLD,114.31999969482422,114.31999969482422
2017-01-26,GLD,113.26000213623047,113.26000213623047
2017-01-27,GLD,113.48999786376953,113.48999786376953
2017-01-30,GLD,113.97000122070312,113.97000122070312
2017-01-31,GLD,115.55000305175781,115.55000305175781
2017-02-01,GLD,115.19999694824219,115.19999694824219
2017-02-02,GLD,115.83999633789062,115.83999633789062
2017-02-03,GLD,116.12999725341797,116.12999725341797
2017-02-06,GLD,117.69999694824219,117.69999694824219
2017-02-07,GLD,117.45999908447266,117.45999908447266
2017-02-08,GLD,118.19000244140625,118.19000244140625
2017-02-09,GLD,117.29000091552734,117.29000091552734
2017-02-10,GLD,117.5999984741211,117.5999984741211
2017-02-13,GLD,116.80000305175781,116.80000305175781
2017-02-14,GLD,116.93000030517578,116.93000030517578
2017-02-15,GLD,117.44999694824219,117.44999694824219
2017-02-16,GLD,118.08000183105469,118.08000183105469
2017-02-17,GLD,117.68000030517578,117.68000030517578
2017-02-21,GLD,117.75,117.75
2017-02-22,GLD,117.91000366210938,117.91000366210938
2017-02-23,GLD,118.94000244140625,118.94000244140625
2017-02-24,GLD,119.69999694824219,119.69999694824219
2017-02-27,GLD,119.12000274658203,119.12000274658203
2017-02-28,GLD,119.2300033569336,119.2300033569336
2017-03-01,GLD,119.05999755859375,119.05999755859375
2017-03-02,GLD,117.58000183105469,117.58000183105469
2017-03-03,GLD,117.51000213623047,117.51000213623047
2017-03-06,GLD,116.72000122070312,116.72000122070312
2017-03-07,GLD,115.77999877929688,115.77999877929688
2017-03-08,GLD,115.05999755859375,115.05999755859375
2017-03-09,GLD,114.47000122070312,114.47000122070312
2017-03-10,GLD,114.72000122070312,114.72000122070312
2017-03-13,GLD,114.73999786376953,114.73999786376953
2017-03-14,GLD,114.12000274658203,114.12000274658203
2017-03-15,GLD,116.25,116.25
2017-03-16,GLD,116.7300033569336,116.7300033569336
2017-03-17,GLD,116.98999786376953,116.98999786376953
2017-03-20,GLD,117.51000213623047,117.51000213623047
2017-03-21,GLD,118.54000091552734,118.54000091552734
2017-03-22,GLD,118.83000183105469,118.83000183105469
2017-03-23,GLD,118.66999816894531,118.66999816894531
2017-03-24,GLD,118.86000061035156,118.86000061035156
2017-03-27,GLD,119.52999877929688,119.52999877929688
2017-03-28,GLD,119.04000091552734,119.04000091552734
2017-03-29,GLD,119.33000183105469,119.33000183105469
2017-03-30,GLD,118.47000122070312,118.47000122070312
2017-03-31,GLD,118.72000122070312,118.72000122070312
2017-04-03,GLD,119.3499984741211,119.3499984741211
2017-04-04,GLD,119.62000274658203,119.62000274658203
2017-04-05,GLD,119.62000274658203,119.62000274658203
2017-04-06,GLD,119.18000030517578,119.18000030517578
2017-04-07,GLD,119.45999908447266,119.45999908447266
2017-04-10,GLD,119.45999908447266,119.45999908447266
2017-04-11,GLD,121.19000244140625,121.19000244140625
2017-04-12,GLD,122.0199966430664,122.0199966430664
2017-04-13,GLD,122.5999984741211,122.5999984741211
2017-04-17,GLD,122.23999786376953,122.23999786376953
2017-04-18,GLD,122.81999969482422,122.81999969482422
2017-04-19,GLD,121.7300033569336,121.7300033569336
2017-04-20,GLD,121.95999908447266,121.95999908447266
2017-04-21,GLD,122.30999755859375,122.30999755859375
2017-04-24,GLD,121.4800033569336,121.4800033569336
2017-04-25,GLD,120.25,120.25
2017-04-26,GLD,120.83999633789062,120.83999633789062
2017-04-27,GLD,120.38999938964844,120.38999938964844
2017-04-28,GLD,120.7699966430664,120.7699966430664
2017-05-01,GLD,119.66999816894531,119.66999816894531
2017-05-02,GLD,119.6500015258789,119.6500015258789
2017-05-03,GLD,117.9800033569336,117.9800033569336
2017-05-04,GLD,116.79000091552734,116.79000091552734
2017-05-05,GLD,117.01000213623047,117.01000213623047
2017-05-08,GLD,116.75,116.75
2017-05-09,GLD,116.05000305175781,116.05000305175781
2017-05-10,GLD,116.04000091552734,116.04000091552734
2017-05-11,GLD,116.5,116.5
2017-05-12,GLD,116.83000183105469,116.83000183105469
2017-05-15,GLD,117.13999938964844,117.13999938964844
2017-05-16,GLD,117.6500015258789,117.6500015258789
2017-05-17,GLD,119.79000091552734,119.79000091552734
2017-05-18,GLD,118.80999755859375,118.80999755859375
2017-05-19,GLD,119.4000015258789,119.4000015258789
2017-05-22,GLD,119.9000015258789,119.9000015258789
2017-05-23,GLD,119.13999938964844,119.13999938964844
2017-05-24,GLD,119.61000061035156,119.61000061035156
2017-05-25,GLD,119.4800033569336,119.4800033569336
2017-05-26,GLD,120.54000091552734,120.54000091552734
2017-05-30,GLD,120.13999938964844,120.13999938964844
2017-05-31,GLD,120.62000274658203,120.62000274658203
2017-06-01,GLD,120.72000122070312,120.72000122070312
2017-06-02,GLD,121.61000061035156,121.61000061035156
2017-06-05,GLD,121.7300033569336,121.7300033569336
2017-06-06,GLD,123.0999984741211,123.0999984741211
2017-06-07,GLD,122.44999694824219,122.44999694824219
2017-06-08,GLD,121.6500015258789,121.6500015258789
2017-06-09,GLD,120.54000091552734,120.54000091552734
2017-06-12,GLD,120.36000061035156,120.36000061035156
2017-06-13,GLD,120.4800033569336,120.4800033569336
2017-06-14,GLD,119.81999969482422,119.81999969482422
2017-06-15,GLD,119.31999969482422,119.31999969482422
2017-06-16,GLD,119.33999633789062,119.33999633789062
2017-06-19,GLD,118.43000030517578,118.43000030517578
2017-06-20,GLD,118.18000030517578,118.18000030517578
2017-06-21,GLD,118.5199966430664,118.5199966430664
2017-06-22,GLD,118.91999816894531,118.91999816894531
2017-06-23,GLD,119.43000030517578,119.43000030517578
2017-06-26,GLD,118.36000061035156,118.36000061035156
2017-06-27,GLD,118.80999755859375,118.80999755859375
2017-06-28,GLD,118.9000015258789,118.9000015258789
2017-06-29,GLD,118.31999969482422,118.31999969482422
2017-06-30,GLD,118.0199966430664,118.0199966430664
2017-07-03,GLD,116.08999633789062,116.08999633789062
2017-07-05,GLD,116.5199966430664,116.5199966430664
2017-07-06,GLD,116.47000122070312,116.47000122070312
2017-07-07,GLD,115.27999877929688,115.27999877929688
2017-07-10,GLD,115.47000122070312,115.47000122070312
2017-07-11,GLD,115.62000274658203,115.62000274658203
2017-07-12,GLD,116.02999877929688,116.02999877929688
2017-07-13,GLD,115.81999969482422,115.81999969482422
2017-07-14,GLD,116.7699966430664,116.7699966430664
2017-07-17,GLD,117.29000091552734,117.29000091552734
2017-07-18,GLD,118.11000061035156,118.11000061035156
2017-07-19,GLD,118.08000183105469,118.08000183105469
2017-07-20,GLD,118.23999786376953,118.23999786376953
2017-07-21,GLD,119.26000213623047,119.26000213623047
2017-07-24,GLD,119.30999755859375,119.30999755859375
2017-07-25,GLD,118.91999816894531,118.91999816894531
2017-07-26,GLD,119.87999725341797,119.87999725341797
2017-07-27,GLD,119.79000091552734,119.79000091552734
2017-07-28,GLD,120.69000244140625,120.69000244140625
2017-07-31,GLD,120.75,120.75
2017-08-01,GLD,120.6500015258789,120.6500015258789
2017-08-02,GLD,120.4000015258789,120.4000015258789
2017-08-03,GLD,120.58999633789062,120.58999633789062
2017-08-04,GLD,119.6500015258789,119.6500015258789
2017-08-07,GLD,119.51000213623047,119.51000213623047
2017-08-08,GLD,119.86000061035156,119.86000061035156
2017-08-09,GLD,121.30999755859375,121.30999755859375
2017-08-10,GLD,122.20999908447266,122.20999908447266
2017-08-11,GLD,122.79000091552734,122.79000091552734
2017-08-14,GLD,121.91999816894531,121.91999816894531
2017-08-15,GLD,120.9800033569336,120.9800033569336
2017-08-16,GLD,121.87000274658203,121.87000274658203
2017-08-17,GLD,122.48999786376953,122.48999786376953
2017-08-18,GLD,122.30000305175781,122.30000305175781
2017-08-21,GLD,122.76000213623047,122.76000213623047
2017-08-22,GLD,122.20999908447266,122.20999908447266
2017-08-23,GLD,122.66999816894531,122.66999816894531
2017-08-24,GLD,122.29000091552734,122.29000091552734
2017-08-25,GLD,122.73999786376953,122.73999786376953
2017-08-28,GLD,124.69000244140625,124.69000244140625
2017-08-29,GLD,124.41999816894531,124.41999816894531
2017-08-30,GLD,124.36000061035156,124.36000061035156
2017-08-31,GLD,125.81999969482422,125.81999969482422
2017-09-01,GLD,126.05999755859375,126.05999755859375
2017-09-05,GLD,127.45999908447266,127.45999908447266
2017-09-06,GLD,126.80999755859375,126.80999755859375
2017-09-07,GLD,128.1300048828125,128.1300048828125
2017-09-08,GLD,127.97000122070312,127.97000122070312
2017-09-11,GLD,126.19000244140625,126.19000244140625
2017-09-12,GLD,126.55999755859375,126.55999755859375
2017-09-13,GLD,125.61000061035156,125.61000061035156
2017-09-14,GLD,126.16000366210938,126.16000366210938
2017-09-15,GLD,125.52999877929688,125.52999877929688
2017-09-18,GLD,124.36000061035156,124.36000061035156
2017-09-19,GLD,124.62000274658203,124.62000274658203
2017-09-20,GLD,123.62000274658203,123.62000274658203
2017-09-21,GLD,122.68000030517578,122.68000030517578
2017-09-22,GLD,123.23999786376953,123.23999786376953
2017-09-25,GLD,124.52999877929688,124.52999877929688
2017-09-26,GLD,123.13999938964844,123.13999938964844
2017-09-27,GLD,121.9800033569336,121.9800033569336
2017-09-28,GLD,122.20999908447266,122.20999908447266
2017-09-29,GLD,121.58000183105469,121.58000183105469
2017-10-02,GLD,120.7699966430664,120.7699966430664
2017-10-03,GLD,120.83000183105469,120.83000183105469
2017-10-04,GLD,121.16999816894531,121.16999816894531
2017-10-05,GLD,120.5199966430664,120.5199966430664
2017-10-06,GLD,121.08999633789062,121.08999633789062
2017-10-09,GLD,122.08000183105469,122.08000183105469
2017-10-10,GLD,122.4000015258789,122.4000015258789
2017-10-11,GLD,122.79000091552734,122.79000091552734
2017-10-12,GLD,122.88999938964844,122.88999938964844
2017-10-13,GLD,123.81999969482422,123.81999969482422
2017-10-16,GLD,122.97000122070312,122.97000122070312
2017-10-17,GLD,122.12999725341797,122.12999725341797
2017-10-18,GLD,121.66999816894531,121.66999816894531
2017-10-19,GLD,122.38999938964844,122.38999938964844
2017-10-20,GLD,121.61000061035156,121.61000061035156
2017-10-23,GLD,121.80000305175781,121.80000305175781
2017-10-24,GLD,121.33000183105469,121.33000183105469
2017-10-25,GLD,121.3499984741211,121.3499984741211
2017-10-26,GLD,120.33000183105469,120.33000183105469
2017-10-27,GLD,120.9000015258789,120.9000015258789
2017-10-30,GLD,121.12999725341797,121.12999725341797
2017-10-31,GLD,120.66999816894531,120.66999816894531
2017-11-01,GLD,121.11000061035156,121.11000061035156
2017-11-02,GLD,121.19000244140625,121.19000244140625
2017-11-03,GLD,120.62000274658203,120.62000274658203
2017-11-06,GLD,121.6500015258789,121.6500015258789
2017-11-07,GLD,121.20999908447266,121.20999908447266
2017-11-08,GLD,121.62999725341797,121.62999725341797
2017-11-09,GLD,122.12999725341797,122.12999725341797
2017-11-10,GLD,121.12999725341797,121.12999725341797
2017-11-13,GLD,121.30999755859375,121.30999755859375
2017-11-14,GLD,121.55999755859375,121.55999755859375
2017-11-15,GLD,121.41000366210938,121.41000366210938
2017-11-16,GLD,121.4000015258789,121.4000015258789
2017-11-17,GLD,122.86000061035156,122.86000061035156
2017-11-20,GLD,121.30999755859375,121.30999755859375
2017-11-21,GLD,121.51000213623047,121.51000213623047
2017-11-22,GLD,122.62999725341797,122.62999725341797
2017-11-24,GLD,122.31999969482422,122.31999969482422
2017-11-27,GLD,122.83000183105469,122.83000183105469
2017-11-28,GLD,122.80999755859375,122.80999755859375
2017-11-29,GLD,122.04000091552734,122.04000091552734
2017-11-30,GLD,121.0999984741211,121.0999984741211
2017-12-01,GLD,121.58999633789062,121.58999633789062
2017-12-04,GLD,121.18000030517578,121.18000030517578
2017-12-05,GLD,120.31999969482422,120.31999969482422
2017-12-06,GLD,120.06999969482422,120.06999969482422
2017-12-07,GLD,118.48999786376953,118.48999786376953
2017-12-08,GLD,118.4800033569336,118.4800033569336
2017-12-11,GLD,118.01000213623047,118.01000213623047
2017-12-12,GLD,118.1500015258789,118.1500015258789
2017-12-13,GLD,119.16999816894531,119.16999816894531
2017-12-14,GLD,118.93000030517578,118.93000030517578
2017-12-15,GLD,119.18000030517578,119.18000030517578
2017-12-18,GLD,119.7300033569336,119.7300033569336
2017-12-19,GLD,119.81999969482422,119.81999969482422
2017-12-20,GLD,120.13999938964844,120.13999938964844
2017-12-21,GLD,120.30999755859375,120.30999755859375
2017-12-22,GLD,120.94000244140625,120.94000244140625
2017-12-26,GLD,121.7699966430664,121.7699966430664
2017-12-27,GLD,122.2300033569336,122.2300033569336
2017-12-28,GLD,122.8499984741211,122.8499984741211
2017-12-29,GLD,123.6500015258789,123.6500015258789
2018-01-02,GLD,125.1500015258789,125.1500015258789
2018-01-03,GLD,124.81999969482422,124.81999969482422
2018-01-04,GLD,125.45999908447266,125.45999908447266
2018-01-05,GLD,125.33000183105469,125.33000183105469
2018-01-08,GLD,125.30999755859375,125.30999755859375
2018-01-09,GLD,124.7300033569336,124.7300033569336
2018-01-10,GLD,125.02999877929688,125.02999877929688
2018-01-11,GLD,125.44000244140625,125.44000244140625
2018-01-12,GLD,126.95999908447266,126.95999908447266
2018-01-16,GLD,127.16999816894531,127.16999816894531
2018-01-17,GLD,126.13999938964844,126.13999938964844
2018-01-18,GLD,125.86000061035156,125.86000061035156
2018-01-19,GLD,126.41999816894531,126.41999816894531
2018-01-22,GLD,126.6500015258789,126.6500015258789
2018-01-23,GLD,127.27999877929688,127.27999877929688
2018-01-24,GLD,128.8300018310547,128.8300018310547
2018-01-25,GLD,127.97000122070312,127.97000122070312
2018-01-26,GLD,128.07000732421875,128.07000732421875
2018-01-29,GLD,127.3499984741211,127.3499984741211
2018-01-30,GLD,126.80000305175781,126.80000305175781
2018-01-31,GLD,127.6500015258789,127.6500015258789
2018-02-01,GLD,128.07000732421875,128.07000732421875
2018-02-02,GLD,126.38999938964844,126.38999938964844
2018-02-05,GLD,126.70999908447266,126.70999908447266
2018-02-06,GLD,125.37999725341797,125.37999725341797
2018-02-07,GLD,124.79000091552734,124.79000091552734
2018-02-08,GLD,124.9800033569336,124.9800033569336
2018-02-09,GLD,124.7699966430664,124.7699966430664
2018-02-12,GLD,125.37000274658203,125.37000274658203
2018-02-13,GLD,126.08000183105469,126.08000183105469
2018-02-14,GLD,128.22999572753906,128.22999572753906
2018-02-15,GLD,128.3800048828125,128.3800048828125
2018-02-16,GLD,127.95999908447266,127.95999908447266
2018-02-20,GLD,126.23999786376953,126.23999786376953
2018-02-21,GLD,125.66000366210938,125.66000366210938
2018-02-22,GLD,126.30000305175781,126.30000305175781
2018-02-23,GLD,126.13999938964844,126.13999938964844
2018-02-26,GLD,126.44999694824219,126.44999694824219
2018-02-27,GLD,125.12999725341797,125.12999725341797
2018-02-28,GLD,125,125
2018-03-01,GLD,124.72000122070312,124.72000122070312
2018-03-02,GLD,125.38999938964844,125.38999938964844
2018-03-05,GLD,125.18000030517578,125.18000030517578
2018-03-06,GLD,126.52999877929688,126.52999877929688
2018-03-07,GLD,125.72000122070312,125.72000122070312
2018-03-08,GLD,125.41999816894531,125.41999816894531
2018-03-09,GLD,125.54000091552734,125.54000091552734
2018-03-12,GLD,125.54000091552734,125.54000091552734
2018-03-13,GLD,125.77999877929688,125.77999877929688
2018-03-14,GLD,125.69999694824219,125.69999694824219
2018-03-15,GLD,124.9000015258789,124.9000015258789
2018-03-16,GLD,124.5999984741211,124.5999984741211
2018-03-19,GLD,124.87000274658203,124.87000274658203
2018-03-20,GLD,124.30999755859375,124.30999755859375
2018-03-21,GLD,126.4800033569336,126.4800033569336
2018-03-22,GLD,125.9800033569336,125.9800033569336
2018-03-23,GLD,127.61000061035156,127.61000061035156
2018-03-26,GLD,128.27999877929688,128.27999877929688
2018-03-27,GLD,127.48999786376953,127.48999786376953
2018-03-28,GLD,125.7300033569336,125.7300033569336
2018-03-29,GLD,125.79000091552734,125.79000091552734
2018-04-02,GLD,127.26000213623047,127.26000213623047
2018-04-03,GLD,126.30000305175781,126.30000305175781
2018-04-04,GLD,126.44999694824219,126.44999694824219
2018-04-05,GLD,125.80000305175781,125.80000305175781
2018-04-06,GLD,126.38999938964844,126.38999938964844
2018-04-09,GLD,126.81999969482422,126.81999969482422
2018-04-10,GLD,127.12000274658203,127.12000274658203
2018-04-11,GLD,128.11000061035156,128.11000061035156
2018-04-12,GLD,126.62000274658203,126.62000274658203
2018-04-13,GLD,127.44999694824219,127.44999694824219
2018-04-16,GLD,127.62999725341797,127.62999725341797
2018-04-17,GLD,127.75,127.75
2018-04-18,GLD,127.8499984741211,127.8499984741211
2018-04-19,GLD,127.5999984741211,127.5999984741211
2018-04-20,GLD,126.62999725341797,126.62999725341797
2018-04-23,GLD,125.62000274658203,125.62000274658203
2018-04-24,GLD,126.2300033569336,126.2300033569336
2018-04-25,GLD,125.41000366210938,125.41000366210938
2018-04-26,GLD,124.97000122070312,124.97000122070312
2018-04-27,GLD,125.5,125.5
2018-04-30,GLD,124.58999633789062,124.58999633789062
2018-05-01,GLD,123.70999908447266,123.70999908447266
2018-05-02,GLD,123.6500015258789,123.6500015258789
2018-05-03,GLD,124.27999877929688,124.27999877929688
2018-05-04,GLD,124.54000091552734,124.54000091552734
2018-05-07,GLD,124.56999969482422,124.56999969482422
2018-05-08,GLD,124.58999633789062,124.58999633789062
2018-05-09,GLD,124.33000183105469,124.33000183105469
2018-05-10,GLD,125.18000030517578,125.18000030517578
2018-05-11,GLD,125,125
2018-05-14,GLD,124.48999786376953,124.48999786376953
2018-05-15,GLD,122.4800033569336,122.4800033569336
2018-05-16,GLD,122.29000091552734,122.29000091552734
2018-05-17,GLD,122.36000061035156,122.36000061035156
2018-05-18,GLD,122.41000366210938,122.41000366210938
2018-05-21,GLD,122.4800033569336,122.4800033569336
2018-05-22,GLD,122.41000366210938,122.41000366210938
2018-05-23,GLD,122.54000091552734,122.54000091552734
2018-05-24,GLD,123.58999633789062,123.58999633789062
2018-05-25,GLD,123.20999908447266,123.20999908447266
2018-05-29,GLD,123.19000244140625,123.19000244140625
2018-05-30,GLD,123.37000274658203,123.37000274658203
2018-05-31,GLD,123.0999984741211,123.0999984741211
2018-06-01,GLD,122.48999786376953,122.48999786376953
2018-06-04,GLD,122.37000274658203,122.37000274658203
2018-06-05,GLD,122.8499984741211,122.8499984741211
2018-06-06,GLD,122.91999816894531,122.91999816894531
2018-06-07,GLD,122.86000061035156,122.86000061035156
2018-06-08,GLD,123.01000213623047,123.01000213623047
2018-06-11,GLD,123.2300033569336,123.2300033569336
2018-06-12,GLD,122.81999969482422,122.81999969482422
2018-06-13,GLD,123.19000244140625,123.19000244140625
2018-06-14,GLD,123.37999725341797,123.37999725341797
2018-06-15,GLD,121.33999633789062,121.33999633789062
2018-06-18,GLD,121.11000061035156,121.11000061035156
2018-06-19,GLD,120.80000305175781,120.80000305175781
2018-06-20,GLD,120.26000213623047,120.26000213623047
2018-06-21,GLD,120.05000305175781,120.05000305175781
2018-06-22,GLD,120.33999633789062,120.33999633789062
2018-06-25,GLD,119.88999938964844,119.88999938964844
2018-06-26,GLD,119.26000213623047,119.26000213623047
2018-06-27,GLD,118.58000183105469,118.58000183105469
2018-06-28,GLD,118.22000122070312,118.22000122070312
2018-06-29,GLD,118.6500015258789,118.6500015258789
2018-07-02,GLD,117.45999908447266,117.45999908447266
2018-07-03,GLD,118.6500015258789,118.6500015258789
2018-07-05,GLD,119.05000305175781,119.05000305175781
2018-07-06,GLD,118.86000061035156,118.86000061035156
2018-07-09,GLD,119.1500015258789,119.1500015258789
2018-07-10,GLD,118.93000030517578,118.93000030517578
2018-07-11,GLD,117.63999938964844,117.63999938964844
2018-07-12,GLD,118.12999725341797,118.12999725341797
2018-07-13,GLD,117.61000061035156,117.61000061035156
2018-07-16,GLD,117.55000305175781,117.55000305175781
2018-07-17,GLD,116.27999877929688,116.27999877929688
2018-07-18,GLD,116.30999755859375,116.30999755859375
2018-07-19,GLD,115.80999755859375,115.80999755859375
2018-07-20,GLD,116.55999755859375,116.55999755859375
2018-07-23,GLD,116,116
2018-07-24,GLD,116.04000091552734,116.04000091552734
2018-07-25,GLD,116.68000030517578,116.68000030517578
2018-07-26,GLD,115.7699966430664,115.7699966430664
2018-07-27,GLD,115.83000183105469,115.83000183105469
2018-07-30,GLD,115.6500015258789,115.6500015258789
2018-07-31,GLD,115.98999786376953,115.98999786376953
2018-08-01,GLD,115.13999938964844,115.13999938964844
2018-08-02,GLD,114.5199966430664,114.5199966430664
2018-08-03,GLD,114.91999816894531,114.91999816894531
2018-08-06,GLD,114.33000183105469,114.33000183105469
2018-08-07,GLD,114.58999633789062,114.58999633789062
2018-08-08,GLD,114.91000366210938,114.91000366210938
2018-08-09,GLD,114.73999786376953,114.73999786376953
2018-08-10,GLD,114.69000244140625,114.69000244140625
2018-08-13,GLD,112.95999908447266,112.95999908447266
2018-08-14,GLD,113.06999969482422,113.06999969482422
2018-08-15,GLD,111.19000244140625,111.19000244140625
2018-08-16,GLD,111.0999984741211,111.0999984741211
2018-08-17,GLD,112.12999725341797,112.12999725341797
2018-08-20,GLD,112.69000244140625,112.69000244140625
2018-08-21,GLD,113.0199966430664,113.0199966430664
2018-08-22,GLD,113.2699966430664,113.2699966430664
2018-08-23,GLD,112.19999694824219,112.19999694824219
2018-08-24,GLD,114.16000366210938,114.16000366210938
2018-08-27,GLD,114.58999633789062,114.58999633789062
2018-08-28,GLD,113.68000030517578,113.68000030517578
2018-08-29,GLD,114.19999694824219,114.19999694824219
2018-08-30,GLD,113.63999938964844,113.63999938964844
2018-08-31,GLD,113.51000213623047,113.51000213623047
2018-09-04,GLD,112.93000030517578,112.93000030517578
2018-09-05,GLD,113.31999969482422,113.31999969482422
2018-09-06,GLD,113.54000091552734,113.54000091552734
2018-09-07,GLD,113.2300033569336,113.2300033569336
2018-09-10,GLD,113.1500015258789,113.1500015258789
2018-09-11,GLD,113.22000122070312,113.22000122070312
2018-09-12,GLD,114.16999816894531,114.16999816894531
2018-09-13,GLD,113.76000213623047,113.76000213623047
2018-09-14,GLD,113.0199966430664,113.0199966430664
2018-09-17,GLD,113.61000061035156,113.61000061035156
2018-09-18,GLD,113.44000244140625,113.44000244140625
2018-09-19,GLD,113.87999725341797,113.87999725341797
2018-09-20,GLD,114.2699966430664,114.2699966430664
2018-09-21,GLD,113.48999786376953,113.48999786376953
2018-09-24,GLD,113.47000122070312,113.47000122070312
2018-09-25,GLD,113.6500015258789,113.6500015258789
2018-09-26,GLD,113.05000305175781,113.05000305175781
2018-09-27,GLD,112.05000305175781,112.05000305175781
2018-09-28,GLD,112.76000213623047,112.76000213623047
2018-10-01,GLD,112.56999969482422,112.56999969482422
2018-10-02,GLD,113.87000274658203,113.87000274658203
2018-10-03,GLD,113.41999816894531,113.41999816894531
2018-10-04,GLD,113.4800033569336,113.4800033569336
2018-10-05,GLD,113.80000305175781,113.80000305175781
2018-10-08,GLD,112.54000091552734,112.54000091552734
2018-10-09,GLD,112.5999984741211,112.5999984741211
2018-10-10,GLD,112.87999725341797,112.87999725341797
2018-10-11,GLD,115.77999877929688,115.77999877929688
2018-10-12,GLD,115.2300033569336,115.2300033569336
2018-10-15,GLD,116,116
2018-10-16,GLD,115.80000305175781,115.80000305175781
2018-10-17,GLD,115.79000091552734,115.79000091552734
2018-10-18,GLD,115.91999816894531,115.91999816894531
2018-10-19,GLD,116.01000213623047,116.01000213623047
2018-10-22,GLD,115.70999908447266,115.70999908447266
2018-10-23,GLD,116.38999938964844,116.38999938964844
2018-10-24,GLD,116.66000366210938,116.66000366210938
2018-10-25,GLD,116.4000015258789,116.4000015258789
2018-10-26,GLD,116.7699966430664,116.7699966430664
2018-10-29,GLD,116.30999755859375,116.30999755859375
2018-10-30,GLD,115.80000305175781,115.80000305175781
2018-10-31,GLD,115.1500015258789,115.1500015258789
2018-11-01,GLD,116.62999725341797,116.62999725341797
2018-11-02,GLD,116.6500015258789,116.6500015258789
2018-11-05,GLD,116.37000274658203,116.37000274658203
2018-11-06,GLD,116.04000091552734,116.04000091552734
2018-11-07,GLD,116.02999877929688,116.02999877929688
2018-11-08,GLD,115.77999877929688,115.77999877929688
2018-11-09,GLD,114.4800033569336,114.4800033569336
2018-11-12,GLD,113.66000366210938,113.66000366210938
2018-11-13,GLD,113.69999694824219,113.69999694824219
2018-11-14,GLD,114.63999938964844,114.63999938964844
2018-11-15,GLD,114.7699966430664,114.7699966430664
2018-11-16,GLD,115.62000274658203,115.62000274658203
2018-11-19,GLD,115.66999816894531,115.66999816894531
2018-11-20,GLD,115.66999816894531,115.66999816894531
2018-11-21,GLD,115.86000061035156,115.86000061035156
2018-11-23,GLD,115.7699966430664,115.7699966430664
2018-11-26,GLD,115.63999938964844,115.63999938964844
2018-11-27,GLD,114.94999694824219,114.94999694824219
2018-11-28,GLD,115.37999725341797,115.37999725341797
2018-11-29,GLD,115.73999786376953,115.73999786376953
2018-11-30,GLD,115.54000091552734,115.54000091552734
2018-12-03,GLD,116.41000366210938,116.41000366210938
2018-12-04,GLD,117.12000274658203,117.12000274658203
2018-12-06,GLD,117.13999938964844,117.13999938964844
2018-12-07,GLD,118.08999633789062,118.08999633789062
2018-12-10,GLD,117.68000030517578,117.68000030517578
2018-12-11,GLD,117.54000091552734,117.54000091552734
2018-12-12,GLD,117.79000091552734,117.79000091552734
2018-12-13,GLD,117.52999877929688,117.52999877929688
2018-12-14,GLD,117.05999755859375,117.05999755859375
2018-12-17,GLD,117.87000274658203,117.87000274658203
2018-12-18,GLD,118.1500015258789,118.1500015258789
2018-12-19,GLD,117.43000030517578,117.43000030517578
2018-12-20,GLD,119.23999786376953,119.23999786376953
2018-12-21,GLD,118.72000122070312,118.72000122070312
2018-12-24,GLD,120.0199966430664,120.0199966430664
2018-12-26,GLD,119.66000366210938,119.66000366210938
2018-12-27,GLD,120.56999969482422,120.56999969482422
2018-12-28,GLD,121.05999755859375,121.05999755859375
2018-12-31,GLD,121.25,121.25
2019-01-02,GLD,121.33000183105469,121.33000183105469
2019-01-03,GLD,122.43000030517578,122.43000030517578
2019-01-04,GLD,121.44000244140625,121.44000244140625
2019-01-07,GLD,121.86000061035156,121.86000061035156
2019-01-08,GLD,121.52999877929688,121.52999877929688
2019-01-09,GLD,122.30999755859375,122.30999755859375
2019-01-10,GLD,121.58999633789062,121.58999633789062
2019-01-11,GLD,121.80000305175781,121.80000305175781
2019-01-14,GLD,122.08999633789062,122.08999633789062
2019-01-15,GLD,121.87999725341797,121.87999725341797
2019-01-16,GLD,122.2699966430664,122.2699966430664
2019-01-17,GLD,122.11000061035156,122.11000061035156
2019-01-18,GLD,121.0199966430664,121.0199966430664
2019-01-22,GLD,121.44999694824219,121.44999694824219
2019-01-23,GLD,121.27999877929688,121.27999877929688
2019-01-24,GLD,121.08999633789062,121.08999633789062
2019-01-25,GLD,122.86000061035156,122.86000061035156
2019-01-28,GLD,123.29000091552734,123.29000091552734
2019-01-29,GLD,123.9800033569336,123.9800033569336
2019-01-30,GLD,124.69000244140625,124.69000244140625
2019-01-31,GLD,124.75,124.75
2019-02-01,GLD,124.5,124.5
2019-02-04,GLD,123.95999908447266,123.95999908447266
2019-02-05,GLD,124.27999877929688,124.27999877929688
2019-02-06,GLD,123.44000244140625,123.44000244140625
2019-02-07,GLD,123.73999786376953,123.73999786376953
2019-02-08,GLD,124.20999908447266,124.20999908447266
2019-02-11,GLD,123.5999984741211,123.5999984741211
2019-02-12,GLD,123.86000061035156,123.86000061035156
2019-02-13,GLD,123.37000274658203,123.37000274658203
2019-02-14,GLD,124.05999755859375,124.05999755859375
2019-02-15,GLD,124.80000305175781,124.80000305175781
2019-02-19,GLD,126.69999694824219,126.69999694824219
2019-02-20,GLD,126.4800033569336,126.4800033569336
2019-02-21,GLD,125.05000305175781,125.05000305175781
2019-02-22,GLD,125.5,125.5
2019-02-25,GLD,125.37000274658203,125.37000274658203
2019-02-26,GLD,125.58000183105469,125.58000183105469
2019-02-27,GLD,124.69000244140625,124.69000244140625
2019-02-28,GLD,123.98999786376953,123.98999786376953
2019-03-01,GLD,121.87999725341797,121.87999725341797
2019-03-04,GLD,121.55999755859375,121.55999755859375
2019-03-05,GLD,121.72000122070312,121.72000122070312
2019-03-06,GLD,121.61000061035156,121.61000061035156
2019-03-07,GLD,121.51000213623047,121.51000213623047
2019-03-08,GLD,122.83999633789062,122.83999633789062
2019-03-11,GLD,122.23999786376953,122.23999786376953
2019-03-12,GLD,122.9800033569336,122.9800033569336
2019-03-13,GLD,123.83999633789062,123.83999633789062
2019-03-14,GLD,122.41000366210938,122.41000366210938
2019-03-15,GLD,122.97000122070312,122.97000122070312
2019-03-18,GLD,123.04000091552734,123.04000091552734
2019-03-19,GLD,123.37999725341797,123.37999725341797
2019-03-20,GLD,124.18000030517578,124.18000030517578
2019-03-21,GLD,123.68000030517578,123.68000030517578
2019-03-22,GLD,123.97000122070312,123.97000122070312
2019-03-25,GLD,124.91999816894531,124.91999816894531
2019-03-26,GLD,124.30000305175781,124.30000305175781
2019-03-27,GLD,123.6500015258789,123.6500015258789
2019-03-28,GLD,121.9000015258789,121.9000015258789
2019-03-29,GLD,122.01000213623047,122.01000213623047
2019-04-01,GLD,121.52999877929688,121.52999877929688
2019-04-02,GLD,121.9800033569336,121.9800033569336
2019-04-03,GLD,121.80000305175781,121.80000305175781
2019-04-04,GLD,122.11000061035156,122.11000061035156
2019-04-05,GLD,121.9800033569336,121.9800033569336
2019-04-08,GLD,122.51000213623047,122.51000213623047
2019-04-09,GLD,123.1500015258789,123.1500015258789
2019-04-10,GLD,123.52999877929688,123.52999877929688
2019-04-11,GLD,121.94999694824219,121.94999694824219
2019-04-12,GLD,121.83000183105469,121.83000183105469
2019-04-15,GLD,121.5999984741211,121.5999984741211
2019-04-16,GLD,120.51000213623047,120.51000213623047
2019-04-17,GLD,120.27999877929688,120.27999877929688
2019-04-18,GLD,120.37000274658203,120.37000274658203
2019-04-22,GLD,120.37000274658203,120.37000274658203
2019-04-23,GLD,120.12000274658203,120.12000274658203
2019-04-24,GLD,120.47000122070312,120.47000122070312
2019-04-25,GLD,120.56999969482422,120.56999969482422
2019-04-26,GLD,121.37000274658203,121.37000274658203
2019-04-29,GLD,120.83000183105469,120.83000183105469
2019-04-30,GLD,121.19999694824219,121.19999694824219
2019-05-01,GLD,120.4000015258789,120.4000015258789
2019-05-02,GLD,119.94000244140625,119.94000244140625
2019-05-03,GLD,120.6500015258789,120.6500015258789
2019-05-06,GLD,120.80999755859375,120.80999755859375
2019-05-07,GLD,121.20999908447266,121.20999908447266
2019-05-08,GLD,120.91000366210938,120.91000366210938
2019-05-09,GLD,121.19999694824219,121.19999694824219
2019-05-10,GLD,121.43000030517578,121.43000030517578
2019-05-13,GLD,122.66999816894531,122.66999816894531
2019-05-14,GLD,122.45999908447266,122.45999908447266
2019-05-15,GLD,122.38999938964844,122.38999938964844
2019-05-16,GLD,121.51000213623047,121.51000213623047
2019-05-17,GLD,120.6500015258789,120.6500015258789
2019-05-20,GLD,120.63999938964844,120.63999938964844
2019-05-21,GLD,120.36000061035156,120.36000061035156
2019-05-22,GLD,120.23999786376953,120.23999786376953
2019-05-23,GLD,121.16999816894531,121.16999816894531
2019-05-24,GLD,121.30000305175781,121.30000305175781
2019-05-28,GLD,120.83000183105469,120.83000183105469
2019-05-29,GLD,120.87000274658203,120.87000274658203
2019-05-30,GLD,121.69000244140625,121.69000244140625
2019-05-31,GLD,123.33000183105469,123.33000183105469
2019-06-03,GLD,125.11000061035156,125.11000061035156
2019-06-04,GLD,125.1500015258789,125.1500015258789
2019-06-05,GLD,125.47000122070312,125.47000122070312
2019-06-06,GLD,125.87999725341797,125.87999725341797
2019-06-07,GLD,126.58999633789062,126.58999633789062
2019-06-10,GLD,125.33000183105469,125.33000183105469
2019-06-11,GLD,125.18000030517578,125.18000030517578
2019-06-12,GLD,125.83000183105469,125.83000183105469
2019-06-13,GLD,126.5999984741211,126.5999984741211
2019-06-14,GLD,126.55999755859375,126.55999755859375
2019-06-17,GLD,126.4800033569336,126.4800033569336
2019-06-18,GLD,127.12000274658203,127.12000274658203
2019-06-19,GLD,127.88999938964844,127.88999938964844
2019-06-20,GLD,131.11000061035156,131.11000061035156
2019-06-21,GLD,131.97999572753906,131.97999572753906
2019-06-24,GLD,133.94000244140625,133.94000244140625
2019-06-25,GLD,134.1999969482422,134.1999969482422
2019-06-26,GLD,132.97000122070312,132.97000122070312
2019-06-27,GLD,132.83999633789062,132.83999633789062
2019-06-28,GLD,133.1999969482422,133.1999969482422
2019-07-01,GLD,130.6199951171875,130.6199951171875
2019-07-02,GLD,133.41000366210938,133.41000366210938
2019-07-03,GLD,133.6300048828125,133.6300048828125
2019-07-05,GLD,132.13999938964844,132.13999938964844
2019-07-08,GLD,131.2899932861328,131.2899932861328
2019-07-09,GLD,131.75,131.75
2019-07-10,GLD,133.8300018310547,133.8300018310547
2019-07-11,GLD,132.6999969482422,132.6999969482422
2019-07-12,GLD,133.52999877929688,133.52999877929688
2019-07-15,GLD,133.52999877929688,133.52999877929688
2019-07-16,GLD,132.39999389648438,132.39999389648438
2019-07-17,GLD,134.5800018310547,134.5800018310547
2019-07-18,GLD,136.47999572753906,136.47999572753906
2019-07-19,GLD,134.47000122070312,134.47000122070312
2019-07-22,GLD,134.4499969482422,134.4499969482422
2019-07-23,GLD,133.69000244140625,133.69000244140625
2019-07-24,GLD,134.3699951171875,134.3699951171875
2019-07-25,GLD,133.4199981689453,133.4199981689453
2019-07-26,GLD,133.63999938964844,133.63999938964844
2019-07-29,GLD,134.52999877929688,134.52999877929688
2019-07-30,GLD,134.97999572753906,134.97999572753906
2019-07-31,GLD,133.2100067138672,133.2100067138672
2019-08-01,GLD,136.41000366210938,136.41000366210938
2019-08-02,GLD,135.88999938964844,135.88999938964844
2019-08-05,GLD,137.7899932861328,137.7899932861328
2019-08-06,GLD,138.91000366210938,138.91000366210938
2019-08-07,GLD,141.02000427246094,141.02000427246094
2019-08-08,GLD,141.72999572753906,141.72999572753906
2019-08-09,GLD,141.25999450683594,141.25999450683594
2019-08-12,GLD,142.6300048828125,142.6300048828125
2019-08-13,GLD,141.77999877929688,141.77999877929688
2019-08-14,GLD,142.75,142.75
2019-08-15,GLD,143.6999969482422,143.6999969482422
2019-08-16,GLD,142.77999877929688,142.77999877929688
2019-08-19,GLD,141.11000061035156,141.11000061035156
2019-08-20,GLD,142.2100067138672,142.2100067138672
2019-08-21,GLD,141.75999450683594,141.75999450683594
2019-08-22,GLD,141.39999389648438,141.39999389648438
2019-08-23,GLD,144.1699981689453,144.1699981689453
2019-08-26,GLD,144.19000244140625,144.19000244140625
2019-08-27,GLD,145.57000732421875,145.57000732421875
2019-08-28,GLD,145.16000366210938,145.16000366210938
2019-08-29,GLD,144.1199951171875,144.1199951171875
2019-08-30,GLD,143.75,143.75
2019-09-03,GLD,145.75,145.75
2019-09-04,GLD,146.66000366210938,146.66000366210938
2019-09-05,GLD,143.13999938964844,143.13999938964844
2019-09-06,GLD,141.9199981689453,141.9199981689453
2019-09-09,GLD,141.38999938964844,141.38999938964844
2019-09-10,GLD,140.17999267578125,140.17999267578125
2019-09-11,GLD,141.02999877929688,141.02999877929688
2019-09-12,GLD,141.32000732421875,141.32000732421875
2019-09-13,GLD,140.14999389648438,140.14999389648438
2019-09-16,GLD,141.32000732421875,141.32000732421875
2019-09-17,GLD,141.60000610351562,141.60000610351562
2019-09-18,GLD,140.7100067138672,140.7100067138672
2019-09-19,GLD,141.27999877929688,141.27999877929688
2019-09-20,GLD,142.9499969482422,142.9499969482422
2019-09-23,GLD,143.75,143.75
2019-09-24,GLD,144.50999450683594,144.50999450683594
2019-09-25,GLD,141.8300018310547,141.8300018310547
2019-09-26,GLD,141.7899932861328,141.7899932861328
2019-09-27,GLD,141.05999755859375,141.05999755859375
2019-09-30,GLD,138.8699951171875,138.8699951171875
2019-10-01,GLD,139.6300048828125,139.6300048828125
2019-10-02,GLD,141.25999450683594,141.25999450683594
2019-10-03,GLD,141.89999389648438,141.89999389648438
2019-10-04,GLD,141.89999389648438,141.89999389648438
2019-10-07,GLD,140.69000244140625,140.69000244140625
2019-10-08,GLD,141.9199981689453,141.9199981689453
2019-10-09,GLD,142.0500030517578,142.0500030517578
2019-10-10,GLD,140.80999755859375,140.80999755859375
2019-10-11,GLD,140.02999877929688,140.02999877929688
2019-10-14,GLD,140.58999633789062,140.58999633789062
2019-10-15,GLD,139.61000061035156,139.61000061035156
2019-10-16,GLD,140.41000366210938,140.41000366210938
2019-10-17,GLD,140.61000061035156,140.61000061035156
2019-10-18,GLD,140.4600067138672,140.4600067138672
2019-10-21,GLD,139.7899932861328,139.7899932861328
2019-10-22,GLD,140.1999969482422,140.1999969482422
2019-10-23,GLD,140.52999877929688,140.52999877929688
2019-10-24,GLD,141.52999877929688,141.52999877929688
2019-10-25,GLD,141.86000061035156,141.86000061035156
2019-10-28,GLD,140.63999938964844,140.63999938964844
2019-10-29,GLD,140.25,140.25
2019-10-30,GLD,141.02000427246094,141.02000427246094
2019-10-31,GLD,142.42999267578125,142.42999267578125
2019-11-01,GLD,142.55999755859375,142.55999755859375
2019-11-04,GLD,142.14999389648438,142.14999389648438
2019-11-05,GLD,139.85000610351562,139.85000610351562
2019-11-06,GLD,140.4499969482422,140.4499969482422
2019-11-07,GLD,138.27000427246094,138.27000427246094
2019-11-08,GLD,137.38999938964844,137.38999938964844
2019-11-11,GLD,137.05999755859375,137.05999755859375
2019-11-12,GLD,137.42999267578125,137.42999267578125
2019-11-13,GLD,137.97999572753906,137.97999572753906
2019-11-14,GLD,138.55999755859375,138.55999755859375
2019-11-15,GLD,138.2100067138672,138.2100067138672
2019-11-18,GLD,138.6199951171875,138.6199951171875
2019-11-19,GLD,138.69000244140625,138.69000244140625
2019-11-20,GLD,138.75999450683594,138.75999450683594
2019-11-21,GLD,138,138
2019-11-22,GLD,137.74000549316406,137.74000549316406
2019-11-25,GLD,137.0800018310547,137.0800018310547
2019-11-26,GLD,137.74000549316406,137.74000549316406
2019-11-27,GLD,137.00999450683594,137.00999450683594
2019-11-29,GLD,137.86000061035156,137.86000061035156
2019-12-02,GLD,137.7899932861328,137.7899932861328
2019-12-03,GLD,139.11000061035156,139.11000061035156
2019-12-04,GLD,138.9199981689453,138.9199981689453
2019-12-05,GLD,139,139
2019-12-06,GLD,137.6199951171875,137.6199951171875
2019-12-09,GLD,137.5800018310547,137.5800018310547
2019-12-10,GLD,137.97000122070312,137.97000122070312
2019-12-11,GLD,138.9199981689453,138.9199981689453
2019-12-12,GLD,138.42999267578125,138.42999267578125
2019-12-13,GLD,139.0500030517578,139.0500030517578
2019-12-16,GLD,139.0399932861328,139.0399932861328
2019-12-17,GLD,139.00999450683594,139.00999450683594
2019-12-18,GLD,139.02000427246094,139.02000427246094
2019-12-19,GLD,139.3800048828125,139.3800048828125
2019-12-20,GLD,139.52000427246094,139.52000427246094
2019-12-23,GLD,139.9499969482422,139.9499969482422
2019-12-24,GLD,141.27000427246094,141.27000427246094
2019-12-26,GLD,142.3800048828125,142.3800048828125
2019-12-27,GLD,142.3300018310547,142.3300018310547
2019-12-30,GLD,142.6300048828125,142.6300048828125
2019-12-31,GLD,142.89999389648438,142.89999389648438
2020-01-02,GLD,143.9499969482422,143.9499969482422
2020-01-03,GLD,145.86000061035156,145.86000061035156
2020-01-06,GLD,147.38999938964844,147.38999938964844
2020-01-07,GLD,147.97000122070312,147.97000122070312
2020-01-08,GLD,146.86000061035156,146.86000061035156
2020-01-09,GLD,146.02999877929688,146.02999877929688
2020-01-10,GLD,146.91000366210938,146.91000366210938
2020-01-13,GLD,145.82000732421875,145.82000732421875
2020-01-14,GLD,145.69000244140625,145.69000244140625
2020-01-15,GLD,146.5399932861328,146.5399932861328
2020-01-16,GLD,146.30999755859375,146.30999755859375
2020-01-17,GLD,146.5800018310547,146.5800018310547
2020-01-21,GLD,146.74000549316406,146.74000549316406
2020-01-22,GLD,146.7899932861328,146.7899932861328
2020-01-23,GLD,147.1199951171875,147.1199951171875
2020-01-24,GLD,147.97999572753906,147.97999572753906
2020-01-27,GLD,148.99000549316406,148.99000549316406
2020-01-28,GLD,147.66000366210938,147.66000366210938
2020-01-29,GLD,148.4600067138672,148.4600067138672
2020-01-30,GLD,148.47000122070312,148.47000122070312
2020-01-31,GLD,149.3300018310547,149.3300018310547
2020-02-03,GLD,148.36000061035156,148.36000061035156
2020-02-04,GLD,146.42999267578125,146.42999267578125
2020-02-05,GLD,146.61000061035156,146.61000061035156
2020-02-06,GLD,147.39999389648438,147.39999389648438
2020-02-07,GLD,147.7899932861328,147.7899932861328
2020-02-10,GLD,148.1699981689453,148.1699981689453
2020-02-11,GLD,147.66000366210938,147.66000366210938
2020-02-12,GLD,147.5399932861328,147.5399932861328
2020-02-13,GLD,148.3800048828125,148.3800048828125
2020-02-14,GLD,149,149
2020-02-18,GLD,150.91000366210938,150.91000366210938
2020-02-19,GLD,151.7899932861328,151.7899932861328
2020-02-20,GLD,152.41000366210938,152.41000366210938
2020-02-21,GLD,154.6999969482422,154.6999969482422
2020-02-24,GLD,156.08999633789062,156.08999633789062
2020-02-25,GLD,153.3000030517578,153.3000030517578
2020-02-26,GLD,153.97000122070312,153.97000122070312
2020-02-27,GLD,154,154
2020-02-28,GLD,148.3800048828125,148.3800048828125
2020-03-02,GLD,149.1999969482422,149.1999969482422
2020-03-03,GLD,153.88999938964844,153.88999938964844
2020-03-04,GLD,154.16000366210938,154.16000366210938
2020-03-05,GLD,157.49000549316406,157.49000549316406
2020-03-06,GLD,157.5500030517578,157.5500030517578
2020-03-09,GLD,157.80999755859375,157.80999755859375
2020-03-10,GLD,154.47999572753906,154.47999572753906
2020-03-11,GLD,153.92999267578125,153.92999267578125
2020-03-12,GLD,147.7899932861328,147.7899932861328
2020-03-13,GLD,143.27999877929688,143.27999877929688
2020-03-16,GLD,141.63999938964844,141.63999938964844
2020-03-17,GLD,143.55999755859375,143.55999755859375
2020-03-18,GLD,140.6999969482422,140.6999969482422
2020-03-19,GLD,138.0399932861328,138.0399932861328
2020-03-20,GLD,140.11000061035156,140.11000061035156
2020-03-23,GLD,146.3000030517578,146.3000030517578
2020-03-24,GLD,153.39999389648438,153.39999389648438
2020-03-25,GLD,151.3000030517578,151.3000030517578
2020-03-26,GLD,153.24000549316406,153.24000549316406
2020-03-27,GLD,152.25,152.25
2020-03-30,GLD,152.9199981689453,152.9199981689453
2020-03-31,GLD,148.0500030517578,148.0500030517578
2020-04-01,GLD,149.4499969482422,149.4499969482422
2020-04-02,GLD,151.89999389648438,151.89999389648438
2020-04-03,GLD,152.64999389648438,152.64999389648438
2020-04-06,GLD,156.8800048828125,156.8800048828125
2020-04-07,GLD,156.0399932861328,156.0399932861328
2020-04-08,GLD,154.64999389648438,154.64999389648438
2020-04-09,GLD,158.69000244140625,158.69000244140625
2020-04-13,GLD,161.41000366210938,161.41000366210938
2020-04-14,GLD,162.67999267578125,162.67999267578125
2020-04-15,GLD,161.85000610351562,161.85000610351562
2020-04-16,GLD,161.7100067138672,161.7100067138672
2020-04-17,GLD,158.57000732421875,158.57000732421875
2020-04-20,GLD,159.6999969482422,159.6999969482422
2020-04-21,GLD,158.61000061035156,158.61000061035156
2020-04-22,GLD,161.72999572753906,161.72999572753906
2020-04-23,GLD,163.33999633789062,163.33999633789062
2020-04-24,GLD,162.63999938964844,162.63999938964844
2020-04-27,GLD,161.55999755859375,161.55999755859375
2020-04-28,GLD,160.83999633789062,160.83999633789062
2020-04-29,GLD,161.72999572753906,161.72999572753906
2020-04-30,GLD,158.8000030517578,158.8000030517578
2020-05-01,GLD,159.77999877929688,159.77999877929688
2020-05-04,GLD,160.33999633789062,160.33999633789062
2020-05-05,GLD,161.02000427246094,161.02000427246094
2020-05-06,GLD,158.9499969482422,158.9499969482422
2020-05-07,GLD,161.38999938964844,161.38999938964844
2020-05-08,GLD,160.4199981689453,160.4199981689453
2020-05-11,GLD,159.4199981689453,159.4199981689453
2020-05-12,GLD,160.0399932861328,160.0399932861328
2020-05-13,GLD,161.5800018310547,161.5800018310547
2020-05-14,GLD,163.00999450683594,163.00999450683594
2020-05-15,GLD,163.92999267578125,163.92999267578125
2020-05-18,GLD,162.69000244140625,162.69000244140625
2020-05-19,GLD,164.25999450683594,164.25999450683594
2020-05-20,GLD,164.64999389648438,164.64999389648438
2020-05-21,GLD,162.25,162.25
2020-05-22,GLD,163.2100067138672,163.2100067138672
2020-05-26,GLD,160.88999938964844,160.88999938964844
2020-05-27,GLD,161.17999267578125,161.17999267578125
2020-05-28,GLD,161.72000122070312,161.72000122070312
2020-05-29,GLD,162.91000366210938,162.91000366210938
2020-06-01,GLD,163.66000366210938,163.66000366210938
2020-06-02,GLD,162.60000610351562,162.60000610351562
2020-06-03,GLD,159.60000610351562,159.60000610351562
2020-06-04,GLD,161.27999877929688,161.27999877929688
2020-06-05,GLD,158.00999450683594,158.00999450683594
2020-06-08,GLD,159.72000122070312,159.72000122070312
2020-06-09,GLD,161.25999450683594,161.25999450683594
2020-06-10,GLD,163.57000732421875,163.57000732421875
2020-06-11,GLD,162.38999938964844,162.38999938964844
2020-06-12,GLD,162.6199951171875,162.6199951171875
2020-06-15,GLD,162.3300018310547,162.3300018310547
2020-06-16,GLD,162.25,162.25
2020-06-17,GLD,162.55999755859375,162.55999755859375
2020-06-18,GLD,162.24000549316406,162.24000549316406
2020-06-19,GLD,164.02999877929688,164.02999877929688
2020-06-22,GLD,165.08999633789062,165.08999633789062
2020-06-23,GLD,166.47999572753906,166.47999572753906
2020-06-24,GLD,165.89999389648438,165.89999389648438
2020-06-25,GLD,165.8000030517578,165.8000030517578
2020-06-26,GLD,166.5399932861328,166.5399932861328
2020-06-29,GLD,166.6300048828125,166.6300048828125
2020-06-30,GLD,167.3699951171875,167.3699951171875
2020-07-01,GLD,166.6199951171875,166.6199951171875
2020-07-02,GLD,166.97999572753906,166.97999572753906
2020-07-06,GLD,167.97999572753906,167.97999572753906
2020-07-07,GLD,169.0399932861328,169.0399932861328
2020-07-08,GLD,170.08999633789062,170.08999633789062
2020-07-09,GLD,169.6300048828125,169.6300048828125
2020-07-10,GLD,169.19000244140625,169.19000244140625
2020-07-13,GLD,169.39999389648438,169.39999389648438
2020-07-14,GLD,170.19000244140625,170.19000244140625
2020-07-15,GLD,170.33999633789062,170.33999633789062
2020-07-16,GLD,168.72999572753906,168.72999572753906
2020-07-17,GLD,170.1199951171875,170.1199951171875
2020-07-20,GLD,170.94000244140625,170.94000244140625
2020-07-21,GLD,173,173
2020-07-22,GLD,175.6300048828125,175.6300048828125
2020-07-23,GLD,177.17999267578125,177.17999267578125
2020-07-24,GLD,178.6999969482422,178.6999969482422
2020-07-27,GLD,182.22999572753906,182.22999572753906
2020-07-28,GLD,183.75,183.75
2020-07-29,GLD,185.1300048828125,185.1300048828125
2020-07-30,GLD,183.75999450683594,183.75999450683594
2020-07-31,GLD,185.42999267578125,185.42999267578125
2020-08-03,GLD,185.63999938964844,185.63999938964844
2020-08-04,GLD,189.58999633789062,189.58999633789062
2020-08-05,GLD,191.35000610351562,191.35000610351562
2020-08-06,GLD,193.88999938964844,193.88999938964844
2020-08-07,GLD,190.80999755859375,190.80999755859375
2020-08-10,GLD,190.14999389648438,190.14999389648438
2020-08-11,GLD,179.94000244140625,179.94000244140625
2020-08-12,GLD,179.10000610351562,179.10000610351562
2020-08-13,GLD,183.3300018310547,183.3300018310547
2020-08-14,GLD,182.5399932861328,182.5399932861328
2020-08-17,GLD,186.5,186.5
2020-08-18,GLD,188.17999267578125,188.17999267578125
2020-08-19,GLD,182.24000549316406,182.24000549316406
2020-08-20,GLD,183.5,183.5
2020-08-21,GLD,182.02999877929688,182.02999877929688
2020-08-24,GLD,181,181
2020-08-25,GLD,181.22000122070312,181.22000122070312
2020-08-26,GLD,183.36000061035156,183.36000061035156
2020-08-27,GLD,181.24000549316406,181.24000549316406
2020-08-28,GLD,184.38999938964844,184.38999938964844
2020-08-31,GLD,184.8300018310547,184.8300018310547
2020-09-01,GLD,185.0500030517578,185.0500030517578
2020-09-02,GLD,182.6199951171875,182.6199951171875
2020-09-03,GLD,181.13999938964844,181.13999938964844
2020-09-04,GLD,181.63999938964844,181.63999938964844
2020-09-08,GLD,181.2899932861328,181.2899932861328
2020-09-09,GLD,183.0500030517578,183.0500030517578
2020-09-10,GLD,182.4600067138672,182.4600067138672
2020-09-11,GLD,182.4499969482422,182.4499969482422
2020-09-14,GLD,183.88999938964844,183.88999938964844
2020-09-15,GLD,183.4499969482422,183.4499969482422
2020-09-16,GLD,183.97000122070312,183.97000122070312
2020-09-17,GLD,182.9600067138672,182.9600067138672
2020-09-18,GLD,183.1999969482422,183.1999969482422
2020-09-21,GLD,179.52000427246094,179.52000427246094
2020-09-22,GLD,178.64999389648438,178.64999389648438
2020-09-23,GLD,174.7899932861328,174.7899932861328
2020-09-24,GLD,175.44000244140625,175.44000244140625
2020-09-25,GLD,174.94000244140625,174.94000244140625
2020-09-28,GLD,176.6999969482422,176.6999969482422
2020-09-29,GLD,178.19000244140625,178.19000244140625
2020-09-30,GLD,177.1199951171875,177.1199951171875
2020-10-01,GLD,178.6999969482422,178.6999969482422
2020-10-02,GLD,178.5399932861328,178.5399932861328
2020-10-05,GLD,179.41000366210938,179.41000366210938
2020-10-06,GLD,177.3000030517578,177.3000030517578
2020-10-07,GLD,177.22000122070312,177.22000122070312
2020-10-08,GLD,177.85000610351562,177.85000610351562
2020-10-09,GLD,181.0800018310547,181.0800018310547
2020-10-12,GLD,180.55999755859375,180.55999755859375
2020-10-13,GLD,177.72000122070312,177.72000122070312
2020-10-14,GLD,178.27000427246094,178.27000427246094
2020-10-15,GLD,178.9199981689453,178.9199981689453
2020-10-16,GLD,178.3000030517578,178.3000030517578
2020-10-19,GLD,178.38999938964844,178.38999938964844
2020-10-20,GLD,179.25,179.25
2020-10-21,GLD,180.60000610351562,180.60000610351562
2020-10-22,GLD,178.8300018310547,178.8300018310547
2020-10-23,GLD,178.63999938964844,178.63999938964844
2020-10-26,GLD,178.5500030517578,178.5500030517578
2020-10-27,GLD,179.02000427246094,179.02000427246094
2020-10-28,GLD,176.1300048828125,176.1300048828125
2020-10-29,GLD,175.39999389648438,175.39999389648438
2020-10-30,GLD,176.1999969482422,176.1999969482422
2020-11-02,GLD,177.91000366210938,177.91000366210938
2020-11-03,GLD,178.9199981689453,178.9199981689453
2020-11-04,GLD,178.82000732421875,178.82000732421875
2020-11-05,GLD,182.92999267578125,182.92999267578125
2020-11-06,GLD,183.19000244140625,183.19000244140625
2020-11-09,GLD,175.0800018310547,175.0800018310547
2020-11-10,GLD,175.66000366210938,175.66000366210938
2020-11-11,GLD,174.89999389648438,174.89999389648438
2020-11-12,GLD,175.9600067138672,175.9600067138672
2020-11-13,GLD,177.16000366210938,177.16000366210938
2020-11-16,GLD,177.14999389648438,177.14999389648438
2020-11-17,GLD,176.5,176.5
2020-11-18,GLD,175.49000549316406,175.49000549316406
2020-11-19,GLD,175.16000366210938,175.16000366210938
2020-11-20,GLD,175.69000244140625,175.69000244140625
2020-11-23,GLD,172.22999572753906,172.22999572753906
2020-11-24,GLD,169.58999633789062,169.58999633789062
2020-11-25,GLD,169.50999450683594,169.50999450683594
2020-11-27,GLD,167.7899932861328,167.7899932861328
2020-11-30,GLD,166.6699981689453,166.6699981689453
2020-12-01,GLD,170.17999267578125,170.17999267578125
2020-12-02,GLD,171.4600067138672,171.4600067138672
2020-12-03,GLD,172.80999755859375,172.80999755859375
2020-12-04,GLD,172.32000732421875,172.32000732421875
2020-12-07,GLD,174.88999938964844,174.88999938964844
2020-12-08,GLD,175.5,175.5
2020-12-09,GLD,172.5,172.5
2020-12-10,GLD,172.1699981689453,172.1699981689453
2020-12-11,GLD,172.49000549316406,172.49000549316406
2020-12-14,GLD,171.5399932861328,171.5399932861328
2020-12-15,GLD,173.94000244140625,173.94000244140625
2020-12-16,GLD,174.89999389648438,174.89999389648438
2020-12-17,GLD,176.74000549316406,176.74000549316406
2020-12-18,GLD,176.44000244140625,176.44000244140625
2020-12-21,GLD,175.8800048828125,175.8800048828125
2020-12-22,GLD,174.49000549316406,174.49000549316406
2020-12-23,GLD,175.64999389648438,175.64999389648438
2020-12-24,GLD,176.35000610351562,176.35000610351562
2020-12-28,GLD,175.7100067138672,175.7100067138672
2020-12-29,GLD,176.35000610351562,176.35000610351562
2020-12-30,GLD,177.6999969482422,177.6999969482422
2020-12-31,GLD,178.36000061035156,178.36000061035156
2021-01-04,GLD,182.3300018310547,182.3300018310547
2021-01-05,GLD,182.8699951171875,182.8699951171875
2021-01-06,GLD,179.89999389648438,179.89999389648438
2021-01-07,GLD,179.47999572753906,179.47999572753906
2021-01-08,GLD,173.33999633789062,173.33999633789062
2021-01-11,GLD,173,173
2021-01-12,GLD,174.1199951171875,174.1199951171875
2021-01-13,GLD,173.3699951171875,173.3699951171875
2021-01-14,GLD,173.27999877929688,173.27999877929688
2021-01-15,GLD,171.1300048828125,171.1300048828125
2021-01-19,GLD,172.5800018310547,172.5800018310547
2021-01-20,GLD,175.38999938964844,175.38999938964844
2021-01-21,GLD,175.27999877929688,175.27999877929688
2021-01-22,GLD,173.89999389648438,173.89999389648438
2021-01-25,GLD,174.0500030517578,174.0500030517578
2021-01-26,GLD,173.6199951171875,173.6199951171875
2021-01-27,GLD,172.52000427246094,172.52000427246094
2021-01-28,GLD,172.67999267578125,172.67999267578125
2021-01-29,GLD,172.61000061035156,172.61000061035156
2021-02-01,GLD,174.22999572753906,174.22999572753906
2021-02-02,GLD,172.11000061035156,172.11000061035156
2021-02-03,GLD,171.85000610351562,171.85000610351562
2021-02-04,GLD,168.14999389648438,168.14999389648438
2021-02-05,GLD,169.80999755859375,169.80999755859375
2021-02-08,GLD,171.52000427246094,171.52000427246094
2021-02-09,GLD,172.0800018310547,172.0800018310547
2021-02-10,GLD,172.7100067138672,172.7100067138672
2021-02-11,GLD,171.2100067138672,171.2100067138672
2021-02-12,GLD,170.69000244140625,170.69000244140625
2021-02-16,GLD,168.24000549316406,168.24000549316406
2021-02-17,GLD,166.3300018310547,166.3300018310547
2021-02-18,GLD,166.32000732421875,166.32000732421875
2021-02-19,GLD,167.00999450683594,167.00999450683594
2021-02-22,GLD,169.50999450683594,169.50999450683594
2021-02-23,GLD,169.1199951171875,169.1199951171875
2021-02-24,GLD,169,169
2021-02-25,GLD,165.82000732421875,165.82000732421875
2021-02-26,GLD,161.80999755859375,161.80999755859375
2021-03-01,GLD,161.52999877929688,161.52999877929688
2021-03-02,GLD,162.41000366210938,162.41000366210938
2021-03-03,GLD,160.6199951171875,160.6199951171875
2021-03-04,GLD,159.0399932861328,159.0399932861328
2021-03-05,GLD,159.13999938964844,159.13999938964844
2021-03-08,GLD,157.49000549316406,157.49000549316406
2021-03-09,GLD,160.83999633789062,160.83999633789062
2021-03-10,GLD,161.66000366210938,161.66000366210938
2021-03-11,GLD,161.52000427246094,161.52000427246094
2021-03-12,GLD,161.49000549316406,161.49000549316406
2021-03-15,GLD,162.1999969482422,162.1999969482422
2021-03-16,GLD,162.35000610351562,162.35000610351562
2021-03-17,GLD,163.50999450683594,163.50999450683594
2021-03-18,GLD,162.55999755859375,162.55999755859375
2021-03-19,GLD,163.24000549316406,163.24000549316406
2021-03-22,GLD,163,163
2021-03-23,GLD,161.80999755859375,161.80999755859375
2021-03-24,GLD,162.3699951171875,162.3699951171875
2021-03-25,GLD,161.77999877929688,161.77999877929688
2021-03-26,GLD,162.24000549316406,162.24000549316406
2021-03-29,GLD,160.30999755859375,160.30999755859375
2021-03-30,GLD,157.57000732421875,157.57000732421875
2021-03-31,GLD,159.9600067138672,159.9600067138672
2021-04-01,GLD,161.97999572753906,161.97999572753906
2021-04-05,GLD,161.9199981689453,161.9199981689453
2021-04-06,GLD,163.22000122070312,163.22000122070312
2021-04-07,GLD,162.75999450683594,162.75999450683594
2021-04-08,GLD,164.50999450683594,164.50999450683594
2021-04-09,GLD,163.27000427246094,163.27000427246094
2021-04-12,GLD,162.27999877929688,162.27999877929688
2021-04-13,GLD,163.42999267578125,163.42999267578125
2021-04-14,GLD,162.72000122070312,162.72000122070312
2021-04-15,GLD,165.35000610351562,165.35000610351562
2021-04-16,GLD,166.35000610351562,166.35000610351562
2021-04-19,GLD,165.88999938964844,165.88999938964844
2021-04-20,GLD,166.47999572753906,166.47999572753906
2021-04-21,GLD,168.1300048828125,168.1300048828125
2021-04-22,GLD,167.0399932861328,167.0399932861328
2021-04-23,GLD,166.39999389648438,166.39999389648438
2021-04-26,GLD,166.83999633789062,166.83999633789062
2021-04-27,GLD,166.4199981689453,166.4199981689453
2021-04-28,GLD,166.91000366210938,166.91000366210938
2021-04-29,GLD,166.22000122070312,166.22000122070312
2021-04-30,GLD,165.66000366210938,165.66000366210938
2021-05-03,GLD,167.80999755859375,167.80999755859375
2021-05-04,GLD,166.5800018310547,166.5800018310547
2021-05-05,GLD,167.27000427246094,167.27000427246094
2021-05-06,GLD,170.05999755859375,170.05999755859375
2021-05-07,GLD,171.58999633789062,171.58999633789062
2021-05-10,GLD,172.11000061035156,172.11000061035156
2021-05-11,GLD,172.13999938964844,172.13999938964844
2021-05-12,GLD,170.42999267578125,170.42999267578125
2021-05-13,GLD,171.1300048828125,171.1300048828125
2021-05-14,GLD,172.69000244140625,172.69000244140625
2021-05-17,GLD,174.6999969482422,174.6999969482422
2021-05-18,GLD,175.0399932861328,175.0399932861328
2021-05-19,GLD,175.16000366210938,175.16000366210938
2021-05-20,GLD,175.9600067138672,175.9600067138672
2021-05-21,GLD,176.0399932861328,176.0399932861328
2021-05-24,GLD,176.35000610351562,176.35000610351562
2021-05-25,GLD,177.9499969482422,177.9499969482422
2021-05-26,GLD,177.63999938964844,177.63999938964844
2021-05-27,GLD,177.7100067138672,177.7100067138672
2021-05-28,GLD,178.3800048828125,178.3800048828125
2021-06-01,GLD,177.89999389648438,177.89999389648438
2021-06-02,GLD,178.77000427246094,178.77000427246094
2021-06-03,GLD,175.27000427246094,175.27000427246094
2021-06-04,GLD,177.16000366210938,177.16000366210938
2021-06-07,GLD,177.8699951171875,177.8699951171875
2021-06-08,GLD,177.32000732421875,177.32000732421875
2021-06-09,GLD,176.97999572753906,176.97999572753906
2021-06-10,GLD,177.74000549316406,177.74000549316406
2021-06-11,GLD,175.74000549316406,175.74000549316406
2021-06-14,GLD,174.7100067138672,174.7100067138672
2021-06-15,GLD,174.0500030517578,174.0500030517578
2021-06-16,GLD,171.11000061035156,171.11000061035156
2021-06-17,GLD,165.85000610351562,165.85000610351562
2021-06-18,GLD,164.92999267578125,164.92999267578125
2021-06-21,GLD,166.9499969482422,166.9499969482422
2021-06-22,GLD,166.25,166.25
2021-06-23,GLD,166.13999938964844,166.13999938964844
2021-06-24,GLD,166.0399932861328,166.0399932861328
2021-06-25,GLD,166.58999633789062,166.58999633789062
2021-06-28,GLD,166.5800018310547,166.5800018310547
2021-06-29,GLD,164.8300018310547,164.8300018310547
2021-06-30,GLD,165.6300048828125,165.6300048828125
2021-07-01,GLD,166.1999969482422,166.1999969482422
2021-07-02,GLD,167.2899932861328,167.2899932861328
2021-07-06,GLD,168.1199951171875,168.1199951171875
2021-07-07,GLD,168.75999450683594,168.75999450683594
2021-07-08,GLD,168.64999389648438,168.64999389648438
2021-07-09,GLD,169.2100067138672,169.2100067138672
2021-07-12,GLD,169,169
2021-07-13,GLD,169.22000122070312,169.22000122070312
2021-07-14,GLD,171.0399932861328,171.0399932861328
2021-07-15,GLD,171.07000732421875,171.07000732421875
2021-07-16,GLD,169.41000366210938,169.41000366210938
2021-07-19,GLD,169.61000061035156,169.61000061035156
2021-07-20,GLD,169.38999938964844,169.38999938964844
2021-07-21,GLD,168.75999450683594,168.75999450683594
2021-07-22,GLD,169.08999633789062,169.08999633789062
2021-07-23,GLD,168.55999755859375,168.55999755859375
2021-07-26,GLD,168.16000366210938,168.16000366210938
2021-07-27,GLD,168.44000244140625,168.44000244140625
2021-07-28,GLD,169.2899932861328,169.2899932861328
2021-07-29,GLD,171.1699981689453,171.1699981689453
2021-07-30,GLD,169.82000732421875,169.82000732421875
2021-08-02,GLD,169.61000061035156,169.61000061035156
2021-08-03,GLD,169.49000549316406,169.49000549316406
2021-08-04,GLD,169.52999877929688,169.52999877929688
2021-08-05,GLD,168.86000061035156,168.86000061035156
2021-08-06,GLD,164.63999938964844,164.63999938964844
2021-08-09,GLD,161.72000122070312,161.72000122070312
2021-08-10,GLD,161.77000427246094,161.77000427246094
2021-08-11,GLD,164,164
2021-08-12,GLD,164.0399932861328,164.0399932861328
2021-08-13,GLD,166.38999938964844,166.38999938964844
2021-08-16,GLD,167.22000122070312,167.22000122070312
2021-08-17,GLD,166.97000122070312,166.97000122070312
2021-08-18,GLD,167.10000610351562,167.10000610351562
2021-08-19,GLD,166.61000061035156,166.61000061035156
2021-08-20,GLD,166.6999969482422,166.6999969482422
2021-08-23,GLD,168.72999572753906,168.72999572753906
2021-08-24,GLD,168.64999389648438,168.64999389648438
2021-08-25,GLD,167.47999572753906,167.47999572753906
2021-08-26,GLD,167.6699981689453,167.6699981689453
2021-08-27,GLD,170.19000244140625,170.19000244140625
2021-08-30,GLD,169.35000610351562,169.35000610351562
2021-08-31,GLD,169.69000244140625,169.69000244140625
2021-09-01,GLD,169.6999969482422,169.6999969482422
2021-09-02,GLD,169.25,169.25
2021-09-03,GLD,171.05999755859375,171.05999755859375
2021-09-07,GLD,167.7100067138672,167.7100067138672
2021-09-08,GLD,167.2899932861328,167.2899932861328
2021-09-09,GLD,168.02999877929688,168.02999877929688
2021-09-10,GLD,167.17999267578125,167.17999267578125
2021-09-13,GLD,167.74000549316406,167.74000549316406
2021-09-14,GLD,168.82000732421875,168.82000732421875
2021-09-15,GLD,167.8300018310547,167.8300018310547
2021-09-16,GLD,164.02999877929688,164.02999877929688
2021-09-17,GLD,163.77000427246094,163.77000427246094
2021-09-20,GLD,164.94000244140625,164.94000244140625
2021-09-21,GLD,166.0399932861328,166.0399932861328
2021-09-22,GLD,165.4199981689453,165.4199981689453
2021-09-23,GLD,163.50999450683594,163.50999450683594
2021-09-24,GLD,163.3000030517578,163.3000030517578
2021-09-27,GLD,163.63999938964844,163.63999938964844
2021-09-28,GLD,162.0500030517578,162.0500030517578
2021-09-29,GLD,161.32000732421875,161.32000732421875
2021-09-30,GLD,164.22000122070312,164.22000122070312
2021-10-01,GLD,164.58999633789062,164.58999633789062
2021-10-04,GLD,165.36000061035156,165.36000061035156
2021-10-05,GLD,164.58999633789062,164.58999633789062
2021-10-06,GLD,165.02999877929688,165.02999877929688
2021-10-07,GLD,164.16000366210938,164.16000366210938
2021-10-08,GLD,164.22999572753906,164.22999572753906
2021-10-11,GLD,163.9199981689453,163.9199981689453
2021-10-12,GLD,164.66000366210938,164.66000366210938
2021-10-13,GLD,167.58999633789062,167.58999633789062
2021-10-14,GLD,168,168
2021-10-15,GLD,165.3300018310547,165.3300018310547
2021-10-18,GLD,164.9199981689453,164.9199981689453
2021-10-19,GLD,165.4499969482422,165.4499969482422
2021-10-20,GLD,166.89999389648438,166.89999389648438
2021-10-21,GLD,166.75,166.75
2021-10-22,GLD,167.77000427246094,167.77000427246094
2021-10-25,GLD,168.92999267578125,168.92999267578125
2021-10-26,GLD,167.67999267578125,167.67999267578125
2021-10-27,GLD,168.1199951171875,168.1199951171875
2021-10-28,GLD,168.0800018310547,168.0800018310547
2021-10-29,GLD,166.64999389648438,166.64999389648438
2021-11-01,GLD,167.52000427246094,167.52000427246094
2021-11-02,GLD,167.16000366210938,167.16000366210938
2021-11-03,GLD,165.77000427246094,165.77000427246094
2021-11-04,GLD,167.64999389648438,167.64999389648438
2021-11-05,GLD,169.83999633789062,169.83999633789062
2021-11-08,GLD,170.4499969482422,170.4499969482422
2021-11-09,GLD,171.2899932861328,171.2899932861328
2021-11-10,GLD,173.14999389648438,173.14999389648438
2021-11-11,GLD,174.1199951171875,174.1199951171875
2021-11-12,GLD,174.4499969482422,174.4499969482422
2021-11-15,GLD,174.17999267578125,174.17999267578125
2021-11-16,GLD,172.9199981689453,172.9199981689453
2021-11-17,GLD,174.5,174.5
2021-11-18,GLD,173.94000244140625,173.94000244140625
2021-11-19,GLD,172.61000061035156,172.61000061035156
2021-11-22,GLD,168.74000549316406,168.74000549316406
2021-11-23,GLD,167.27999877929688,167.27999877929688
2021-11-24,GLD,167.1199951171875,167.1199951171875
2021-11-26,GLD,166.85000610351562,166.85000610351562
2021-11-29,GLD,166.6199951171875,166.6199951171875
2021-11-30,GLD,165.5,165.5
2021-12-01,GLD,166.16000366210938,166.16000366210938
2021-12-02,GLD,165.24000549316406,165.24000549316406
2021-12-03,GLD,166.6300048828125,166.6300048828125
2021-12-06,GLD,166.22000122070312,166.22000122070312
2021-12-07,GLD,166.80999755859375,166.80999755859375
2021-12-08,GLD,166.89999389648438,166.89999389648438
2021-12-09,GLD,165.8800048828125,165.8800048828125
2021-12-10,GLD,166.5800018310547,166.5800018310547
2021-12-13,GLD,167,167
2021-12-14,GLD,165.44000244140625,165.44000244140625
2021-12-15,GLD,166.14999389648438,166.14999389648438
2021-12-16,GLD,168.16000366210938,168.16000366210938
2021-12-17,GLD,167.8000030517578,167.8000030517578
2021-12-20,GLD,167.08999633789062,167.08999633789062
2021-12-21,GLD,167.02000427246094,167.02000427246094
2021-12-22,GLD,168.58999633789062,168.58999633789062
2021-12-23,GLD,168.97000122070312,168.97000122070312
2021-12-27,GLD,169.3699951171875,169.3699951171875
2021-12-28,GLD,168.63999938964844,168.63999938964844
2021-12-29,GLD,168.58999633789062,168.58999633789062
2021-12-30,GLD,169.8000030517578,169.8000030517578
2021-12-31,GLD,170.9600067138672,170.9600067138672
2022-01-03,GLD,168.3300018310547,168.3300018310547
2022-01-04,GLD,169.57000732421875,169.57000732421875
2022-01-05,GLD,169.05999755859375,169.05999755859375
2022-01-06,GLD,166.99000549316406,166.99000549316406
2022-01-07,GLD,167.75,167.75
2022-01-10,GLD,168.25999450683594,168.25999450683594
2022-01-11,GLD,170.2899932861328,170.2899932861328
2022-01-12,GLD,170.74000549316406,170.74000549316406
2022-01-13,GLD,170.16000366210938,170.16000366210938
2022-01-14,GLD,169.6699981689453,169.6699981689453
2022-01-18,GLD,169.38999938964844,169.38999938964844
2022-01-19,GLD,172.0800018310547,172.0800018310547
2022-01-20,GLD,171.64999389648438,171.64999389648438
2022-01-21,GLD,171.08999633789062,171.08999633789062
2022-01-24,GLD,172.02999877929688,172.02999877929688
2022-01-25,GLD,172.5800018310547,172.5800018310547
2022-01-26,GLD,169.7899932861328,169.7899932861328
2022-01-27,GLD,167.60000610351562,167.60000610351562
2022-01-28,GLD,167.10000610351562,167.10000610351562
2022-01-31,GLD,168.08999633789062,168.08999633789062
2022-02-01,GLD,168.22999572753906,168.22999572753906
2022-02-02,GLD,168.83999633789062,168.83999633789062
2022-02-03,GLD,168.60000610351562,168.60000610351562
2022-02-04,GLD,168.86000061035156,168.86000061035156
2022-02-07,GLD,170.11000061035156,170.11000061035156
2022-02-08,GLD,170.6300048828125,170.6300048828125
2022-02-09,GLD,171.2100067138672,171.2100067138672
2022-02-10,GLD,170.55999755859375,170.55999755859375
2022-02-11,GLD,173.80999755859375,173.80999755859375
2022-02-14,GLD,174.74000549316406,174.74000549316406
2022-02-15,GLD,173.0800018310547,173.0800018310547
2022-02-16,GLD,174.86000061035156,174.86000061035156
2022-02-17,GLD,177.25,177.25
2022-02-18,GLD,177.1199951171875,177.1199951171875
2022-02-22,GLD,177.49000549316406,177.49000549316406
2022-02-23,GLD,178.2899932861328,178.2899932861328
2022-02-24,GLD,177.13999938964844,177.13999938964844
2022-02-25,GLD,176.5500030517578,176.5500030517578
2022-02-28,GLD,178.3800048828125,178.3800048828125
2022-03-01,GLD,181.6199951171875,181.6199951171875
2022-03-02,GLD,179.72999572753906,179.72999572753906
2022-03-03,GLD,180.8000030517578,180.8000030517578
2022-03-04,GLD,183.67999267578125,183.67999267578125
2022-03-07,GLD,186.41000366210938,186.41000366210938
2022-03-08,GLD,191.50999450683594,191.50999450683594
2022-03-09,GLD,185.82000732421875,185.82000732421875
2022-03-10,GLD,186.39999389648438,186.39999389648438
2022-03-11,GLD,185.08999633789062,185.08999633789062
2022-03-14,GLD,182.3000030517578,182.3000030517578
2022-03-15,GLD,178.88999938964844,178.88999938964844
2022-03-16,GLD,180.00999450683594,180.00999450683594
2022-03-17,GLD,180.88999938964844,180.88999938964844
2022-03-18,GLD,179.3000030517578,179.3000030517578
2022-03-21,GLD,180.6699981689453,180.6699981689453
2022-03-22,GLD,179.36000061035156,179.36000061035156
2022-03-23,GLD,181.80999755859375,181.80999755859375
2022-03-24,GLD,183.1300048828125,183.1300048828125
2022-03-25,GLD,182.3800048828125,182.3800048828125
2022-03-28,GLD,179.05999755859375,179.05999755859375
2022-03-29,GLD,179.13999938964844,179.13999938964844
2022-03-30,GLD,180.5800018310547,180.5800018310547
2022-03-31,GLD,180.64999389648438,180.64999389648438
2022-04-01,GLD,179.5,179.5
2022-04-04,GLD,180.3699951171875,180.3699951171875
2022-04-05,GLD,179.24000549316406,179.24000549316406
2022-04-06,GLD,179.66000366210938,179.66000366210938
2022-04-07,GLD,180.33999633789062,180.33999633789062
2022-04-08,GLD,181.47000122070312,181.47000122070312
2022-04-11,GLD,182.3699951171875,182.3699951171875
2022-04-12,GLD,183.77000427246094,183.77000427246094
2022-04-13,GLD,184.64999389648438,184.64999389648438
2022-04-14,GLD,184.0399932861328,184.0399932861328
2022-04-18,GLD,184.61000061035156,184.61000061035156
2022-04-19,GLD,181.82000732421875,181.82000732421875
2022-04-20,GLD,182.7100067138672,182.7100067138672
2022-04-21,GLD,182.05999755859375,182.05999755859375
2022-04-22,GLD,180.2899932861328,180.2899932861328
2022-04-25,GLD,177.0500030517578,177.0500030517578
2022-04-26,GLD,177.32000732421875,177.32000732421875
2022-04-27,GLD,175.97999572753906,175.97999572753906
2022-04-28,GLD,176.92999267578125,176.92999267578125
2022-04-29,GLD,176.91000366210938,176.91000366210938
2022-05-02,GLD,173.6300048828125,173.6300048828125
2022-05-03,GLD,174.08999633789062,174.08999633789062
2022-05-04,GLD,175.8000030517578,175.8000030517578
2022-05-05,GLD,175.1300048828125,175.1300048828125
2022-05-06,GLD,175.4199981689453,175.4199981689453
2022-05-09,GLD,172.8800048828125,172.8800048828125
2022-05-10,GLD,171.4199981689453,171.4199981689453
2022-05-11,GLD,172.82000732421875,172.82000732421875
2022-05-12,GLD,170.1699981689453,170.1699981689453
2022-05-13,GLD,168.7899932861328,168.7899932861328
2022-05-16,GLD,170.39999389648438,170.39999389648438
2022-05-17,GLD,169.3300018310547,169.3300018310547
2022-05-18,GLD,169.4199981689453,169.4199981689453
2022-05-19,GLD,171.91000366210938,171.91000366210938
2022-05-20,GLD,172.02999877929688,172.02999877929688
2022-05-23,GLD,172.8300018310547,172.8300018310547
2022-05-24,GLD,174.1300048828125,174.1300048828125
2022-05-25,GLD,173.0800018310547,173.0800018310547
2022-05-26,GLD,172.75999450683594,172.75999450683594
2022-05-27,GLD,172.85000610351562,172.85000610351562
2022-05-31,GLD,171.13999938964844,171.13999938964844
2022-06-01,GLD,172.22999572753906,172.22999572753906
2022-06-02,GLD,174.35000610351562,174.35000610351562
2022-06-03,GLD,172.5800018310547,172.5800018310547
2022-06-06,GLD,171.82000732421875,171.82000732421875
2022-06-07,GLD,172.94000244140625,172.94000244140625
2022-06-08,GLD,172.77999877929688,172.77999877929688
2022-06-09,GLD,172.22999572753906,172.22999572753906
2022-06-10,GLD,174.5399932861328,174.5399932861328
2022-06-13,GLD,169.92999267578125,169.92999267578125
2022-06-14,GLD,168.57000732421875,168.57000732421875
2022-06-15,GLD,170.77000427246094,170.77000427246094
2022-06-16,GLD,172.69000244140625,172.69000244140625
2022-06-17,GLD,171.27000427246094,171.27000427246094
2022-06-21,GLD,170.6300048828125,170.6300048828125
2022-06-22,GLD,171.30999755859375,171.30999755859375
2022-06-23,GLD,170.25999450683594,170.25999450683594
2022-06-24,GLD,170.08999633789062,170.08999633789062
2022-06-27,GLD,169.89999389648438,169.89999389648438
2022-06-28,GLD,169.6199951171875,169.6199951171875
2022-06-29,GLD,169.49000549316406,169.49000549316406
2022-06-30,GLD,168.4600067138672,168.4600067138672
2022-07-01,GLD,168.32000732421875,168.32000732421875
2022-07-05,GLD,164.75,164.75
2022-07-06,GLD,162.13999938964844,162.13999938964844
2022-07-07,GLD,162.22999572753906,162.22999572753906
2022-07-08,GLD,162.3000030517578,162.3000030517578
2022-07-11,GLD,161.42999267578125,161.42999267578125
2022-07-12,GLD,160.8300018310547,160.8300018310547
2022-07-13,GLD,161.60000610351562,161.60000610351562
2022-07-14,GLD,159.3300018310547,159.3300018310547
2022-07-15,GLD,159.00999450683594,159.00999450683594
2022-07-18,GLD,159.16000366210938,159.16000366210938
2022-07-19,GLD,159.5399932861328,159.5399932861328
2022-07-20,GLD,158.0399932861328,158.0399932861328
2022-07-21,GLD,160.27000427246094,160.27000427246094
2022-07-22,GLD,160.6699981689453,160.6699981689453
2022-07-25,GLD,160.22999572753906,160.22999572753906
2022-07-26,GLD,160.0399932861328,160.0399932861328
2022-07-27,GLD,161.6699981689453,161.6699981689453
2022-07-28,GLD,163.63999938964844,163.63999938964844
2022-07-29,GLD,164.10000610351562,164.10000610351562
2022-08-01,GLD,165.02999877929688,165.02999877929688
2022-08-02,GLD,164.0500030517578,164.0500030517578
2022-08-03,GLD,164.4499969482422,164.4499969482422
2022-08-04,GLD,167.1699981689453,167.1699981689453
2022-08-05,GLD,165.2899932861328,165.2899932861328
2022-08-08,GLD,166.69000244140625,166.69000244140625
2022-08-09,GLD,167.1999969482422,167.1999969482422
2022-08-10,GLD,166.77999877929688,166.77999877929688
2022-08-11,GLD,166.33999633789062,166.33999633789062
2022-08-12,GLD,167.8699951171875,167.8699951171875
2022-08-15,GLD,165.7100067138672,165.7100067138672
2022-08-16,GLD,165.4199981689453,165.4199981689453
2022-08-17,GLD,164.35000610351562,164.35000610351562
2022-08-18,GLD,163.9199981689453,163.9199981689453
2022-08-19,GLD,162.72000122070312,162.72000122070312
2022-08-22,GLD,161.63999938964844,161.63999938964844
2022-08-23,GLD,162.77000427246094,162.77000427246094
2022-08-24,GLD,163.25,163.25
2022-08-25,GLD,163.75,163.75
2022-08-26,GLD,161.75999450683594,161.75999450683594
2022-08-29,GLD,161.86000061035156,161.86000061035156
2022-08-30,GLD,160.50999450683594,160.50999450683594
2022-08-31,GLD,159.27000427246094,159.27000427246094
2022-09-01,GLD,157.8699951171875,157.8699951171875
2022-09-02,GLD,159.25999450683594,159.25999450683594
2022-09-06,GLD,158.3300018310547,158.3300018310547
2022-09-07,GLD,159.94000244140625,159.94000244140625
2022-09-08,GLD,158.97999572753906,158.97999572753906
2022-09-09,GLD,159.82000732421875,159.82000732421875
2022-09-12,GLD,160.6300048828125,160.6300048828125
2022-09-13,GLD,158.5399932861328,158.5399932861328
2022-09-14,GLD,157.92999267578125,157.92999267578125
2022-09-15,GLD,154.97999572753906,154.97999572753906
2022-09-16,GLD,155.83999633789062,155.83999633789062
2022-09-19,GLD,155.9600067138672,155.9600067138672
2022-09-20,GLD,155.07000732421875,155.07000732421875
2022-09-21,GLD,155.7899932861328,155.7899932861328
2022-09-22,GLD,155.6999969482422,155.6999969482422
2022-09-23,GLD,153.00999450683594,153.00999450683594
2022-09-26,GLD,151.22999572753906,151.22999572753906
2022-09-27,GLD,151.5399932861328,151.5399932861328
2022-09-28,GLD,154.69000244140625,154.69000244140625
2022-09-29,GLD,154.66000366210938,154.66000366210938
2022-09-30,GLD,154.6699981689453,154.6699981689453
2022-10-03,GLD,158.42999267578125,158.42999267578125
2022-10-04,GLD,160.6999969482422,160.6999969482422
2022-10-05,GLD,159.80999755859375,159.80999755859375
2022-10-06,GLD,159.6300048828125,159.6300048828125
2022-10-07,GLD,157.8800048828125,157.8800048828125
2022-10-10,GLD,155.47999572753906,155.47999572753906
2022-10-11,GLD,155.16000366210938,155.16000366210938
2022-10-12,GLD,155.99000549316406,155.99000549316406
2022-10-13,GLD,154.91000366210938,154.91000366210938
2022-10-14,GLD,152.97999572753906,152.97999572753906
2022-10-17,GLD,153.4199981689453,153.4199981689453
2022-10-18,GLD,153.75,153.75
2022-10-19,GLD,151.69000244140625,151.69000244140625
2022-10-20,GLD,151.4499969482422,151.4499969482422
2022-10-21,GLD,154.14999389648438,154.14999389648438
2022-10-24,GLD,153.64999389648438,153.64999389648438
2022-10-25,GLD,154,154
2022-10-26,GLD,154.97999572753906,154.97999572753906
2022-10-27,GLD,154.74000549316406,154.74000549316406
2022-10-28,GLD,153.16000366210938,153.16000366210938
2022-10-31,GLD,151.91000366210938,151.91000366210938
2022-11-01,GLD,153.4600067138672,153.4600067138672
2022-11-02,GLD,152.38999938964844,152.38999938964844
2022-11-03,GLD,151.80999755859375,151.80999755859375
2022-11-04,GLD,156.47000122070312,156.47000122070312
2022-11-07,GLD,155.85000610351562,155.85000610351562
2022-11-08,GLD,159.4499969482422,159.4499969482422
2022-11-09,GLD,158.64999389648438,158.64999389648438
2022-11-10,GLD,163.47999572753906,163.47999572753906
2022-11-11,GLD,164.55999755859375,164.55999755859375
2022-11-14,GLD,164.9199981689453,164.9199981689453
2022-11-15,GLD,165.5,165.5
2022-11-16,GLD,165.1199951171875,165.1199951171875
2022-11-17,GLD,163.9199981689453,163.9199981689453
2022-11-18,GLD,162.7899932861328,162.7899932861328
2022-11-21,GLD,161.8800048828125,161.8800048828125
2022-11-22,GLD,162.07000732421875,162.07000732421875
2022-11-23,GLD,163.0800018310547,163.0800018310547
2022-11-25,GLD,163.22000122070312,163.22000122070312
2022-11-28,GLD,161.92999267578125,161.92999267578125
2022-11-29,GLD,162.72999572753906,162.72999572753906
2022-11-30,GLD,164.80999755859375,164.80999755859375
2022-12-01,GLD,167.83999633789062,167.83999633789062
2022-12-02,GLD,167.25999450683594,167.25999450683594
2022-12-05,GLD,164.38999938964844,164.38999938964844
2022-12-06,GLD,164.83999633789062,164.83999633789062
2022-12-07,GLD,166.3300018310547,166.3300018310547
2022-12-08,GLD,166.47000122070312,166.47000122070312
2022-12-09,GLD,167.05999755859375,167.05999755859375
2022-12-12,GLD,165.67999267578125,165.67999267578125
2022-12-13,GLD,168.50999450683594,168.50999450683594
2022-12-14,GLD,168.10000610351562,168.10000610351562
2022-12-15,GLD,165.35000610351562,165.35000610351562
2022-12-16,GLD,166.7899932861328,166.7899932861328
2022-12-19,GLD,166.32000732421875,166.32000732421875
2022-12-20,GLD,169.0800018310547,169.0800018310547
2022-12-21,GLD,168.8000030517578,168.8000030517578
2022-12-22,GLD,166.75999450683594,166.75999450683594
2022-12-23,GLD,167.25999450683594,167.25999450683594
2022-12-27,GLD,168.6699981689453,168.6699981689453
2022-12-28,GLD,167.91000366210938,167.91000366210938
2022-12-29,GLD,168.85000610351562,168.85000610351562
2022-12-30,GLD,169.63999938964844,169.63999938964844
2023-01-03,GLD,171.05999755859375,171.05999755859375
2023-01-04,GLD,172.6699981689453,172.6699981689453
2023-01-05,GLD,170.52000427246094,170.52000427246094
2023-01-06,GLD,173.7100067138672,173.7100067138672
2023-01-09,GLD,174.10000610351562,174.10000610351562
2023-01-10,GLD,174.74000549316406,174.74000549316406
2023-01-11,GLD,174.6199951171875,174.6199951171875
2023-01-12,GLD,176.63999938964844,176.63999938964844
2023-01-13,GLD,178.75999450683594,178.75999450683594
2023-01-17,GLD,177.58999633789062,177.58999633789062
2023-01-18,GLD,177.0800018310547,177.0800018310547
2023-01-19,GLD,179.88999938964844,179.88999938964844
2023-01-20,GLD,179.2899932861328,179.2899932861328
2023-01-23,GLD,179.6300048828125,179.6300048828125
2023-01-24,GLD,180.27999877929688,180.27999877929688
2023-01-25,GLD,181.11000061035156,181.11000061035156
2023-01-26,GLD,179.47000122070312,179.47000122070312
2023-01-27,GLD,179.22000122070312,179.22000122070312
2023-01-30,GLD,178.75999450683594,178.75999450683594
2023-01-31,GLD,179.41000366210938,179.41000366210938
2023-02-01,GLD,181.6699981689453,181.6699981689453
2023-02-02,GLD,177.89999389648438,177.89999389648438
2023-02-03,GLD,173.4600067138672,173.4600067138672
2023-02-06,GLD,173.82000732421875,173.82000732421875
2023-02-07,GLD,173.97999572753906,173.97999572753906
2023-02-08,GLD,174.41000366210938,174.41000366210938
2023-02-09,GLD,173.02999877929688,173.02999877929688
2023-02-10,GLD,173.36000061035156,173.36000061035156
2023-02-13,GLD,172.47999572753906,172.47999572753906
2023-02-14,GLD,172.61000061035156,172.61000061035156
2023-02-15,GLD,170.88999938964844,170.88999938964844
2023-02-16,GLD,170.75,170.75
2023-02-17,GLD,171.25999450683594,171.25999450683594
2023-02-21,GLD,170.6199951171875,170.6199951171875
2023-02-22,GLD,169.66000366210938,169.66000366210938
2023-02-23,GLD,169.57000732421875,169.57000732421875
2023-02-24,GLD,168.35000610351562,168.35000610351562
2023-02-27,GLD,169.00999450683594,169.00999450683594
2023-02-28,GLD,169.77999877929688,169.77999877929688
2023-03-01,GLD,170.75999450683594,170.75999450683594
2023-03-02,GLD,170.66000366210938,170.66000366210938
2023-03-03,GLD,172.49000549316406,172.49000549316406
2023-03-06,GLD,171.6199951171875,171.6199951171875
2023-03-07,GLD,168.6199951171875,168.6199951171875
2023-03-08,GLD,168.5399932861328,168.5399932861328
2023-03-09,GLD,170.1999969482422,170.1999969482422
2023-03-10,GLD,173.8699951171875,173.8699951171875
2023-03-13,GLD,177.86000061035156,177.86000061035156
2023-03-14,GLD,176.8300018310547,176.8300018310547
2023-03-15,GLD,178.2100067138672,178.2100067138672
2023-03-16,GLD,178.57000732421875,178.57000732421875
2023-03-17,GLD,183.77000427246094,183.77000427246094
2023-03-20,GLD,183.83999633789062,183.83999633789062
2023-03-21,GLD,180.3699951171875,180.3699951171875
2023-03-22,GLD,183.44000244140625,183.44000244140625
2023-03-23,GLD,185.74000549316406,185.74000549316406
2023-03-24,GLD,183.64999389648438,183.64999389648438
2023-03-27,GLD,181.9499969482422,181.9499969482422
2023-03-28,GLD,183.44000244140625,183.44000244140625
2023-03-29,GLD,182.52999877929688,182.52999877929688
2023-03-30,GLD,184.17999267578125,184.17999267578125
2023-03-31,GLD,183.22000122070312,183.22000122070312
2023-04-03,GLD,184.5399932861328,184.5399932861328
2023-04-04,GLD,187.97999572753906,187.97999572753906
2023-04-05,GLD,187.8300018310547,187.8300018310547
2023-04-06,GLD,186.49000549316406,186.49000549316406
2023-04-10,GLD,185.11000061035156,185.11000061035156
2023-04-11,GLD,186.27999877929688,186.27999877929688
2023-04-12,GLD,187.19000244140625,187.19000244140625
2023-04-13,GLD,189.72000122070312,189.72000122070312
2023-04-14,GLD,186.36000061035156,186.36000061035156
2023-04-17,GLD,185.52999877929688,185.52999877929688
2023-04-18,GLD,186.25,186.25
2023-04-19,GLD,185.36000061035156,185.36000061035156
2023-04-20,GLD,186.08999633789062,186.08999633789062
2023-04-21,GLD,184.25,184.25
2023-04-24,GLD,184.80999755859375,184.80999755859375
2023-04-25,GLD,185.75,185.75
2023-04-26,GLD,184.74000549316406,184.74000549316406
2023-04-27,GLD,184.75,184.75
2023-04-28,GLD,184.8000030517578,184.8000030517578
2023-05-01,GLD,183.97000122070312,183.97000122070312
2023-05-02,GLD,187.52000427246094,187.52000427246094
2023-05-03,GLD,189.11000061035156,189.11000061035156
2023-05-04,GLD,190.44000244140625,190.44000244140625
2023-05-05,GLD,187.4600067138672,187.4600067138672
2023-05-08,GLD,187.69000244140625,187.69000244140625
2023-05-09,GLD,189.02000427246094,189.02000427246094
2023-05-10,GLD,188.75,188.75
2023-05-11,GLD,187.1300048828125,187.1300048828125
2023-05-12,GLD,186.80999755859375,186.80999755859375
2023-05-15,GLD,187.2100067138672,187.2100067138672
2023-05-16,GLD,184.8699951171875,184.8699951171875
2023-05-17,GLD,184.22999572753906,184.22999572753906
2023-05-18,GLD,181.83999633789062,181.83999633789062
2023-05-19,GLD,183.63999938964844,183.63999938964844
2023-05-22,GLD,183.2100067138672,183.2100067138672
2023-05-23,GLD,183.42999267578125,183.42999267578125
2023-05-24,GLD,181.9499969482422,181.9499969482422
2023-05-25,GLD,180.1999969482422,180.1999969482422
2023-05-26,GLD,180.9199981689453,180.9199981689453
2023-05-30,GLD,182.0399932861328,182.0399932861328
2023-05-31,GLD,182.32000732421875,182.32000732421875
2023-06-01,GLD,183.75999450683594,183.75999450683594
2023-06-02,GLD,181.0500030517578,181.0500030517578
2023-06-05,GLD,182.13999938964844,182.13999938964844
2023-06-06,GLD,182.33999633789062,182.33999633789062
2023-06-07,GLD,180.14999389648438,180.14999389648438
2023-06-08,GLD,182.52999877929688,182.52999877929688
2023-06-09,GLD,182.0399932861328,182.0399932861328
2023-06-12,GLD,181.8800048828125,181.8800048828125
2023-06-13,GLD,180.5399932861328,180.5399932861328
2023-06-14,GLD,180.63999938964844,180.63999938964844
2023-06-15,GLD,181.91000366210938,181.91000366210938
2023-06-16,GLD,181.6300048828125,181.6300048828125
2023-06-20,GLD,179.75,179.75
2023-06-21,GLD,179.49000549316406,179.49000549316406
2023-06-22,GLD,177.7100067138672,177.7100067138672
2023-06-23,GLD,178.1999969482422,178.1999969482422
2023-06-26,GLD,178.50999450683594,178.50999450683594
2023-06-27,GLD,177.69000244140625,177.69000244140625
2023-06-28,GLD,177.27999877929688,177.27999877929688
2023-06-29,GLD,177.08999633789062,177.08999633789062
2023-06-30,GLD,178.27000427246094,178.27000427246094
2023-07-03,GLD,178.47000122070312,178.47000122070312
2023-07-05,GLD,177.83999633789062,177.83999633789062
2023-07-06,GLD,177.30999755859375,177.30999755859375
2023-07-07,GLD,178.63999938964844,178.63999938964844
2023-07-10,GLD,178.77999877929688,178.77999877929688
2023-07-11,GLD,179.4499969482422,179.4499969482422
2023-07-12,GLD,181.8800048828125,181.8800048828125
2023-07-13,GLD,182.00999450683594,182.00999450683594
2023-07-14,GLD,181.42999267578125,181.42999267578125
2023-07-17,GLD,181.55999755859375,181.55999755859375
2023-07-18,GLD,183.63999938964844,183.63999938964844
2023-07-19,GLD,183.6699981689453,183.6699981689453
2023-07-20,GLD,182.74000549316406,182.74000549316406
2023-07-21,GLD,182.17999267578125,182.17999267578125
2023-07-24,GLD,181.39999389648438,181.39999389648438
2023-07-25,GLD,182.41000366210938,182.41000366210938
2023-07-26,GLD,183.3000030517578,183.3000030517578
2023-07-27,GLD,180.4199981689453,180.4199981689453
2023-07-28,GLD,181.86000061035156,181.86000061035156
2023-07-31,GLD,182.35000610351562,182.35000610351562
2023-08-01,GLD,180.4600067138672,180.4600067138672
2023-08-02,GLD,179.60000610351562,179.60000610351562
2023-08-03,GLD,179.5399932861328,179.5399932861328
2023-08-04,GLD,180.19000244140625,180.19000244140625
2023-08-07,GLD,179.77999877929688,179.77999877929688
2023-08-08,GLD,178.63999938964844,178.63999938964844
2023-08-09,GLD,177.7899932861328,177.7899932861328
2023-08-10,GLD,177.60000610351562,177.60000610351562
2023-08-11,GLD,177.60000610351562,177.60000610351562
2023-08-14,GLD,177.05999755859375,177.05999755859375
2023-08-15,GLD,176.58999633789062,176.58999633789062
2023-08-16,GLD,175.57000732421875,175.57000732421875
2023-08-17,GLD,175.3000030517578,175.3000030517578
2023-08-18,GLD,175.3300018310547,175.3300018310547
2023-08-21,GLD,175.80999755859375,175.80999755859375
2023-08-22,GLD,176.10000610351562,176.10000610351562
2023-08-23,GLD,177.88999938964844,177.88999938964844
2023-08-24,GLD,177.85000610351562,177.85000610351562
2023-08-25,GLD,177.6199951171875,177.6199951171875
2023-08-28,GLD,178.1300048828125,178.1300048828125
2023-08-29,GLD,179.8699951171875,179.8699951171875
2023-08-30,GLD,180.32000732421875,180.32000732421875
2023-08-31,GLD,180.02000427246094,180.02000427246094
2023-09-01,GLD,180.11000061035156,180.11000061035156
2023-09-05,GLD,178.63999938964844,178.63999938964844
2023-09-06,GLD,177.8300018310547,177.8300018310547
2023-09-07,GLD,178.02000427246094,178.02000427246094
2023-09-08,GLD,178.0800018310547,178.0800018310547
2023-09-11,GLD,178.41000366210938,178.41000366210938
2023-09-12,GLD,177.49000549316406,177.49000549316406
2023-09-13,GLD,177.0800018310547,177.0800018310547
2023-09-14,GLD,177.1699981689453,177.1699981689453
2023-09-15,GLD,178.33999633789062,178.33999633789062
2023-09-18,GLD,179.38999938964844,179.38999938964844
2023-09-19,GLD,179.22000122070312,179.22000122070312
2023-09-20,GLD,179.35000610351562,179.35000610351562
2023-09-21,GLD,178.0500030517578,178.0500030517578
2023-09-22,GLD,178.6199951171875,178.6199951171875
2023-09-25,GLD,177.6999969482422,177.6999969482422
2023-09-26,GLD,176.27999877929688,176.27999877929688
2023-09-27,GLD,174.10000610351562,174.10000610351562
2023-09-28,GLD,173.22999572753906,173.22999572753906
2023-09-29,GLD,171.4499969482422,171.4499969482422
2023-10-02,GLD,169.64999389648438,169.64999389648438
2023-10-03,GLD,169.16000366210938,169.16000366210938
2023-10-04,GLD,169.13999938964844,169.13999938964844
2023-10-05,GLD,168.8300018310547,168.8300018310547
2023-10-06,GLD,169.6999969482422,169.6999969482422
2023-10-09,GLD,172.82000732421875,172.82000732421875
2023-10-10,GLD,172.52999877929688,172.52999877929688
2023-10-11,GLD,173.7899932861328,173.7899932861328
2023-10-12,GLD,173.25999450683594,173.25999450683594
2023-10-13,GLD,178.8300018310547,178.8300018310547
2023-10-16,GLD,177.9600067138672,177.9600067138672
2023-10-17,GLD,178.2899932861328,178.2899932861328
2023-10-18,GLD,180.8699951171875,180.8699951171875
2023-10-19,GLD,183.08999633789062,183.08999633789062
2023-10-20,GLD,183.58999633789062,183.58999633789062
2023-10-23,GLD,182.97000122070312,182.97000122070312
2023-10-24,GLD,182.9499969482422,182.9499969482422
2023-10-25,GLD,183.72000122070312,183.72000122070312
2023-10-26,GLD,184.00999450683594,184.00999450683594
2023-10-27,GLD,186.14999389648438,186.14999389648438
2023-10-30,GLD,185.10000610351562,185.10000610351562
2023-10-31,GLD,184.08999633789062,184.08999633789062
2023-11-01,GLD,183.50999450683594,183.50999450683594
2023-11-02,GLD,184.1199951171875,184.1199951171875
2023-11-03,GLD,184.7899932861328,184.7899932861328
2023-11-06,GLD,183.35000610351562,183.35000610351562
2023-11-07,GLD,182.58999633789062,182.58999633789062
2023-11-08,GLD,180.77000427246094,180.77000427246094
2023-11-09,GLD,181.49000549316406,181.49000549316406
2023-11-10,GLD,179.50999450683594,179.50999450683594
2023-11-13,GLD,180.50999450683594,180.50999450683594
2023-11-14,GLD,182.1199951171875,182.1199951171875
2023-11-15,GLD,181.63999938964844,181.63999938964844
2023-11-16,GLD,183.69000244140625,183.69000244140625
2023-11-17,GLD,183.6699981689453,183.6699981689453
2023-11-20,GLD,183.3699951171875,183.3699951171875
2023-11-21,GLD,185.35000610351562,185.35000610351562
2023-11-22,GLD,184.55999755859375,184.55999755859375
2023-11-24,GLD,185.52000427246094,185.52000427246094
2023-11-27,GLD,186.77000427246094,186.77000427246094
2023-11-28,GLD,189.25999450683594,189.25999450683594
2023-11-29,GLD,189.5399932861328,189.5399932861328
2023-11-30,GLD,188.75,188.75
2023-12-01,GLD,192.00999450683594,192.00999450683594
2023-12-04,GLD,187.86000061035156,187.86000061035156
2023-12-05,GLD,187.14999389648438,187.14999389648438
2023-12-06,GLD,187.83999633789062,187.83999633789062
2023-12-07,GLD,188.14999389648438,188.14999389648438
2023-12-08,GLD,185.63999938964844,185.63999938964844
2023-12-11,GLD,183.58999633789062,183.58999633789062
2023-12-12,GLD,183.49000549316406,183.49000549316406
2023-12-13,GLD,187.6300048828125,187.6300048828125
2023-12-14,GLD,188.72999572753906,188.72999572753906
2023-12-15,GLD,187,187
2023-12-18,GLD,187.85000610351562,187.85000610351562
2023-12-19,GLD,189.1300048828125,189.1300048828125
2023-12-20,GLD,188.10000610351562,188.10000610351562
2023-12-21,GLD,189.42999267578125,189.42999267578125
2023-12-22,GLD,190.27000427246094,190.27000427246094
2023-12-26,GLD,191.72000122070312,191.72000122070312
2023-12-27,GLD,192.58999633789062,192.58999633789062
2023-12-28,GLD,191.47000122070312,191.47000122070312
2023-12-29,GLD,191.1699981689453,191.1699981689453
2024-01-02,GLD,190.72000122070312,190.72000122070312
2024-01-03,GLD,189.1300048828125,189.1300048828125
2024-01-04,GLD,189.32000732421875,189.32000732421875
2024-01-05,GLD,189.35000610351562,189.35000610351562
2024-01-08,GLD,187.8699951171875,187.8699951171875
2024-01-09,GLD,187.92999267578125,187.92999267578125
2024-01-10,GLD,187.5,187.5
2024-01-11,GLD,187.8699951171875,187.8699951171875
2024-01-12,GLD,189.7100067138672,189.7100067138672
2024-01-16,GLD,187.91000366210938,187.91000366210938
2024-01-17,GLD,185.83999633789062,185.83999633789062
2024-01-18,GLD,187.3699951171875,187.3699951171875
2024-01-19,GLD,187.92999267578125,187.92999267578125
2024-01-22,GLD,187.22000122070312,187.22000122070312
2024-01-23,GLD,187.9499969482422,187.9499969482422
2024-01-24,GLD,186.39999389648438,186.39999389648438
2024-01-25,GLD,187.13999938964844,187.13999938964844
2024-01-26,GLD,187.00999450683594,187.00999450683594
2024-01-29,GLD,188.3300018310547,188.3300018310547
2024-01-30,GLD,188.58999633789062,188.58999633789062
2024-01-31,GLD,188.4499969482422,188.4499969482422
2024-02-01,GLD,190.41000366210938,190.41000366210938
2024-02-02,GLD,188.61000061035156,188.61000061035156
2024-02-05,GLD,187.57000732421875,187.57000732421875
2024-02-06,GLD,188.5500030517578,188.5500030517578
2024-02-07,GLD,188.5,188.5
2024-02-08,GLD,188.3300018310547,188.3300018310547
2024-02-09,GLD,187.60000610351562,187.60000610351562
2024-02-12,GLD,187.11000061035156,187.11000061035156
2024-02-13,GLD,184.52999877929688,184.52999877929688
2024-02-14,GLD,184.4199981689453,184.4199981689453
2024-02-15,GLD,185.66000366210938,185.66000366210938
2024-02-16,GLD,186.33999633789062,186.33999633789062
2024-02-20,GLD,187.47000122070312,187.47000122070312
2024-02-21,GLD,187.47999572753906,187.47999572753906
2024-02-22,GLD,187.55999755859375,187.55999755859375
2024-02-23,GLD,188.6199951171875,188.6199951171875
2024-02-26,GLD,188.1999969482422,188.1999969482422
2024-02-27,GLD,188,188
2024-02-28,GLD,188.33999633789062,188.33999633789062
2024-02-29,GLD,189.30999755859375,189.30999755859375
2024-03-01,GLD,192.88999938964844,192.88999938964844
2024-03-04,GLD,196.00999450683594,196.00999450683594
2024-03-05,GLD,197.19000244140625,197.19000244140625
2024-03-06,GLD,198.80999755859375,198.80999755859375
2024-03-07,GLD,199.94000244140625,199.94000244140625
2024-03-08,GLD,201.6300048828125,201.6300048828125
2024-03-11,GLD,202,202
2024-03-12,GLD,199.7899932861328,199.7899932861328
2024-03-13,GLD,201.19000244140625,201.19000244140625
2024-03-14,GLD,200.35000610351562,200.35000610351562
2024-03-15,GLD,199.7100067138672,199.7100067138672
2024-03-18,GLD,200.02999877929688,200.02999877929688
2024-03-19,GLD,199.8000030517578,199.8000030517578
2024-03-20,GLD,202.17999267578125,202.17999267578125
2024-03-21,GLD,201.97000122070312,201.97000122070312
2024-03-22,GLD,200.35000610351562,200.35000610351562
2024-03-25,GLD,200.99000549316406,200.99000549316406
2024-03-26,GLD,201.63999938964844,201.63999938964844
2024-03-27,GLD,203.10000610351562,203.10000610351562
2024-03-28,GLD,205.72000122070312,205.72000122070312
2024-04-01,GLD,207.82000732421875,207.82000732421875
2024-04-02,GLD,210.88999938964844,210.88999938964844
2024-04-03,GLD,212.74000549316406,212.74000549316406
2024-04-04,GLD,211.52000427246094,211.52000427246094
2024-04-05,GLD,215.13999938964844,215.13999938964844
2024-04-08,GLD,216.47999572753906,216.47999572753906
2024-04-09,GLD,217.6699981689453,217.6699981689453
2024-04-10,GLD,215.61000061035156,215.61000061035156
2024-04-11,GLD,219.8000030517578,219.8000030517578
2024-04-12,GLD,216.88999938964844,216.88999938964844
2024-04-15,GLD,220.9499969482422,220.9499969482422
2024-04-16,GLD,221.22000122070312,221.22000122070312
2024-04-17,GLD,219.58999633789062,219.58999633789062
2024-04-18,GLD,220.33999633789062,220.33999633789062
2024-04-19,GLD,221.02999877929688,221.02999877929688
2024-04-22,GLD,215.57000732421875,215.57000732421875
2024-04-23,GLD,215.0399932861328,215.0399932861328
2024-04-24,GLD,214.63999938964844,214.63999938964844
2024-04-25,GLD,215.9199981689453,215.9199981689453
2024-04-26,GLD,216.6199951171875,216.6199951171875
2024-04-29,GLD,216.17999267578125,216.17999267578125
2024-04-30,GLD,211.8699951171875,211.8699951171875
2024-05-01,GLD,213.7899932861328,213.7899932861328
2024-05-02,GLD,213.1300048828125,213.1300048828125
2024-05-03,GLD,212.9600067138672,212.9600067138672
2024-05-06,GLD,215.1999969482422,215.1999969482422
2024-05-07,GLD,214.2100067138672,214.2100067138672
2024-05-08,GLD,213.5800018310547,213.5800018310547
2024-05-09,GLD,216.9499969482422,216.9499969482422
2024-05-10,GLD,218.7100067138672,218.7100067138672
2024-05-13,GLD,216.25999450683594,216.25999450683594
2024-05-14,GLD,218.08999633789062,218.08999633789062
2024-05-15,GLD,220.88999938964844,220.88999938964844
2024-05-16,GLD,220.02999877929688,220.02999877929688
2024-05-17,GLD,223.66000366210938,223.66000366210938
2024-05-20,GLD,224.55999755859375,224.55999755859375
2024-05-21,GLD,224.22999572753906,224.22999572753906
2024-05-22,GLD,220.11000061035156,220.11000061035156
2024-05-23,GLD,215.72000122070312,215.72000122070312
2024-05-24,GLD,215.9199981689453,215.9199981689453
2024-05-28,GLD,218.19000244140625,218.19000244140625
2024-05-29,GLD,216.16000366210938,216.16000366210938
2024-05-30,GLD,216.57000732421875,216.57000732421875
2024-05-31,GLD,215.3000030517578,215.3000030517578
2024-06-03,GLD,217.22000122070312,217.22000122070312
2024-06-04,GLD,215.27000427246094,215.27000427246094
2024-06-05,GLD,217.82000732421875,217.82000732421875
2024-06-06,GLD,219.42999267578125,219.42999267578125
2024-06-07,GLD,211.60000610351562,211.60000610351562
2024-06-10,GLD,213.5399932861328,213.5399932861328
2024-06-11,GLD,214.14999389648438,214.14999389648438
2024-06-12,GLD,214.72000122070312,214.72000122070312
2024-06-13,GLD,212.97000122070312,212.97000122070312
2024-06-14,GLD,215.72999572753906,215.72999572753906
2024-06-17,GLD,214.61000061035156,214.61000061035156
2024-06-18,GLD,215.47000122070312,215.47000122070312
2024-06-20,GLD,218.16000366210938,218.16000366210938
2024-06-21,GLD,214.77999877929688,214.77999877929688
2024-06-24,GLD,215.6300048828125,215.6300048828125
2024-06-25,GLD,214.55999755859375,214.55999755859375
2024-06-26,GLD,212.5800018310547,212.5800018310547
2024-06-27,GLD,214.99000549316406,214.99000549316406
2024-06-28,GLD,215.00999450683594,215.00999450683594
2024-07-01,GLD,215.57000732421875,215.57000732421875
2024-07-02,GLD,215.55999755859375,215.55999755859375
2024-07-03,GLD,217.99000549316406,217.99000549316406
2024-07-05,GLD,220.92999267578125,220.92999267578125
2024-07-08,GLD,218.19000244140625,218.19000244140625
2024-07-09,GLD,218.55999755859375,218.55999755859375
2024-07-10,GLD,219.36000061035156,219.36000061035156
2024-07-11,GLD,223.25,223.25
2024-07-12,GLD,223.11000061035156,223.11000061035156
2024-07-15,GLD,223.8300018310547,223.8300018310547
2024-07-16,GLD,228.2899932861328,228.2899932861328
2024-07-17,GLD,227.22999572753906,227.22999572753906
2024-07-18,GLD,225.77999877929688,225.77999877929688
2024-07-19,GLD,221.72999572753906,221.72999572753906
2024-07-22,GLD,221.8000030517578,221.8000030517578
2024-07-23,GLD,222.5800018310547,222.5800018310547
2024-07-24,GLD,221.8000030517578,221.8000030517578
2024-07-25,GLD,218.3300018310547,218.3300018310547
2024-07-26,GLD,220.6300048828125,220.6300048828125
2024-07-29,GLD,220.32000732421875,220.32000732421875
2024-07-30,GLD,222.52000427246094,222.52000427246094
2024-07-31,GLD,226.5500030517578,226.5500030517578
2024-08-01,GLD,225.77000427246094,225.77000427246094
2024-08-02,GLD,225.33999633789062,225.33999633789062
2024-08-05,GLD,222.47999572753906,222.47999572753906
2024-08-06,GLD,220.6999969482422,220.6999969482422
2024-08-07,GLD,220.5500030517578,220.5500030517578
2024-08-08,GLD,224.00999450683594,224.00999450683594
2024-08-09,GLD,224.55999755859375,224.55999755859375
2024-08-12,GLD,228.41000366210938,228.41000366210938
2024-08-13,GLD,228.05999755859375,228.05999755859375
2024-08-14,GLD,226.1999969482422,226.1999969482422
2024-08-15,GLD,226.91000366210938,226.91000366210938
2024-08-16,GLD,231.99000549316406,231.99000549316406
2024-08-19,GLD,231.61000061035156,231.61000061035156
2024-08-20,GLD,232.4600067138672,232.4600067138672
2024-08-21,GLD,232.14999389648438,232.14999389648438
2024-08-22,GLD,229.3699951171875,229.3699951171875
2024-08-23,GLD,232.02000427246094,232.02000427246094
2024-08-26,GLD,232.75999450683594,232.75999450683594
2024-08-27,GLD,233.38999938964844,233.38999938964844
2024-08-28,GLD,231.75,231.75
2024-08-29,GLD,232.9499969482422,232.9499969482422
2024-08-30,GLD,231.2899932861328,231.2899932861328
2024-09-03,GLD,230.2899932861328,230.2899932861328
2024-09-04,GLD,230.42999267578125,230.42999267578125
2024-09-05,GLD,232.35000610351562,232.35000610351562
2024-09-06,GLD,230.6300048828125,230.6300048828125
2024-09-09,GLD,231.60000610351562,231.60000610351562
2024-09-10,GLD,232.6199951171875,232.6199951171875
2024-09-11,GLD,232.25,232.25
2024-09-12,GLD,236.3300018310547,236.3300018310547
2024-09-13,GLD,238.67999267578125,238.67999267578125
2024-09-16,GLD,238.66000366210938,238.66000366210938
2024-09-17,GLD,237.33999633789062,237.33999633789062
2024-09-18,GLD,235.50999450683594,235.50999450683594
2024-09-19,GLD,239.1699981689453,239.1699981689453
2024-09-20,GLD,242.2100067138672,242.2100067138672
2024-09-23,GLD,242.67999267578125,242.67999267578125
2024-09-24,GLD,246.07000732421875,246.07000732421875
2024-09-25,GLD,245.72999572753906,245.72999572753906
2024-09-26,GLD,246.97999572753906,246.97999572753906
2024-09-27,GLD,245.02000427246094,245.02000427246094
2024-09-30,GLD,243.05999755859375,243.05999755859375
2024-10-01,GLD,245.61000061035156,245.61000061035156
2024-10-02,GLD,245.66000366210938,245.66000366210938
2024-10-03,GLD,245.49000549316406,245.49000549316406
2024-10-04,GLD,245,245
2024-10-07,GLD,244.1699981689453,244.1699981689453
2024-10-08,GLD,242.3699951171875,242.3699951171875
2024-10-09,GLD,241.0500030517578,241.0500030517578
2024-10-10,GLD,242.82000732421875,242.82000732421875
2024-10-11,GLD,245.47000122070312,245.47000122070312
2024-10-14,GLD,245.07000732421875,245.07000732421875
2024-10-15,GLD,245.9199981689453,245.9199981689453
2024-10-16,GLD,247.14999389648438,247.14999389648438
2024-10-17,GLD,248.6300048828125,248.6300048828125
2024-10-18,GLD,251.27000427246094,251.27000427246094
2024-10-21,GLD,251.22000122070312,251.22000122070312
2024-10-22,GLD,253.92999267578125,253.92999267578125
2024-10-23,GLD,250.8699951171875,250.8699951171875
2024-10-24,GLD,252.8000030517578,252.8000030517578
2024-10-25,GLD,253.32000732421875,253.32000732421875
2024-10-28,GLD,253.3300018310547,253.3300018310547
2024-10-29,GLD,256.0899963378906,256.0899963378906
2024-10-30,GLD,257.5,257.5
2024-10-31,GLD,253.50999450683594,253.50999450683594
2024-11-01,GLD,252.47000122070312,252.47000122070312
2024-11-04,GLD,252.8300018310547,252.8300018310547
2024-11-05,GLD,253.39999389648438,253.39999389648438
2024-11-06,GLD,245.6999969482422,245.6999969482422
2024-11-07,GLD,249.64999389648438,249.64999389648438
2024-11-08,GLD,247.9600067138672,247.9600067138672
2024-11-11,GLD,242.13999938964844,242.13999938964844
2024-11-12,GLD,240.0500030517578,240.0500030517578
2024-11-13,GLD,237.6300048828125,237.6300048828125
2024-11-14,GLD,237.00999450683594,237.00999450683594
2024-11-15,GLD,236.58999633789062,236.58999633789062
2024-11-18,GLD,241.08999633789062,241.08999633789062
2024-11-19,GLD,243.25,243.25
2024-11-20,GLD,244.6199951171875,244.6199951171875
2024-11-21,GLD,246.66000366210938,246.66000366210938
2024-11-22,GLD,249.83999633789062,249.83999633789062
2024-11-25,GLD,242.47999572753906,242.47999572753906
2024-11-26,GLD,242.9499969482422,242.9499969482422
2024-11-27,GLD,243.49000549316406,243.49000549316406
2024-11-29,GLD,245.58999633789062,245.58999633789062
2024-12-02,GLD,243.44000244140625,243.44000244140625
2024-12-03,GLD,243.92999267578125,243.92999267578125
2024-12-04,GLD,244.6699981689453,244.6699981689453
2024-12-05,GLD,242.86000061035156,242.86000061035156
2024-12-06,GLD,242.9499969482422,242.9499969482422
2024-12-09,GLD,245.36000061035156,245.36000061035156
2024-12-10,GLD,248.58999633789062,248.58999633789062
2024-12-11,GLD,250.9600067138672,250.9600067138672
2024-12-12,GLD,247.27999877929688,247.27999877929688
2024-12-13,GLD,244.2899932861328,244.2899932861328
2024-12-16,GLD,244.8800048828125,244.8800048828125
2024-12-17,GLD,243.94000244140625,243.94000244140625
2024-12-18,GLD,239.25999450683594,239.25999450683594
2024-12-19,GLD,239.60000610351562,239.60000610351562
2024-12-20,GLD,242.10000610351562,242.10000610351562
2024-12-23,GLD,240.9600067138672,240.9600067138672
2024-12-24,GLD,241.44000244140625,241.44000244140625
2024-12-26,GLD,243.07000732421875,243.07000732421875
2024-12-27,GLD,241.39999389648438,241.39999389648438
2024-12-30,GLD,240.6300048828125,240.6300048828125
2024-12-31,GLD,242.1300048828125,242.1300048828125
2025-01-02,GLD,245.4199981689453,245.4199981689453
2025-01-03,GLD,243.49000549316406,243.49000549316406
2025-01-06,GLD,243.19000244140625,243.19000244140625
2025-01-07,GLD,244.55999755859375,244.55999755859375
2025-01-08,GLD,245.86000061035156,245.86000061035156
2025-01-10,GLD,248.2100067138672,248.2100067138672
2025-01-13,GLD,245.74000549316406,245.74000549316406
2025-01-14,GLD,247.02999877929688,247.02999877929688
2025-01-15,GLD,248.8800048828125,248.8800048828125
2025-01-16,GLD,250.60000610351562,250.60000610351562
2025-01-17,GLD,249.27000427246094,249.27000427246094
2025-01-21,GLD,253.1300048828125,253.1300048828125
2025-01-22,GLD,254.42999267578125,254.42999267578125
2025-01-23,GLD,254.07000732421875,254.07000732421875
2025-01-24,GLD,255.64999389648438,255.64999389648438
2025-01-27,GLD,252.99000549316406,252.99000549316406
2025-01-28,GLD,255.17999267578125,255.17999267578125
2025-01-29,GLD,254.1999969482422,254.1999969482422
2025-01-30,GLD,258.04998779296875,258.04998779296875
2025-01-31,GLD,258.55999755859375,258.55999755859375
2025-02-03,GLD,259.94000244140625,259.94000244140625
2025-02-04,GLD,262.5,262.5
2025-02-05,GLD,264.1300048828125,264.1300048828125
2025-02-06,GLD,263.42999267578125,263.42999267578125
2025-02-07,GLD,263.8999938964844,263.8999938964844
2025-02-10,GLD,268.3699951171875,268.3699951171875
2025-02-11,GLD,267.3900146484375,267.3900146484375
2025-02-12,GLD,267.6700134277344,267.6700134277344
2025-02-13,GLD,270.30999755859375,270.30999755859375
2025-02-14,GLD,266.2900085449219,266.2900085449219
2025-02-18,GLD,270.70001220703125,270.70001220703125
2025-02-19,GLD,270.8500061035156,270.8500061035156
2025-02-20,GLD,270.989990234375,270.989990234375
2025-02-21,GLD,270.739990234375,270.739990234375
2025-02-24,GLD,272.2099914550781,272.2099914550781
2025-02-25,GLD,268.6199951171875,268.6199951171875
2025-02-26,GLD,269.0299987792969,269.0299987792969
2025-02-27,GLD,264.92999267578125,264.92999267578125
2025-02-28,GLD,263.2699890136719,263.2699890136719
2025-03-03,GLD,266.739990234375,266.739990234375
2025-03-04,GLD,269.05999755859375,269.05999755859375
2025-03-05,GLD,269.6199951171875,269.6199951171875
2025-03-06,GLD,268.25,268.25
2025-03-07,GLD,268.3900146484375,268.3900146484375
2025-03-10,GLD,266.0400085449219,266.0400085449219
2025-03-11,GLD,269.1600036621094,269.1600036621094
2025-03-12,GLD,270.3299865722656,270.3299865722656
2025-03-13,GLD,275.1300048828125,275.1300048828125
2025-03-14,GLD,275.239990234375,275.239990234375
2025-03-17,GLD,276.7300109863281,276.7300109863281
2025-03-18,GLD,279.9599914550781,279.9599914550781
2025-03-19,GLD,281.1099853515625,281.1099853515625
2025-03-20,GLD,280.75,280.75
2025-03-21,GLD,278.489990234375,278.489990234375
2025-03-24,GLD,277.25,277.25
2025-03-25,GLD,278.4700012207031,278.4700012207031
2025-03-26,GLD,278.239990234375,278.239990234375
2025-03-27,GLD,281.9700012207031,281.9700012207031
2025-03-28,GLD,284.05999755859375,284.05999755859375
2025-03-31,GLD,288.1400146484375,288.1400146484375
2025-04-01,GLD,287.57000732421875,287.57000732421875
2025-04-02,GLD,288.1600036621094,288.1600036621094
2025-04-03,GLD,286.4200134277344,286.4200134277344
2025-04-04,GLD,279.7200012207031,279.7200012207031
2025-04-07,GLD,273.7099914550781,273.7099914550781
2025-04-08,GLD,275.20001220703125,275.20001220703125
2025-04-09,GLD,285.3800048828125,285.3800048828125
2025-04-10,GLD,292.3500061035156,292.3500061035156
2025-04-11,GLD,297.92999267578125,297.92999267578125
2025-04-14,GLD,296.2300109863281,296.2300109863281
2025-04-15,GLD,297.7799987792969,297.7799987792969
2025-04-16,GLD,307.4700012207031,307.4700012207031
2025-04-17,GLD,306.1199951171875,306.1199951171875
2025-04-21,GLD,315.5899963378906,315.5899963378906
2025-04-22,GLD,311.1099853515625,311.1099853515625
2025-04-23,GLD,303.6499938964844,303.6499938964844
2025-04-24,GLD,308.07000732421875,308.07000732421875
2025-04-25,GLD,304.7300109863281,304.7300109863281
2025-04-28,GLD,309.07000732421875,309.07000732421875
2025-04-29,GLD,306.05999755859375,306.05999755859375
2025-04-30,GLD,303.7699890136719,303.7699890136719
2025-05-01,GLD,297.4599914550781,297.4599914550781
2025-05-02,GLD,297.9800109863281,297.9800109863281
2025-05-05,GLD,306.8800048828125,306.8800048828125
2025-05-06,GLD,315.4800109863281,315.4800109863281
2025-05-07,GLD,310.75,310.75
2025-05-08,GLD,304.6300048828125,304.6300048828125
2025-05-09,GLD,306.8399963378906,306.8399963378906
2025-05-12,GLD,298.19000244140625,298.19000244140625
2025-05-13,GLD,299.4599914550781,299.4599914550781
2025-05-14,GLD,293.1600036621094,293.1600036621094
2025-05-15,GLD,297.8399963378906,297.8399963378906
2025-05-16,GLD,294.239990234375,294.239990234375
2025-05-19,GLD,298.0299987792969,298.0299987792969
2025-05-20,GLD,303.5799865722656,303.5799865722656
2025-05-21,GLD,305.82000732421875,305.82000732421875
2025-05-22,GLD,303.1099853515625,303.1099853515625
2025-05-23,GLD,309.75,309.75
2025-05-27,GLD,304.5,304.5
2025-05-28,GLD,303.80999755859375,303.80999755859375
2025-05-29,GLD,305.6099853515625,305.6099853515625
2025-05-30,GLD,303.6000061035156,303.6000061035156
2025-06-02,GLD,311.6700134277344,311.6700134277344
2025-06-03,GLD,308.9100036621094,308.9100036621094
2025-06-04,GLD,310.8999938964844,310.8999938964844
2025-06-05,GLD,309.3299865722656,309.3299865722656
2025-06-06,GLD,305.17999267578125,305.17999267578125
2025-06-09,GLD,306.6199951171875,306.6199951171875
2025-06-10,GLD,306.7099914550781,306.7099914550781
2025-06-11,GLD,308.3699951171875,308.3699951171875
2025-06-12,GLD,312.20001220703125,312.20001220703125
2025-06-13,GLD,316.2900085449219,316.2900085449219
2025-06-16,GLD,311.7799987792969,311.7799987792969
2025-06-17,GLD,311.94000244140625,311.94000244140625
2025-06-18,GLD,310.260009765625,310.260009765625
2025-06-20,GLD,310.1300048828125,310.1300048828125
2025-06-23,GLD,311.0799865722656,311.0799865722656
2025-06-24,GLD,306.19000244140625,306.19000244140625
2025-06-25,GLD,307.1199951171875,307.1199951171875
2025-06-26,GLD,306.7799987792969,306.7799987792969
2025-06-27,GLD,301.2200012207031,301.2200012207031
2025-06-30,GLD,304.8299865722656,304.8299865722656
2025-07-01,GLD,307.54998779296875,307.54998779296875
2025-07-02,GLD,309.25,309.25
2025-07-03,GLD,307.1400146484375,307.1400146484375
2025-07-07,GLD,307.3699951171875,307.3699951171875
2025-07-08,GLD,304.1600036621094,304.1600036621094
2025-07-09,GLD,305.5199890136719,305.5199890136719
2025-07-10,GLD,306.20001220703125,306.20001220703125
2025-07-11,GLD,309.1400146484375,309.1400146484375
2025-07-14,GLD,308.010009765625,308.010009765625
2025-07-15,GLD,306.7300109863281,306.7300109863281
2025-07-16,GLD,308.260009765625,308.260009765625
2025-07-17,GLD,307.5899963378906,307.5899963378906
2025-07-18,GLD,308.3900146484375,308.3900146484375
2025-07-21,GLD,313.1300048828125,313.1300048828125
2025-07-22,GLD,316.1000061035156,316.1000061035156
2025-07-23,GLD,312.17999267578125,312.17999267578125
2025-07-24,GLD,310.2699890136719,310.2699890136719
2025-07-25,GLD,307.3999938964844,307.3999938964844
2025-07-28,GLD,305.4100036621094,305.4100036621094
2025-07-29,GLD,306.25,306.25
2025-07-30,GLD,300.9599914550781,300.9599914550781
2025-07-31,GLD,302.9599914550781,302.9599914550781
2025-08-01,GLD,309.1099853515625,309.1099853515625
2025-08-04,GLD,310.9100036621094,310.9100036621094
2025-08-05,GLD,311.1600036621094,311.1600036621094
2025-08-06,GLD,310.5,310.5
2025-08-07,GLD,313.1199951171875,313.1199951171875
2025-08-08,GLD,313.04998779296875,313.04998779296875
2025-08-11,GLD,308.54998779296875,308.54998779296875
2025-08-12,GLD,308.2699890136719,308.2699890136719
2025-08-13,GLD,309.2099914550781,309.2099914550781
2025-08-14,GLD,307.25,307.25
2025-08-15,GLD,307.42999267578125,307.42999267578125
2025-08-18,GLD,306.95001220703125,306.95001220703125
2025-08-19,GLD,305.2699890136719,305.2699890136719
2025-08-20,GLD,308.3599853515625,308.3599853515625
2025-08-21,GLD,307.2900085449219,307.2900085449219
2025-08-22,GLD,310.5799865722656,310.5799865722656
2025-08-25,GLD,309.8299865722656,309.8299865722656
2025-08-26,GLD,312.0799865722656,312.0799865722656
2025-08-27,GLD,312.7099914550781,312.7099914550781
2025-08-28,GLD,315.0299987792969,315.0299987792969
2025-08-29,GLD,318.07000732421875,318.07000732421875
2025-09-02,GLD,325.5899963378906,325.5899963378906
2025-09-03,GLD,328.1400146484375,328.1400146484375
2025-09-04,GLD,326.69000244140625,326.69000244140625
2025-09-05,GLD,331.04998779296875,331.04998779296875
2025-09-08,GLD,334.82000732421875,334.82000732421875
2025-09-09,GLD,334.05999755859375,334.05999755859375
2025-09-10,GLD,335.260009765625,335.260009765625
2025-09-11,GLD,334.760009765625,334.760009765625
2025-09-12,GLD,335.4200134277344,335.4200134277344
2025-09-15,GLD,338.9100036621094,338.9100036621094
2025-09-16,GLD,339.5899963378906,339.5899963378906
2025-09-17,GLD,336.9700012207031,336.9700012207031
2025-09-18,GLD,335.6199951171875,335.6199951171875
2025-09-19,GLD,339.17999267578125,339.17999267578125
2025-09-22,GLD,345.04998779296875,345.04998779296875
2025-09-23,GLD,346.4599914550781,346.4599914550781
2025-09-24,GLD,343.32000732421875,343.32000732421875
2025-09-25,GLD,344.75,344.75
2025-09-26,GLD,346.739990234375,346.739990234375
2025-09-29,GLD,352.4599914550781,352.4599914550781
2025-09-30,GLD,355.4700012207031,355.4700012207031
2025-10-01,GLD,356.0299987792969,356.0299987792969
2025-10-02,GLD,354.7900085449219,354.7900085449219
2025-10-03,GLD,357.6400146484375,357.6400146484375
2025-10-06,GLD,364.3800048828125,364.3800048828125
2025-10-07,GLD,366.260009765625,366.260009765625
2025-10-08,GLD,372.29998779296875,372.29998779296875
2025-10-09,GLD,365.42999267578125,365.42999267578125
2025-10-10,GLD,369.1199951171875,369.1199951171875
2025-10-13,GLD,378.0899963378906,378.0899963378906
2025-10-14,GLD,380.7900085449219,380.7900085449219
2025-10-15,GLD,387.3900146484375,387.3900146484375
2025-10-16,GLD,396.45001220703125,396.45001220703125
2025-10-17,GLD,388.989990234375,388.989990234375
2025-10-20,GLD,403.1499938964844,403.1499938964844
2025-10-21,GLD,377.239990234375,377.239990234375
2025-10-22,GLD,377.2799987792969,377.2799987792969
2025-10-23,GLD,378.7900085449219,378.7900085449219
2025-10-24,GLD,377.5199890136719,377.5199890136719
2025-10-27,GLD,367.010009765625,367.010009765625
2025-10-28,GLD,364.3800048828125,364.3800048828125
2025-10-29,GLD,363,363
2025-10-30,GLD,370.1300048828125,370.1300048828125
2025-10-31,GLD,368.1199951171875,368.1199951171875
2025-11-03,GLD,368.7799987792969,368.7799987792969
2025-11-04,GLD,362.32000732421875,362.32000732421875
2025-11-05,GLD,366.510009765625,366.510009765625
2025-11-06,GLD,366.07000732421875,366.07000732421875
2025-11-07,GLD,368.30999755859375,368.30999755859375
2025-11-10,GLD,378.3800048828125,378.3800048828125
2025-11-11,GLD,379.8699951171875,379.8699951171875
2025-11-12,GLD,385.989990234375,385.989990234375
2025-11-13,GLD,382.8699951171875,382.8699951171875
2025-11-14,GLD,375.9599914550781,375.9599914550781
2025-11-17,GLD,371.6499938964844,371.6499938964844
2025-11-18,GLD,374.3500061035156,374.3500061035156
2025-11-19,GLD,374.9599914550781,374.9599914550781
2025-11-20,GLD,374.8500061035156,374.8500061035156
2025-11-21,GLD,374.2699890136719,374.2699890136719
2025-11-24,GLD,380.20001220703125,380.20001220703125
2025-11-25,GLD,380.0799865722656,380.0799865722656
2025-11-26,GLD,383.1199951171875,383.1199951171875
2025-11-28,GLD,387.8800048828125,387.8800048828125
2025-12-01,GLD,389.75,389.75
2025-12-02,GLD,387.239990234375,387.239990234375
2025-12-03,GLD,386.8800048828125,386.8800048828125
2025-12-04,GLD,387.1300048828125,387.1300048828125
2025-12-05,GLD,386.44000244140625,386.44000244140625
2025-12-08,GLD,385.4200134277344,385.4200134277344
2025-12-09,GLD,387.3999938964844,387.3999938964844
2025-12-10,GLD,389.04998779296875,389.04998779296875
2025-12-11,GLD,393.239990234375,393.239990234375
2025-12-12,GLD,395.44000244140625,395.44000244140625
2025-12-15,GLD,395.79998779296875,395.79998779296875
2025-12-16,GLD,395.8900146484375,395.8900146484375
2025-12-17,GLD,399.2900085449219,399.2900085449219
2025-12-18,GLD,398.57000732421875,398.57000732421875
2025-12-19,GLD,399.0199890136719,399.0199890136719
2025-12-22,GLD,408.2300109863281,408.2300109863281
2025-12-23,GLD,413.6400146484375,413.6400146484375
2025-12-24,GLD,411.92999267578125,411.92999267578125
2025-12-26,GLD,416.739990234375,416.739990234375
2025-12-29,GLD,398.6000061035156,398.6000061035156
2025-12-30,GLD,398.8900146484375,398.8900146484375
2025-12-31,GLD,396.30999755859375,396.30999755859375
2026-01-02,GLD,398.2799987792969,398.2799987792969
2026-01-05,GLD,408.760009765625,408.760009765625
2026-01-06,GLD,413.17999267578125,413.17999267578125
2026-01-07,GLD,409.2300109863281,409.2300109863281
2026-01-08,GLD,411.489990234375,411.489990234375
2026-01-09,GLD,414.4700012207031,414.4700012207031
2026-01-12,GLD,422.2300109863281,422.2300109863281
2026-01-13,GLD,421.6300048828125,421.6300048828125
2026-01-14,GLD,425.94000244140625,425.94000244140625
2026-01-15,GLD,423.3299865722656,423.3299865722656
2026-01-16,GLD,421.2900085449219,421.2900085449219
2026-01-20,GLD,437.2300109863281,437.2300109863281
2026-01-21,GLD,443.6000061035156,443.6000061035156
2026-01-22,GLD,451.7900085449219,451.7900085449219
2026-01-23,GLD,458,458
2026-01-26,GLD,464.70001220703125,464.70001220703125
2026-01-27,GLD,476.1000061035156,476.1000061035156
2026-01-28,GLD,494.55999755859375,494.55999755859375
2026-01-29,GLD,495.8999938964844,495.8999938964844
2026-01-30,GLD,444.95001220703125,444.95001220703125
2026-02-02,GLD,427.1300048828125,427.1300048828125
2026-02-03,GLD,454.2900085449219,454.2900085449219
2026-02-04,GLD,453.9700012207031,453.9700012207031
2026-02-05,GLD,441.8800048828125,441.8800048828125
2026-02-06,GLD,455.4599914550781,455.4599914550781
2026-02-09,GLD,467.0299987792969,467.0299987792969
2026-02-10,GLD,462.3999938964844,462.3999938964844
2026-02-11,GLD,467.6300048828125,467.6300048828125
2026-02-12,GLD,451.3900146484375,451.3900146484375
2026-02-13,GLD,462.6199951171875,462.6199951171875
2026-02-17,GLD,448.20001220703125,448.20001220703125
2026-02-18,GLD,458.2799987792969,458.2799987792969
2026-02-19,GLD,459.55999755859375,459.55999755859375
2026-02-20,GLD,468.6199951171875,468.6199951171875
2026-02-23,GLD,481.2799987792969,481.2799987792969
2026-02-24,GLD,474.6099853515625,474.6099853515625
2026-02-25,GLD,473.4200134277344,473.4200134277344
2026-02-26,GLD,477.4800109863281,477.4800109863281
2026-02-27,GLD,483.75,483.75
2026-03-02,GLD,490,490
2026-03-03,GLD,468.1400146484375,468.1400146484375
2026-03-04,GLD,471.79998779296875,471.79998779296875
2026-03-05,GLD,466.1300048828125,466.1300048828125
2026-03-06,GLD,473.510009765625,473.510009765625
2026-03-09,GLD,472.5299987792969,472.5299987792969
2026-03-10,GLD,477.8599853515625,477.8599853515625
2026-03-11,GLD,476.239990234375,476.239990234375
2026-03-12,GLD,466.8800048828125,466.8800048828125
2026-03-13,GLD,460.8399963378906,460.8399963378906
2026-03-16,GLD,460.42999267578125,460.42999267578125
2026-03-17,GLD,459.2699890136719,459.2699890136719
2026-03-18,GLD,444.739990234375,444.739990234375
2026-03-19,GLD,426.4100036621094,426.4100036621094
2026-03-20,GLD,413.3800048828125,413.3800048828125
2026-03-23,GLD,404.0400085449219,404.0400085449219
2026-03-24,GLD,404.1300048828125,404.1300048828125
2026-03-25,GLD,416.2900085449219,416.2900085449219
2026-03-26,GLD,400.6400146484375,400.6400146484375
2026-03-27,GLD,414.70001220703125,414.70001220703125
2026-03-30,GLD,414.5799865722656,414.5799865722656
2026-03-31,GLD,430.2900085449219,430.2900085449219
2026-04-01,GLD,437.82000732421875,437.82000732421875
2026-04-02,GLD,429.4100036621094,429.4100036621094
2026-04-06,GLD,427.6499938964844,427.6499938964844
2026-04-07,GLD,431.80999755859375,431.80999755859375
2026-04-08,GLD,434.5299987792969,434.5299987792969
2026-04-09,GLD,437.9100036621094,437.9100036621094
2026-04-10,GLD,437.1300048828125,437.1300048828125
2026-04-13,GLD,435.3599853515625,435.3599853515625
2026-04-14,GLD,445.0899963378906,445.0899963378906
2026-04-15,GLD,440.4599914550781,440.4599914550781
2026-04-16,GLD,440.0799865722656,440.0799865722656
2026-04-17,GLD,445.92999267578125,445.92999267578125
2026-04-20,GLD,442.0899963378906,442.0899963378906
2026-04-21,GLD,429.57000732421875,429.57000732421875
2026-04-22,GLD,435.260009765625,435.260009765625
2026-04-23,GLD,431.0400085449219,431.0400085449219
2026-04-24,GLD,433.25,433.25
2026-04-27,GLD,429.8900146484375,429.8900146484375
2026-04-28,GLD,421.9100036621094,421.9100036621094
2026-04-29,GLD,417.4100036621094,417.4100036621094
2026-04-30,GLD,423.6600036621094,423.6600036621094
2026-05-01,GLD,423.17999267578125,423.17999267578125
2026-05-04,GLD,414.7099914550781,414.7099914550781
2026-05-05,GLD,418.2699890136719,418.2699890136719
2026-05-06,GLD,430.9599914550781,430.9599914550781
2026-05-07,GLD,431.67999267578125,431.67999267578125
2026-05-08,GLD,433.7699890136719,433.7699890136719
2026-05-11,GLD,434.6499938964844,434.6499938964844
2026-05-12,GLD,432.92999267578125,432.92999267578125
2026-05-13,GLD,430.5,430.5
2026-05-14,GLD,427.2099914550781,427.2099914550781
2026-05-15,GLD,417.2900085449219,417.2900085449219
2026-05-18,GLD,418.42999267578125,418.42999267578125
2026-05-19,GLD,411.5,411.5
2026-05-20,GLD,417.3999938964844,417.3999938964844
2026-05-21,GLD,416.989990234375,416.989990234375
2026-05-22,GLD,413.82000732421875,413.82000732421875
2026-05-26,GLD,414,414
2026-05-27,GLD,408.489990234375,408.489990234375
2026-05-28,GLD,412.7699890136719,412.7699890136719
2026-05-29,GLD,417.1199951171875,417.1199951171875
2026-06-01,GLD,411.260009765625,411.260009765625
2026-06-02,GLD,411.95001220703125,411.95001220703125
2026-06-03,GLD,407.8699951171875,407.8699951171875
2026-06-04,GLD,411.2699890136719,411.2699890136719
2026-06-05,GLD,396.239990234375,396.239990234375
2026-06-08,GLD,397.2699890136719,397.2699890136719
2026-06-09,GLD,390.7799987792969,390.7799987792969
2026-06-10,GLD,374.5799865722656,374.5799865722656
2026-06-11,GLD,386.32000732421875,386.32000732421875
2026-06-12,GLD,386.5400085449219,386.5400085449219
2026-06-15,GLD,396.54998779296875,396.54998779296875
2026-06-16,GLD,397.6300048828125,397.6300048828125
2026-06-17,GLD,388.6000061035156,388.6000061035156
2026-06-18,GLD,387.1199951171875,387.1199951171875
2026-06-22,GLD,384.5899963378906,384.5899963378906
2026-06-23,GLD,377.32000732421875,377.32000732421875
2026-06-24,GLD,365.9200134277344,365.9200134277344
2026-06-25,GLD,369.4599914550781,369.4599914550781
2026-06-26,GLD,373.6300048828125,373.6300048828125
2026-06-29,GLD,368.5799865722656,368.5799865722656
2026-06-30,GLD,368.3800048828125,368.3800048828125
2026-07-01,GLD,370.6000061035156,370.6000061035156
2026-07-02,GLD,378.1300048828125,378.1300048828125
2026-07-06,GLD,382.1300048828125,382.1300048828125
2026-07-07,GLD,377.489990234375,377.489990234375
2026-07-08,GLD,374.45001220703125,374.45001220703125
2026-07-09,GLD,378.17999267578125,378.17999267578125
2026-07-10,GLD,377.010009765625,377.010009765625
2026-07-13,GLD,367.1300048828125,367.1300048828125
2026-07-14,GLD,372.1499938964844,372.1499938964844
2026-07-15,GLD,372.3500061035156,372.3500061035156
2026-07-16,GLD,364.9599914550781,364.9599914550781
2026-07-17,GLD,368.4100036621094,368.4100036621094
2026-07-20,GLD,367.6000061035156,367.6000061035156
2026-07-21,GLD,374.80999755859375,374.80999755859375
2026-07-22,GLD,379.1199951171875,379.1199951171875
2026-07-23,GLD,371.5199890136719,371.5199890136719
2026-07-24,GLD,371.8999938964844,371.8999938964844
2026-07-27,GLD,374.6300048828125,374.6300048828125
2026-07-28,GLD,369.3699951171875,369.3699951171875
2026-07-29,GLD,371.0799865722656,371.0799865722656
2026-07-30,GLD,377.1600036621094,377.1600036621094
2026-07-31,GLD,371.5400085449219,371.5400085449219
2026-08-03,GLD,371.7099914550781,371.7099914550781
2026-08-04,GLD,374.1600036621094,374.1600036621094
2026-08-05,GLD,389.6400146484375,389.6400146484375
2026-08-06,GLD,389.6700134277344,389.6700134277344
2026-08-07,GLD,398.4700012207031,398.4700012207031
2026-08-10,GLD,402.5400085449219,402.5400085449219
2026-08-11,GLD,400.9599914550781,400.9599914550781
2026-08-12,GLD,404.9200134277344,404.9200134277344
2026-08-13,GLD,398.9599914550781,398.9599914550781
2026-08-14,GLD,401.4800109863281,401.4800109863281
2026-08-17,GLD,405.489990234375,405.489990234375
2026-08-18,GLD,398.54998779296875,398.54998779296875
2026-08-19,GLD,413.8399963378906,413.8399963378906
2026-08-20,GLD,415.260009765625,415.260009765625
2026-08-21,GLD,423.3599853515625,423.3599853515625
2026-08-24,GLD,426.69000244140625,426.69000244140625
2026-08-25,GLD,428.07000732421875,428.07000732421875
2026-08-26,GLD,421.32000732421875,421.32000732421875
2026-08-27,GLD,422.6000061035156,422.6000061035156
2026-08-28,GLD,408.8900146484375,408.8900146484375
2026-08-31,GLD,408.4200134277344,408.4200134277344
